[debug] [2026-05-27T03:02:05.544Z] ----------------------------------------------------------------------
[debug] [2026-05-27T03:02:05.546Z] Command:       C:\nvm4w\nodejs\node.exe C:\nvm4w\nodejs\node_modules\firebase-tools\lib\bin\firebase.js deploy --only functions
[debug] [2026-05-27T03:02:05.547Z] CLI Version:   15.18.0
[debug] [2026-05-27T03:02:05.547Z] Platform:      win32
[debug] [2026-05-27T03:02:05.547Z] Node Version:  v22.22.1
[debug] [2026-05-27T03:02:05.547Z] Time:          Wed May 27 2026 10:02:05 GMT+0700 (Indochina Time)
[debug] [2026-05-27T03:02:05.547Z] ----------------------------------------------------------------------
[debug] 
[debug] [2026-05-27T03:02:06.654Z] > command requires scopes: ["email","openid","https://www.googleapis.com/auth/cloudplatformprojects.readonly","https://www.googleapis.com/auth/firebase","https://www.googleapis.com/auth/cloud-platform"]
[debug] [2026-05-27T03:02:06.654Z] > authorizing via signed-in user (masbagushebat@gmail.com)
[debug] [2026-05-27T03:02:06.654Z] [iam] checking project reachthesoul-prod for permissions ["cloudfunctions.functions.create","cloudfunctions.functions.delete","cloudfunctions.functions.get","cloudfunctions.functions.list","cloudfunctions.functions.update","cloudfunctions.operations.get","firebase.projects.get"]
[debug] [2026-05-27T03:02:06.655Z] Checked if tokens are valid: true, expires at: 1779854270104
[debug] [2026-05-27T03:02:06.655Z] Checked if tokens are valid: true, expires at: 1779854270104
[debug] [2026-05-27T03:02:06.656Z] >>> [apiv2][query] POST https://cloudresourcemanager.googleapis.com/v1/projects/reachthesoul-prod:testIamPermissions [none]
[debug] [2026-05-27T03:02:06.656Z] >>> [apiv2][(partial)header] POST https://cloudresourcemanager.googleapis.com/v1/projects/reachthesoul-prod:testIamPermissions  x-goog-user-project=reachthesoul-prod
[debug] [2026-05-27T03:02:06.656Z] >>> [apiv2][body] POST https://cloudresourcemanager.googleapis.com/v1/projects/reachthesoul-prod:testIamPermissions {"permissions":["cloudfunctions.functions.create","cloudfunctions.functions.delete","cloudfunctions.functions.get","cloudfunctions.functions.list","cloudfunctions.functions.update","cloudfunctions.operations.get","firebase.projects.get"]}
[debug] [2026-05-27T03:02:08.177Z] <<< [apiv2][status] POST https://cloudresourcemanager.googleapis.com/v1/projects/reachthesoul-prod:testIamPermissions 200
[debug] [2026-05-27T03:02:08.177Z] <<< [apiv2][body] POST https://cloudresourcemanager.googleapis.com/v1/projects/reachthesoul-prod:testIamPermissions {"permissions":["cloudfunctions.functions.create","cloudfunctions.functions.delete","cloudfunctions.functions.get","cloudfunctions.functions.list","cloudfunctions.functions.update","cloudfunctions.operations.get","firebase.projects.get"]}
[debug] [2026-05-27T03:02:08.177Z] Checked if tokens are valid: true, expires at: 1779854270104
[debug] [2026-05-27T03:02:08.177Z] Checked if tokens are valid: true, expires at: 1779854270104
[debug] [2026-05-27T03:02:08.178Z] >>> [apiv2][query] POST https://iam.googleapis.com/v1/projects/reachthesoul-prod/serviceAccounts/reachthesoul-prod@appspot.gserviceaccount.com:testIamPermissions [none]
[debug] [2026-05-27T03:02:08.178Z] >>> [apiv2][body] POST https://iam.googleapis.com/v1/projects/reachthesoul-prod/serviceAccounts/reachthesoul-prod@appspot.gserviceaccount.com:testIamPermissions {"permissions":["iam.serviceAccounts.actAs"]}
[debug] [2026-05-27T03:02:10.294Z] <<< [apiv2][status] POST https://iam.googleapis.com/v1/projects/reachthesoul-prod/serviceAccounts/reachthesoul-prod@appspot.gserviceaccount.com:testIamPermissions 404
[debug] [2026-05-27T03:02:10.294Z] <<< [apiv2][body] POST https://iam.googleapis.com/v1/projects/reachthesoul-prod/serviceAccounts/reachthesoul-prod@appspot.gserviceaccount.com:testIamPermissions {"error":{"code":404,"message":"Unknown service account","status":"NOT_FOUND"}}
[debug] [2026-05-27T03:02:10.295Z] [functions] service account IAM check errored, deploy may fail: Request to https://iam.googleapis.com/v1/projects/reachthesoul-prod/serviceAccounts/reachthesoul-prod@appspot.gserviceaccount.com:testIamPermissions had HTTP Error: 404, Unknown service account {"name":"FirebaseError","children":[],"context":{"body":{"error":{"code":404,"message":"Unknown service account","status":"NOT_FOUND"}},"response":{"statusCode":404}},"exit":1,"message":"Request to https://iam.googleapis.com/v1/projects/reachthesoul-prod/serviceAccounts/reachthesoul-prod@appspot.gserviceaccount.com:testIamPermissions had HTTP Error: 404, Unknown service account","status":404}
[info] 
[info] === Deploying to 'reachthesoul-prod'...
[info] 
[info] i  deploying functions 
[debug] [2026-05-27T03:02:10.298Z] Checked if tokens are valid: true, expires at: 1779854270104
[debug] [2026-05-27T03:02:10.298Z] Checked if tokens are valid: true, expires at: 1779854270104
[debug] [2026-05-27T03:02:10.298Z] >>> [apiv2][query] GET https://cloudresourcemanager.googleapis.com/v1/projects/reachthesoul-prod [none]
[debug] [2026-05-27T03:02:10.589Z] <<< [apiv2][status] GET https://cloudresourcemanager.googleapis.com/v1/projects/reachthesoul-prod 200
[debug] [2026-05-27T03:02:10.589Z] <<< [apiv2][body] GET https://cloudresourcemanager.googleapis.com/v1/projects/reachthesoul-prod {"projectNumber":"211204916402","projectId":"reachthesoul-prod","lifecycleState":"ACTIVE","name":"reachthesoul-prod","labels":{"firebase":"enabled","firebase-core":"disabled"},"createTime":"2026-05-08T05:17:44.680Z"}
[info] i  functions: preparing codebase default for deployment 
[info] i  functions: ensuring required API cloudfunctions.googleapis.com is enabled... 
[info] i  functions: ensuring required API cloudbuild.googleapis.com is enabled... 
[info] i  artifactregistry: ensuring required API artifactregistry.googleapis.com is enabled... 
[debug] [2026-05-27T03:02:10.592Z] Checked if tokens are valid: true, expires at: 1779854270104
[debug] [2026-05-27T03:02:10.592Z] Checked if tokens are valid: true, expires at: 1779854270104
[debug] [2026-05-27T03:02:10.592Z] >>> [apiv2][query] GET https://firebase.googleapis.com/v1beta1/projects/reachthesoul-prod/adminSdkConfig [none]
[debug] [2026-05-27T03:02:11.824Z] <<< [apiv2][status] GET https://firebase.googleapis.com/v1beta1/projects/reachthesoul-prod/adminSdkConfig 200
[debug] [2026-05-27T03:02:11.824Z] <<< [apiv2][body] GET https://firebase.googleapis.com/v1beta1/projects/reachthesoul-prod/adminSdkConfig {"projectId":"reachthesoul-prod","storageBucket":"reachthesoul-prod.firebasestorage.app"}
[debug] [2026-05-27T03:02:11.825Z] Checked if tokens are valid: true, expires at: 1779854270104
[debug] [2026-05-27T03:02:11.825Z] Checked if tokens are valid: true, expires at: 1779854270104
[debug] [2026-05-27T03:02:11.825Z] >>> [apiv2][query] GET https://runtimeconfig.googleapis.com/v1beta1/projects/reachthesoul-prod/configs [none]
[debug] [2026-05-27T03:21:52.360Z] ----------------------------------------------------------------------
[debug] [2026-05-27T03:21:52.362Z] Command:       C:\nvm4w\nodejs\node.exe C:\nvm4w\nodejs\node_modules\firebase-tools\lib\bin\firebase.js deploy --only functions --debug
[debug] [2026-05-27T03:21:52.362Z] CLI Version:   15.18.0
[debug] [2026-05-27T03:21:52.362Z] Platform:      win32
[debug] [2026-05-27T03:21:52.362Z] Node Version:  v22.22.1
[debug] [2026-05-27T03:21:52.363Z] Time:          Wed May 27 2026 10:21:52 GMT+0700 (Indochina Time)
[debug] [2026-05-27T03:21:52.363Z] ----------------------------------------------------------------------
[debug] 
[debug] [2026-05-27T03:21:53.556Z] > command requires scopes: ["email","openid","https://www.googleapis.com/auth/cloudplatformprojects.readonly","https://www.googleapis.com/auth/firebase","https://www.googleapis.com/auth/cloud-platform"]
[debug] [2026-05-27T03:21:53.557Z] > authorizing via signed-in user (masbagushebat@gmail.com)
[debug] [2026-05-27T03:21:53.557Z] [iam] checking project reachthesoul-prod for permissions ["cloudfunctions.functions.create","cloudfunctions.functions.delete","cloudfunctions.functions.get","cloudfunctions.functions.list","cloudfunctions.functions.update","cloudfunctions.operations.get","firebase.projects.get"]
[debug] [2026-05-27T03:21:53.558Z] Checked if tokens are valid: true, expires at: 1779854270104
[debug] [2026-05-27T03:21:53.558Z] Checked if tokens are valid: true, expires at: 1779854270104
[debug] [2026-05-27T03:21:53.559Z] >>> [apiv2][query] POST https://cloudresourcemanager.googleapis.com/v1/projects/reachthesoul-prod:testIamPermissions [none]
[debug] [2026-05-27T03:21:53.559Z] >>> [apiv2][(partial)header] POST https://cloudresourcemanager.googleapis.com/v1/projects/reachthesoul-prod:testIamPermissions  x-goog-user-project=reachthesoul-prod
[debug] [2026-05-27T03:21:53.559Z] >>> [apiv2][body] POST https://cloudresourcemanager.googleapis.com/v1/projects/reachthesoul-prod:testIamPermissions {"permissions":["cloudfunctions.functions.create","cloudfunctions.functions.delete","cloudfunctions.functions.get","cloudfunctions.functions.list","cloudfunctions.functions.update","cloudfunctions.operations.get","firebase.projects.get"]}
[debug] [2026-05-27T03:22:08.106Z] *** [apiv2] error from fetch(https://cloudresourcemanager.googleapis.com/v1/projects/reachthesoul-prod:testIamPermissions, {"headers":{},"method":"POST","body":"{\"permissions\":[\"cloudfunctions.functions.create\",\"cloudfunctions.functions.delete\",\"cloudfunctions.functions.get\",\"cloudfunctions.functions.list\",\"cloudfunctions.functions.update\",\"cloudfunctions.operations.get\",\"firebase.projects.get\"]}"}): FetchError: request to https://cloudresourcemanager.googleapis.com/v1/projects/reachthesoul-prod:testIamPermissions failed, reason: socket hang up
[debug] [2026-05-27T03:22:08.107Z] [iam] error while checking permissions, command may fail: Failed to make request to https://cloudresourcemanager.googleapis.com/v1/projects/reachthesoul-prod:testIamPermissions
[debug] [2026-05-27T03:22:08.107Z] Checked if tokens are valid: true, expires at: 1779854270104
[debug] [2026-05-27T03:22:08.107Z] Checked if tokens are valid: true, expires at: 1779854270104
[debug] [2026-05-27T03:22:08.107Z] >>> [apiv2][query] POST https://iam.googleapis.com/v1/projects/reachthesoul-prod/serviceAccounts/reachthesoul-prod@appspot.gserviceaccount.com:testIamPermissions [none]
[debug] [2026-05-27T03:22:08.107Z] >>> [apiv2][body] POST https://iam.googleapis.com/v1/projects/reachthesoul-prod/serviceAccounts/reachthesoul-prod@appspot.gserviceaccount.com:testIamPermissions {"permissions":["iam.serviceAccounts.actAs"]}
[debug] [2026-05-27T03:22:09.487Z] <<< [apiv2][status] POST https://iam.googleapis.com/v1/projects/reachthesoul-prod/serviceAccounts/reachthesoul-prod@appspot.gserviceaccount.com:testIamPermissions 404
[debug] [2026-05-27T03:22:09.487Z] <<< [apiv2][body] POST https://iam.googleapis.com/v1/projects/reachthesoul-prod/serviceAccounts/reachthesoul-prod@appspot.gserviceaccount.com:testIamPermissions {"error":{"code":404,"message":"Unknown service account","status":"NOT_FOUND"}}
[debug] [2026-05-27T03:22:09.488Z] [functions] service account IAM check errored, deploy may fail: Request to https://iam.googleapis.com/v1/projects/reachthesoul-prod/serviceAccounts/reachthesoul-prod@appspot.gserviceaccount.com:testIamPermissions had HTTP Error: 404, Unknown service account {"name":"FirebaseError","children":[],"context":{"body":{"error":{"code":404,"message":"Unknown service account","status":"NOT_FOUND"}},"response":{"statusCode":404}},"exit":1,"message":"Request to https://iam.googleapis.com/v1/projects/reachthesoul-prod/serviceAccounts/reachthesoul-prod@appspot.gserviceaccount.com:testIamPermissions had HTTP Error: 404, Unknown service account","status":404}
[info] 
[info] === Deploying to 'reachthesoul-prod'...
[info] 
[info] i  deploying functions 
[debug] [2026-05-27T03:22:09.490Z] Checked if tokens are valid: true, expires at: 1779854270104
[debug] [2026-05-27T03:22:09.490Z] Checked if tokens are valid: true, expires at: 1779854270104
[debug] [2026-05-27T03:22:09.490Z] >>> [apiv2][query] GET https://cloudresourcemanager.googleapis.com/v1/projects/reachthesoul-prod [none]
[debug] [2026-05-27T03:22:10.579Z] <<< [apiv2][status] GET https://cloudresourcemanager.googleapis.com/v1/projects/reachthesoul-prod 200
[debug] [2026-05-27T03:22:10.579Z] <<< [apiv2][body] GET https://cloudresourcemanager.googleapis.com/v1/projects/reachthesoul-prod {"projectNumber":"211204916402","projectId":"reachthesoul-prod","lifecycleState":"ACTIVE","name":"reachthesoul-prod","labels":{"firebase":"enabled","firebase-core":"disabled"},"createTime":"2026-05-08T05:17:44.680Z"}
[info] i  functions: preparing codebase default for deployment 
[info] i  functions: ensuring required API cloudfunctions.googleapis.com is enabled... 
[info] i  functions: ensuring required API cloudbuild.googleapis.com is enabled... 
[info] i  artifactregistry: ensuring required API artifactregistry.googleapis.com is enabled... 
[debug] [2026-05-27T03:22:10.582Z] Checked if tokens are valid: true, expires at: 1779854270104
[debug] [2026-05-27T03:22:10.582Z] Checked if tokens are valid: true, expires at: 1779854270104
[debug] [2026-05-27T03:22:10.582Z] >>> [apiv2][query] GET https://firebase.googleapis.com/v1beta1/projects/reachthesoul-prod/adminSdkConfig [none]
[debug] [2026-05-27T03:22:11.408Z] <<< [apiv2][status] GET https://firebase.googleapis.com/v1beta1/projects/reachthesoul-prod/adminSdkConfig 200
[debug] [2026-05-27T03:22:11.408Z] <<< [apiv2][body] GET https://firebase.googleapis.com/v1beta1/projects/reachthesoul-prod/adminSdkConfig {"projectId":"reachthesoul-prod","storageBucket":"reachthesoul-prod.firebasestorage.app"}
[debug] [2026-05-27T03:22:11.408Z] Checked if tokens are valid: true, expires at: 1779854270104
[debug] [2026-05-27T03:22:11.408Z] Checked if tokens are valid: true, expires at: 1779854270104
[debug] [2026-05-27T03:22:11.409Z] >>> [apiv2][query] GET https://runtimeconfig.googleapis.com/v1beta1/projects/reachthesoul-prod/configs [none]
[debug] [2026-05-27T03:22:12.832Z] <<< [apiv2][status] GET https://runtimeconfig.googleapis.com/v1beta1/projects/reachthesoul-prod/configs 200
[debug] [2026-05-27T03:22:12.832Z] <<< [apiv2][body] GET https://runtimeconfig.googleapis.com/v1beta1/projects/reachthesoul-prod/configs {}
[debug] [2026-05-27T03:22:12.834Z] Validating nodejs source
[debug] [2026-05-27T03:22:14.036Z] > [functions] package.json contents: {
  "name": "oms-functions",
  "description": "Firebase Cloud Functions — OMS webhook receivers",
  "scripts": {
    "build": "tsc",
    "serve": "npm run build && firebase emulators:start --only functions",
    "deploy": "firebase deploy --only functions"
  },
  "engines": {
    "node": "22"
  },
  "main": "lib/index.js",
  "dependencies": {
    "firebase-admin": "^13.7.0",
    "firebase-functions": "^7.2.5"
  },
  "devDependencies": {
    "@types/node": "^22.0.0",
    "typescript": "^5.3.0"
  },
  "private": true
}
[debug] [2026-05-27T03:22:14.036Z] Building nodejs source
[info] i  functions: Loading and analyzing source code for codebase default to determine what to deploy 
[debug] [2026-05-27T03:22:14.037Z] Could not find functions.yaml. Must use http discovery
[debug] [2026-05-27T03:22:14.043Z] Found firebase-functions binary at 'D:\REACH THE SOUL\reachthesoul-ready\reachthesoul\functions\node_modules\.bin\firebase-functions'
[info] Serving at port 8227

[debug] [2026-05-27T03:22:19.220Z] Got response from /__/functions.yaml {"endpoints":{"cleanupExpiredOrgData":{"availableMemoryMb":null,"timeoutSeconds":null,"minInstances":null,"maxInstances":null,"ingressSettings":null,"concurrency":null,"serviceAccountEmail":null,"vpc":null,"platform":"gcfv2","region":["asia-southeast1"],"labels":{},"scheduleTrigger":{"schedule":"0 3 * * *","retryConfig":{},"timeZone":"Asia/Jakarta"},"entryPoint":"cleanupExpiredOrgData"},"onMessageCreated":{"availableMemoryMb":null,"timeoutSeconds":null,"minInstances":null,"maxInstances":null,"ingressSettings":null,"concurrency":null,"serviceAccountEmail":null,"vpc":null,"platform":"gcfv2","region":["asia-southeast1"],"labels":{},"eventTrigger":{"eventType":"google.cloud.firestore.document.v1.created","eventFilters":{"database":"(default)","namespace":"(default)"},"eventFilterPathPatterns":{"document":"tickets/{ticketId}/messages/{messageId}"},"retry":false},"entryPoint":"onMessageCreated"},"webhookWhatsapp":{"availableMemoryMb":null,"timeoutSeconds":null,"minInstances":null,"maxInstances":null,"ingressSettings":null,"concurrency":null,"serviceAccountEmail":null,"vpc":null,"platform":"gcfv2","region":["asia-southeast1"],"labels":{},"httpsTrigger":{},"entryPoint":"webhookWhatsapp"},"webhookFonnte":{"availableMemoryMb":null,"timeoutSeconds":null,"minInstances":null,"maxInstances":null,"ingressSettings":null,"concurrency":null,"serviceAccountEmail":null,"vpc":null,"platform":"gcfv2","region":["asia-southeast1"],"labels":{},"httpsTrigger":{},"entryPoint":"webhookFonnte"},"webhookInstagram":{"availableMemoryMb":null,"timeoutSeconds":null,"minInstances":null,"maxInstances":null,"ingressSettings":null,"concurrency":null,"serviceAccountEmail":null,"vpc":null,"platform":"gcfv2","region":["asia-southeast1"],"labels":{},"httpsTrigger":{},"entryPoint":"webhookInstagram"},"webhookFacebook":{"availableMemoryMb":null,"timeoutSeconds":null,"minInstances":null,"maxInstances":null,"ingressSettings":null,"concurrency":null,"serviceAccountEmail":null,"vpc":null,"platform":"gcfv2","region":["asia-southeast1"],"labels":{},"httpsTrigger":{},"entryPoint":"webhookFacebook"},"webhookCall":{"availableMemoryMb":null,"timeoutSeconds":null,"minInstances":null,"maxInstances":null,"ingressSettings":null,"concurrency":null,"serviceAccountEmail":null,"vpc":null,"platform":"gcfv2","region":["asia-southeast1"],"labels":{},"httpsTrigger":{},"entryPoint":"webhookCall"},"onRespondentMessage":{"availableMemoryMb":null,"timeoutSeconds":60,"minInstances":null,"maxInstances":null,"ingressSettings":null,"concurrency":null,"serviceAccountEmail":null,"vpc":null,"platform":"gcfv2","region":["asia-southeast1"],"labels":{},"eventTrigger":{"eventType":"google.cloud.firestore.document.v1.created","eventFilters":{"database":"(default)","namespace":"(default)"},"eventFilterPathPatterns":{"document":"tickets/{ticketId}/messages/{messageId}"},"retry":false},"entryPoint":"onRespondentMessage"}},"specVersion":"v1alpha1","requiredAPIs":[{"api":"cloudscheduler.googleapis.com","reason":"Needed for scheduled functions."}],"extensions":{}}
[debug] [2026-05-27T03:22:23.260Z] Checked if tokens are valid: true, expires at: 1779854270104
[debug] [2026-05-27T03:22:23.260Z] Checked if tokens are valid: true, expires at: 1779854270104
[debug] [2026-05-27T03:22:23.260Z] >>> [apiv2][query] GET https://cloudfunctions.googleapis.com/v1/projects/reachthesoul-prod/locations/-/functions [none]
[debug] [2026-05-27T03:22:28.020Z] <<< [apiv2][status] GET https://cloudfunctions.googleapis.com/v1/projects/reachthesoul-prod/locations/-/functions 200
[debug] [2026-05-27T03:22:28.020Z] <<< [apiv2][body] GET https://cloudfunctions.googleapis.com/v1/projects/reachthesoul-prod/locations/-/functions {}
[debug] [2026-05-27T03:22:28.021Z] Checked if tokens are valid: true, expires at: 1779854270104
[debug] [2026-05-27T03:22:28.021Z] Checked if tokens are valid: true, expires at: 1779854270104
[debug] [2026-05-27T03:22:28.022Z] >>> [apiv2][query] GET https://cloudfunctions.googleapis.com/v2/projects/reachthesoul-prod/locations/-/functions filter=environment%3D%22GEN_2%22
[debug] [2026-05-27T03:22:29.733Z] <<< [apiv2][status] GET https://cloudfunctions.googleapis.com/v2/projects/reachthesoul-prod/locations/-/functions 200
[debug] [2026-05-27T03:22:29.733Z] <<< [apiv2][body] GET https://cloudfunctions.googleapis.com/v2/projects/reachthesoul-prod/locations/-/functions {"functions":[{"name":"projects/reachthesoul-prod/locations/asia-southeast1/functions/webhookFacebook","buildConfig":{"build":"projects/211204916402/locations/asia-southeast1/builds/0d2d9b50-c6f0-4d3a-9298-9649bb1c2a92","runtime":"nodejs22","entryPoint":"webhookFacebook","source":{"storageSource":{"bucket":"gcf-v2-sources-211204916402-asia-southeast1","object":"webhookFacebook/function-source.zip","generation":"1778844573427234"}},"environmentVariables":{"GOOGLE_NODE_RUN_SCRIPTS":""},"dockerRepository":"projects/reachthesoul-prod/locations/asia-southeast1/repositories/gcf-artifacts","sourceProvenance":{"resolvedStorageSource":{"bucket":"gcf-v2-sources-211204916402-asia-southeast1","object":"webhookFacebook/function-source.zip","generation":"1778844573427234"}},"dockerRegistry":"ARTIFACT_REGISTRY","serviceAccount":"projects/reachthesoul-prod/serviceAccounts/211204916402-compute@developer.gserviceaccount.com","automaticUpdatePolicy":{}},"serviceConfig":{"service":"projects/reachthesoul-prod/locations/asia-southeast1/services/webhookfacebook","timeoutSeconds":60,"environmentVariables":{"FIREBASE_CONFIG":"{\"projectId\":\"reachthesoul-prod\",\"storageBucket\":\"reachthesoul-prod.firebasestorage.app\"}","GCLOUD_PROJECT":"reachthesoul-prod","EVENTARC_CLOUD_EVENT_SOURCE":"projects/reachthesoul-prod/locations/asia-southeast1/services/webhookFacebook","FUNCTION_TARGET":"webhookFacebook","LOG_EXECUTION_ID":"true","FUNCTION_SIGNATURE_TYPE":"http"},"maxInstanceCount":20,"ingressSettings":"ALLOW_ALL","uri":"https://webhookfacebook-6ue3udhyaq-as.a.run.app","serviceAccountEmail":"211204916402-compute@developer.gserviceaccount.com","availableMemory":"256Mi","allTrafficOnLatestRevision":true,"revision":"webhookfacebook-00013-yac","maxInstanceRequestConcurrency":80,"availableCpu":"1"},"state":"ACTIVE","updateTime":"2026-05-15T11:29:41.501382968Z","labels":{"deployment-tool":"cli-firebase","firebase-functions-hash":"ac43d9c5757fa9853f2fc52ec097b3db4cb56777"},"environment":"GEN_2","url":"https://asia-southeast1-reachthesoul-prod.cloudfunctions.net/webhookFacebook","satisfiesPzs":true,"createTime":"2026-05-08T07:20:56.763352150Z","satisfiesPzi":true},{"name":"projects/reachthesoul-prod/locations/asia-southeast1/functions/webhookWhatsapp","buildConfig":{"build":"projects/211204916402/locations/asia-southeast1/builds/0d2d9b50-c6f0-4d3a-9298-9649bb1c2a92","runtime":"nodejs22","entryPoint":"webhookWhatsapp","source":{"storageSource":{"bucket":"gcf-v2-sources-211204916402-asia-southeast1","object":"webhookWhatsapp/function-source.zip","generation":"1778844573025903"}},"environmentVariables":{"GOOGLE_NODE_RUN_SCRIPTS":""},"dockerRepository":"projects/reachthesoul-prod/locations/asia-southeast1/repositories/gcf-artifacts","sourceProvenance":{"resolvedStorageSource":{"bucket":"gcf-v2-sources-211204916402-asia-southeast1","object":"webhookWhatsapp/function-source.zip","generation":"1778844573025903"}},"dockerRegistry":"ARTIFACT_REGISTRY","serviceAccount":"projects/reachthesoul-prod/serviceAccounts/211204916402-compute@developer.gserviceaccount.com","automaticUpdatePolicy":{}},"serviceConfig":{"service":"projects/reachthesoul-prod/locations/asia-southeast1/services/webhookwhatsapp","timeoutSeconds":60,"environmentVariables":{"FIREBASE_CONFIG":"{\"projectId\":\"reachthesoul-prod\",\"storageBucket\":\"reachthesoul-prod.firebasestorage.app\"}","GCLOUD_PROJECT":"reachthesoul-prod","EVENTARC_CLOUD_EVENT_SOURCE":"projects/reachthesoul-prod/locations/asia-southeast1/services/webhookWhatsapp","FUNCTION_TARGET":"webhookWhatsapp","LOG_EXECUTION_ID":"true","FUNCTION_SIGNATURE_TYPE":"http"},"maxInstanceCount":20,"ingressSettings":"ALLOW_ALL","uri":"https://webhookwhatsapp-6ue3udhyaq-as.a.run.app","serviceAccountEmail":"211204916402-compute@developer.gserviceaccount.com","availableMemory":"256Mi","allTrafficOnLatestRevision":true,"revision":"webhookwhatsapp-00013-qoj","maxInstanceRequestConcurrency":80,"availableCpu":"1"},"state":"ACTIVE","updateTime":"2026-05-15T11:29:41.285816645Z","labels":{"deployment-tool":"cli-firebase","firebase-functions-hash":"ac43d9c5757fa9853f2fc52ec097b3db4cb56777"},"environment":"GEN_2","url":"https://asia-southeast1-reachthesoul-prod.cloudfunctions.net/webhookWhatsapp","satisfiesPzs":true,"createTime":"2026-05-08T07:20:56.657950071Z","satisfiesPzi":true},{"name":"projects/reachthesoul-prod/locations/asia-southeast1/functions/webhookInstagram","buildConfig":{"build":"projects/211204916402/locations/asia-southeast1/builds/0d2d9b50-c6f0-4d3a-9298-9649bb1c2a92","runtime":"nodejs22","entryPoint":"webhookInstagram","source":{"storageSource":{"bucket":"gcf-v2-sources-211204916402-asia-southeast1","object":"webhookInstagram/function-source.zip","generation":"1778844573176425"}},"environmentVariables":{"GOOGLE_NODE_RUN_SCRIPTS":""},"dockerRepository":"projects/reachthesoul-prod/locations/asia-southeast1/repositories/gcf-artifacts","sourceProvenance":{"resolvedStorageSource":{"bucket":"gcf-v2-sources-211204916402-asia-southeast1","object":"webhookInstagram/function-source.zip","generation":"1778844573176425"}},"dockerRegistry":"ARTIFACT_REGISTRY","serviceAccount":"projects/reachthesoul-prod/serviceAccounts/211204916402-compute@developer.gserviceaccount.com","automaticUpdatePolicy":{}},"serviceConfig":{"service":"projects/reachthesoul-prod/locations/asia-southeast1/services/webhookinstagram","timeoutSeconds":60,"environmentVariables":{"FIREBASE_CONFIG":"{\"projectId\":\"reachthesoul-prod\",\"storageBucket\":\"reachthesoul-prod.firebasestorage.app\"}","GCLOUD_PROJECT":"reachthesoul-prod","EVENTARC_CLOUD_EVENT_SOURCE":"projects/reachthesoul-prod/locations/asia-southeast1/services/webhookInstagram","FUNCTION_TARGET":"webhookInstagram","LOG_EXECUTION_ID":"true","FUNCTION_SIGNATURE_TYPE":"http"},"maxInstanceCount":20,"ingressSettings":"ALLOW_ALL","uri":"https://webhookinstagram-6ue3udhyaq-as.a.run.app","serviceAccountEmail":"211204916402-compute@developer.gserviceaccount.com","availableMemory":"256Mi","allTrafficOnLatestRevision":true,"revision":"webhookinstagram-00013-sim","maxInstanceRequestConcurrency":80,"availableCpu":"1"},"state":"ACTIVE","updateTime":"2026-05-15T11:29:41.699827897Z","labels":{"deployment-tool":"cli-firebase","firebase-functions-hash":"ac43d9c5757fa9853f2fc52ec097b3db4cb56777"},"environment":"GEN_2","url":"https://asia-southeast1-reachthesoul-prod.cloudfunctions.net/webhookInstagram","satisfiesPzs":true,"createTime":"2026-05-08T07:20:56.780846490Z","satisfiesPzi":true},{"name":"projects/reachthesoul-prod/locations/asia-southeast1/functions/onRespondentMessage","buildConfig":{"build":"projects/211204916402/locations/asia-southeast1/builds/0d2d9b50-c6f0-4d3a-9298-9649bb1c2a92","runtime":"nodejs22","entryPoint":"onRespondentMessage","source":{"storageSource":{"bucket":"gcf-v2-sources-211204916402-asia-southeast1","object":"onRespondentMessage/function-source.zip","generation":"1778844573772210"}},"environmentVariables":{"GOOGLE_NODE_RUN_SCRIPTS":""},"dockerRepository":"projects/reachthesoul-prod/locations/asia-southeast1/repositories/gcf-artifacts","sourceProvenance":{"resolvedStorageSource":{"bucket":"gcf-v2-sources-211204916402-asia-southeast1","object":"onRespondentMessage/function-source.zip","generation":"1778844573772210"}},"dockerRegistry":"ARTIFACT_REGISTRY","serviceAccount":"projects/reachthesoul-prod/serviceAccounts/211204916402-compute@developer.gserviceaccount.com","automaticUpdatePolicy":{}},"serviceConfig":{"service":"projects/reachthesoul-prod/locations/asia-southeast1/services/onrespondentmessage","timeoutSeconds":60,"environmentVariables":{"FIREBASE_CONFIG":"{\"projectId\":\"reachthesoul-prod\",\"storageBucket\":\"reachthesoul-prod.firebasestorage.app\"}","GCLOUD_PROJECT":"reachthesoul-prod","EVENTARC_CLOUD_EVENT_SOURCE":"projects/reachthesoul-prod/locations/asia-southeast1/services/onRespondentMessage","FUNCTION_SIGNATURE_TYPE":"cloudevent","FUNCTION_TARGET":"onRespondentMessage","LOG_EXECUTION_ID":"true"},"maxInstanceCount":20,"ingressSettings":"ALLOW_ALL","uri":"https://onrespondentmessage-6ue3udhyaq-as.a.run.app","serviceAccountEmail":"211204916402-compute@developer.gserviceaccount.com","availableMemory":"256Mi","allTrafficOnLatestRevision":true,"revision":"onrespondentmessage-00013-rab","maxInstanceRequestConcurrency":80,"availableCpu":"1"},"eventTrigger":{"trigger":"projects/reachthesoul-prod/locations/asia-southeast1/triggers/onrespondentmessage-242121","triggerRegion":"asia-southeast1","eventType":"google.cloud.firestore.document.v1.created","eventFilters":[{"attribute":"database","value":"(default)"},{"attribute":"namespace","value":"(default)"},{"attribute":"document","value":"tickets/{ticketId}/messages/{messageId}","operator":"match-path-pattern"}],"pubsubTopic":"projects/reachthesoul-prod/topics/eventarc-asia-southeast1-onrespondentmessage-242121-914","serviceAccountEmail":"211204916402-compute@developer.gserviceaccount.com","retryPolicy":"RETRY_POLICY_DO_NOT_RETRY"},"state":"ACTIVE","updateTime":"2026-05-15T11:29:41.787234354Z","labels":{"deployment-tool":"cli-firebase","firebase-functions-hash":"ac43d9c5757fa9853f2fc52ec097b3db4cb56777"},"environment":"GEN_2","url":"https://asia-southeast1-reachthesoul-prod.cloudfunctions.net/onRespondentMessage","satisfiesPzs":true,"createTime":"2026-05-08T07:23:39.075354939Z","satisfiesPzi":true},{"name":"projects/reachthesoul-prod/locations/asia-southeast1/functions/webhookCall","buildConfig":{"build":"projects/211204916402/locations/asia-southeast1/builds/0d2d9b50-c6f0-4d3a-9298-9649bb1c2a92","runtime":"nodejs22","entryPoint":"webhookCall","source":{"storageSource":{"bucket":"gcf-v2-sources-211204916402-asia-southeast1","object":"webhookCall/function-source.zip","generation":"1778844573476764"}},"environmentVariables":{"GOOGLE_NODE_RUN_SCRIPTS":""},"dockerRepository":"projects/reachthesoul-prod/locations/asia-southeast1/repositories/gcf-artifacts","sourceProvenance":{"resolvedStorageSource":{"bucket":"gcf-v2-sources-211204916402-asia-southeast1","object":"webhookCall/function-source.zip","generation":"1778844573476764"}},"dockerRegistry":"ARTIFACT_REGISTRY","serviceAccount":"projects/reachthesoul-prod/serviceAccounts/211204916402-compute@developer.gserviceaccount.com","automaticUpdatePolicy":{}},"serviceConfig":{"service":"projects/reachthesoul-prod/locations/asia-southeast1/services/webhookcall","timeoutSeconds":60,"environmentVariables":{"FIREBASE_CONFIG":"{\"projectId\":\"reachthesoul-prod\",\"storageBucket\":\"reachthesoul-prod.firebasestorage.app\"}","GCLOUD_PROJECT":"reachthesoul-prod","EVENTARC_CLOUD_EVENT_SOURCE":"projects/reachthesoul-prod/locations/asia-southeast1/services/webhookCall","FUNCTION_TARGET":"webhookCall","LOG_EXECUTION_ID":"true","FUNCTION_SIGNATURE_TYPE":"http"},"maxInstanceCount":20,"ingressSettings":"ALLOW_ALL","uri":"https://webhookcall-6ue3udhyaq-as.a.run.app","serviceAccountEmail":"211204916402-compute@developer.gserviceaccount.com","availableMemory":"256Mi","allTrafficOnLatestRevision":true,"revision":"webhookcall-00013-nil","maxInstanceRequestConcurrency":80,"availableCpu":"1"},"state":"ACTIVE","updateTime":"2026-05-15T11:29:40.988882994Z","labels":{"deployment-tool":"cli-firebase","firebase-functions-hash":"ac43d9c5757fa9853f2fc52ec097b3db4cb56777"},"environment":"GEN_2","url":"https://asia-southeast1-reachthesoul-prod.cloudfunctions.net/webhookCall","satisfiesPzs":true,"createTime":"2026-05-08T07:20:56.876287755Z","satisfiesPzi":true},{"name":"projects/reachthesoul-prod/locations/asia-southeast1/functions/onMessageCreated","buildConfig":{"build":"projects/211204916402/locations/asia-southeast1/builds/0d2d9b50-c6f0-4d3a-9298-9649bb1c2a92","runtime":"nodejs22","entryPoint":"onMessageCreated","source":{"storageSource":{"bucket":"gcf-v2-sources-211204916402-asia-southeast1","object":"onMessageCreated/function-source.zip","generation":"1778844507711445"}},"environmentVariables":{"GOOGLE_NODE_RUN_SCRIPTS":""},"dockerRepository":"projects/reachthesoul-prod/locations/asia-southeast1/repositories/gcf-artifacts","sourceProvenance":{"resolvedStorageSource":{"bucket":"gcf-v2-sources-211204916402-asia-southeast1","object":"onMessageCreated/function-source.zip","generation":"1778844507711445"}},"dockerRegistry":"ARTIFACT_REGISTRY","serviceAccount":"projects/reachthesoul-prod/serviceAccounts/211204916402-compute@developer.gserviceaccount.com","automaticUpdatePolicy":{}},"serviceConfig":{"service":"projects/reachthesoul-prod/locations/asia-southeast1/services/onmessagecreated","timeoutSeconds":60,"environmentVariables":{"FIREBASE_CONFIG":"{\"projectId\":\"reachthesoul-prod\",\"storageBucket\":\"reachthesoul-prod.firebasestorage.app\"}","GCLOUD_PROJECT":"reachthesoul-prod","EVENTARC_CLOUD_EVENT_SOURCE":"projects/reachthesoul-prod/locations/asia-southeast1/services/onMessageCreated","FUNCTION_SIGNATURE_TYPE":"cloudevent","FUNCTION_TARGET":"onMessageCreated","LOG_EXECUTION_ID":"true"},"maxInstanceCount":20,"ingressSettings":"ALLOW_ALL","uri":"https://onmessagecreated-6ue3udhyaq-as.a.run.app","serviceAccountEmail":"211204916402-compute@developer.gserviceaccount.com","availableMemory":"256Mi","allTrafficOnLatestRevision":true,"revision":"onmessagecreated-00013-haj","maxInstanceRequestConcurrency":80,"availableCpu":"1"},"eventTrigger":{"trigger":"projects/reachthesoul-prod/locations/asia-southeast1/triggers/onmessagecreated-809731","triggerRegion":"asia-southeast1","eventType":"google.cloud.firestore.document.v1.created","eventFilters":[{"attribute":"namespace","value":"(default)"},{"attribute":"document","value":"tickets/{ticketId}/messages/{messageId}","operator":"match-path-pattern"},{"attribute":"database","value":"(default)"}],"pubsubTopic":"projects/reachthesoul-prod/topics/eventarc-asia-southeast1-onmessagecreated-809731-464","serviceAccountEmail":"211204916402-compute@developer.gserviceaccount.com","retryPolicy":"RETRY_POLICY_DO_NOT_RETRY"},"state":"ACTIVE","updateTime":"2026-05-15T11:29:37.016040226Z","labels":{"deployment-tool":"cli-firebase","firebase-functions-hash":"ac43d9c5757fa9853f2fc52ec097b3db4cb56777"},"environment":"GEN_2","url":"https://asia-southeast1-reachthesoul-prod.cloudfunctions.net/onMessageCreated","satisfiesPzs":true,"createTime":"2026-05-08T07:22:41.088302221Z","satisfiesPzi":true},{"name":"projects/reachthesoul-prod/locations/asia-southeast1/functions/webhookFonnte","buildConfig":{"build":"projects/211204916402/locations/asia-southeast1/builds/0d2d9b50-c6f0-4d3a-9298-9649bb1c2a92","runtime":"nodejs22","entryPoint":"webhookFonnte","source":{"storageSource":{"bucket":"gcf-v2-sources-211204916402-asia-southeast1","object":"webhookFonnte/function-source.zip","generation":"1778844573162688"}},"environmentVariables":{"GOOGLE_NODE_RUN_SCRIPTS":""},"dockerRepository":"projects/reachthesoul-prod/locations/asia-southeast1/repositories/gcf-artifacts","sourceProvenance":{"resolvedStorageSource":{"bucket":"gcf-v2-sources-211204916402-asia-southeast1","object":"webhookFonnte/function-source.zip","generation":"1778844573162688"}},"dockerRegistry":"ARTIFACT_REGISTRY","serviceAccount":"projects/reachthesoul-prod/serviceAccounts/211204916402-compute@developer.gserviceaccount.com","automaticUpdatePolicy":{}},"serviceConfig":{"service":"projects/reachthesoul-prod/locations/asia-southeast1/services/webhookfonnte","timeoutSeconds":60,"environmentVariables":{"FIREBASE_CONFIG":"{\"projectId\":\"reachthesoul-prod\",\"storageBucket\":\"reachthesoul-prod.firebasestorage.app\"}","GCLOUD_PROJECT":"reachthesoul-prod","EVENTARC_CLOUD_EVENT_SOURCE":"projects/reachthesoul-prod/locations/asia-southeast1/services/webhookFonnte","FUNCTION_TARGET":"webhookFonnte","LOG_EXECUTION_ID":"true","FUNCTION_SIGNATURE_TYPE":"http"},"maxInstanceCount":20,"ingressSettings":"ALLOW_ALL","uri":"https://webhookfonnte-6ue3udhyaq-as.a.run.app","serviceAccountEmail":"211204916402-compute@developer.gserviceaccount.com","availableMemory":"256Mi","allTrafficOnLatestRevision":true,"revision":"webhookfonnte-00013-xof","maxInstanceRequestConcurrency":80,"availableCpu":"1"},"state":"ACTIVE","updateTime":"2026-05-15T11:29:40.929967547Z","labels":{"deployment-tool":"cli-firebase","firebase-functions-hash":"ac43d9c5757fa9853f2fc52ec097b3db4cb56777"},"environment":"GEN_2","url":"https://asia-southeast1-reachthesoul-prod.cloudfunctions.net/webhookFonnte","satisfiesPzs":true,"createTime":"2026-05-08T07:20:56.756998156Z","satisfiesPzi":true}]}
[info] i  extensions: ensuring required API firebaseextensions.googleapis.com is enabled... 
[debug] [2026-05-27T03:22:29.735Z] > command requires scopes: ["email","openid","https://www.googleapis.com/auth/cloudplatformprojects.readonly","https://www.googleapis.com/auth/firebase","https://www.googleapis.com/auth/cloud-platform"]
[debug] [2026-05-27T03:22:29.735Z] > authorizing via signed-in user (masbagushebat@gmail.com)
[debug] [2026-05-27T03:22:29.735Z] [iam] checking project reachthesoul-prod for permissions ["firebase.projects.get","firebaseextensions.instances.list"]
[debug] [2026-05-27T03:22:29.735Z] Checked if tokens are valid: true, expires at: 1779854270104
[debug] [2026-05-27T03:22:29.735Z] Checked if tokens are valid: true, expires at: 1779854270104
[debug] [2026-05-27T03:22:29.735Z] >>> [apiv2][query] POST https://cloudresourcemanager.googleapis.com/v1/projects/reachthesoul-prod:testIamPermissions [none]
[debug] [2026-05-27T03:22:29.735Z] >>> [apiv2][(partial)header] POST https://cloudresourcemanager.googleapis.com/v1/projects/reachthesoul-prod:testIamPermissions  x-goog-user-project=reachthesoul-prod
[debug] [2026-05-27T03:22:29.735Z] >>> [apiv2][body] POST https://cloudresourcemanager.googleapis.com/v1/projects/reachthesoul-prod:testIamPermissions {"permissions":["firebase.projects.get","firebaseextensions.instances.list"]}
[debug] [2026-05-27T03:22:32.481Z] <<< [apiv2][status] POST https://cloudresourcemanager.googleapis.com/v1/projects/reachthesoul-prod:testIamPermissions 200
[debug] [2026-05-27T03:22:32.481Z] <<< [apiv2][body] POST https://cloudresourcemanager.googleapis.com/v1/projects/reachthesoul-prod:testIamPermissions {"permissions":["firebase.projects.get","firebaseextensions.instances.list"]}
[debug] [2026-05-27T03:22:32.482Z] Checked if tokens are valid: true, expires at: 1779854270104
[debug] [2026-05-27T03:22:32.482Z] Checked if tokens are valid: true, expires at: 1779854270104
[debug] [2026-05-27T03:22:32.483Z] >>> [apiv2][query] GET https://firebaseextensions.googleapis.com/v1beta/projects/reachthesoul-prod/instances pageSize=100&pageToken=
[debug] [2026-05-27T03:22:34.281Z] <<< [apiv2][status] GET https://firebaseextensions.googleapis.com/v1beta/projects/reachthesoul-prod/instances 200
[debug] [2026-05-27T03:22:34.281Z] <<< [apiv2][body] GET https://firebaseextensions.googleapis.com/v1beta/projects/reachthesoul-prod/instances {}
[info] i  functions: preparing functions directory for uploading... 
[info] i  functions: packaged D:\REACH THE SOUL\reachthesoul-ready\reachthesoul\functions (77.4 KB) for uploading 
[debug] [2026-05-27T03:22:34.332Z] Checked if tokens are valid: true, expires at: 1779854270104
[debug] [2026-05-27T03:22:34.332Z] Checked if tokens are valid: true, expires at: 1779854270104
[debug] [2026-05-27T03:22:34.332Z] >>> [apiv2][query] GET https://firestore.googleapis.com/v1/projects/reachthesoul-prod/databases/(default) [none]
[debug] [2026-05-27T03:22:41.563Z] <<< [apiv2][status] GET https://firestore.googleapis.com/v1/projects/reachthesoul-prod/databases/(default) 200
[debug] [2026-05-27T03:22:41.563Z] <<< [apiv2][body] GET https://firestore.googleapis.com/v1/projects/reachthesoul-prod/databases/(default) {"name":"projects/reachthesoul-prod/databases/(default)","uid":"9bd341bc-1363-43fa-a6b7-f8091db10c92","createTime":"2026-05-08T05:19:21.854006Z","updateTime":"2026-05-08T05:19:21.854006Z","locationId":"asia-southeast1","type":"FIRESTORE_NATIVE","concurrencyMode":"PESSIMISTIC","versionRetentionPeriod":"3600s","earliestVersionTime":"2026-05-27T02:22:41.601456Z","appEngineIntegrationMode":"DISABLED","keyPrefix":"zas","pointInTimeRecoveryEnablement":"POINT_IN_TIME_RECOVERY_DISABLED","deleteProtectionState":"DELETE_PROTECTION_DISABLED","databaseEdition":"STANDARD","freeTier":true,"realtimeUpdatesMode":"REALTIME_UPDATES_MODE_ENABLED","etag":"IJeZ4f7B2JQDMOKDuJyRqZQD"}
[info] i  functions: ensuring required API cloudscheduler.googleapis.com is enabled... 
[debug] [2026-05-27T03:22:41.565Z] Checked if tokens are valid: true, expires at: 1779854270104
[debug] [2026-05-27T03:22:41.565Z] Checked if tokens are valid: true, expires at: 1779854270104
[debug] [2026-05-27T03:22:41.565Z] >>> [apiv2][query] GET https://serviceusage.googleapis.com/v1/projects/211204916402/services/cloudscheduler.googleapis.com [none]
[debug] [2026-05-27T03:22:41.565Z] >>> [apiv2][(partial)header] GET https://serviceusage.googleapis.com/v1/projects/211204916402/services/cloudscheduler.googleapis.com  x-goog-user-project=211204916402
[debug] [2026-05-27T03:22:43.807Z] <<< [apiv2][status] GET https://serviceusage.googleapis.com/v1/projects/211204916402/services/cloudscheduler.googleapis.com 200
[debug] [2026-05-27T03:22:43.807Z] <<< [apiv2][body] GET https://serviceusage.googleapis.com/v1/projects/211204916402/services/cloudscheduler.googleapis.com [omitted]
[info] +  functions: required API cloudscheduler.googleapis.com is enabled 
[info] i  functions: ensuring required API run.googleapis.com is enabled... 
[info] i  functions: ensuring required API eventarc.googleapis.com is enabled... 
[info] i  functions: ensuring required API pubsub.googleapis.com is enabled... 
[info] i  functions: ensuring required API storage.googleapis.com is enabled... 
[info] i  functions: generating the service identity for pubsub.googleapis.com... 
[debug] [2026-05-27T03:22:43.814Z] Checked if tokens are valid: true, expires at: 1779854270104
[debug] [2026-05-27T03:22:43.814Z] Checked if tokens are valid: true, expires at: 1779854270104
[info] i  functions: generating the service identity for eventarc.googleapis.com... 
[debug] [2026-05-27T03:22:43.814Z] Checked if tokens are valid: true, expires at: 1779854270104
[debug] [2026-05-27T03:22:43.814Z] Checked if tokens are valid: true, expires at: 1779854270104
[debug] [2026-05-27T03:22:43.815Z] >>> [apiv2][query] POST https://serviceusage.googleapis.com/v1beta1/projects/211204916402/services/pubsub.googleapis.com:generateServiceIdentity [none]
[debug] [2026-05-27T03:22:43.815Z] >>> [apiv2][(partial)header] POST https://serviceusage.googleapis.com/v1beta1/projects/211204916402/services/pubsub.googleapis.com:generateServiceIdentity  x-goog-user-project=211204916402
[debug] [2026-05-27T03:22:43.815Z] >>> [apiv2][body] POST https://serviceusage.googleapis.com/v1beta1/projects/211204916402/services/pubsub.googleapis.com:generateServiceIdentity {}
[debug] [2026-05-27T03:22:43.815Z] >>> [apiv2][query] POST https://serviceusage.googleapis.com/v1beta1/projects/211204916402/services/eventarc.googleapis.com:generateServiceIdentity [none]
[debug] [2026-05-27T03:22:43.815Z] >>> [apiv2][(partial)header] POST https://serviceusage.googleapis.com/v1beta1/projects/211204916402/services/eventarc.googleapis.com:generateServiceIdentity  x-goog-user-project=211204916402
[debug] [2026-05-27T03:22:43.815Z] >>> [apiv2][body] POST https://serviceusage.googleapis.com/v1beta1/projects/211204916402/services/eventarc.googleapis.com:generateServiceIdentity {}
[debug] [2026-05-27T03:23:02.888Z] ----------------------------------------------------------------------
[debug] [2026-05-27T03:23:02.890Z] Command:       C:\nvm4w\nodejs\node.exe C:\nvm4w\nodejs\node_modules\firebase-tools\lib\bin\firebase.js deploy --only functions --debug
[debug] [2026-05-27T03:23:02.891Z] CLI Version:   15.18.0
[debug] [2026-05-27T03:23:02.891Z] Platform:      win32
[debug] [2026-05-27T03:23:02.891Z] Node Version:  v22.22.1
[debug] [2026-05-27T03:23:02.891Z] Time:          Wed May 27 2026 10:23:02 GMT+0700 (Indochina Time)
[debug] [2026-05-27T03:23:02.891Z] ----------------------------------------------------------------------
[debug] 
[debug] [2026-05-27T03:23:04.082Z] > command requires scopes: ["email","openid","https://www.googleapis.com/auth/cloudplatformprojects.readonly","https://www.googleapis.com/auth/firebase","https://www.googleapis.com/auth/cloud-platform"]
[debug] [2026-05-27T03:23:04.083Z] > authorizing via signed-in user (masbagushebat@gmail.com)
[debug] [2026-05-27T03:23:04.083Z] [iam] checking project reachthesoul-prod for permissions ["cloudfunctions.functions.create","cloudfunctions.functions.delete","cloudfunctions.functions.get","cloudfunctions.functions.list","cloudfunctions.functions.update","cloudfunctions.operations.get","firebase.projects.get"]
[debug] [2026-05-27T03:23:04.084Z] Checked if tokens are valid: true, expires at: 1779854270104
[debug] [2026-05-27T03:23:04.084Z] Checked if tokens are valid: true, expires at: 1779854270104
[debug] [2026-05-27T03:23:04.084Z] >>> [apiv2][query] POST https://cloudresourcemanager.googleapis.com/v1/projects/reachthesoul-prod:testIamPermissions [none]
[debug] [2026-05-27T03:23:04.085Z] >>> [apiv2][(partial)header] POST https://cloudresourcemanager.googleapis.com/v1/projects/reachthesoul-prod:testIamPermissions  x-goog-user-project=reachthesoul-prod
[debug] [2026-05-27T03:23:04.085Z] >>> [apiv2][body] POST https://cloudresourcemanager.googleapis.com/v1/projects/reachthesoul-prod:testIamPermissions {"permissions":["cloudfunctions.functions.create","cloudfunctions.functions.delete","cloudfunctions.functions.get","cloudfunctions.functions.list","cloudfunctions.functions.update","cloudfunctions.operations.get","firebase.projects.get"]}
[debug] [2026-05-27T03:23:08.642Z] <<< [apiv2][status] POST https://cloudresourcemanager.googleapis.com/v1/projects/reachthesoul-prod:testIamPermissions 200
[debug] [2026-05-27T03:23:08.642Z] <<< [apiv2][body] POST https://cloudresourcemanager.googleapis.com/v1/projects/reachthesoul-prod:testIamPermissions {"permissions":["cloudfunctions.functions.create","cloudfunctions.functions.delete","cloudfunctions.functions.get","cloudfunctions.functions.list","cloudfunctions.functions.update","cloudfunctions.operations.get","firebase.projects.get"]}
[debug] [2026-05-27T03:23:08.642Z] Checked if tokens are valid: true, expires at: 1779854270104
[debug] [2026-05-27T03:23:08.643Z] Checked if tokens are valid: true, expires at: 1779854270104
[debug] [2026-05-27T03:23:08.643Z] >>> [apiv2][query] POST https://iam.googleapis.com/v1/projects/reachthesoul-prod/serviceAccounts/reachthesoul-prod@appspot.gserviceaccount.com:testIamPermissions [none]
[debug] [2026-05-27T03:23:08.643Z] >>> [apiv2][body] POST https://iam.googleapis.com/v1/projects/reachthesoul-prod/serviceAccounts/reachthesoul-prod@appspot.gserviceaccount.com:testIamPermissions {"permissions":["iam.serviceAccounts.actAs"]}
[debug] [2026-05-27T03:23:10.510Z] <<< [apiv2][status] POST https://iam.googleapis.com/v1/projects/reachthesoul-prod/serviceAccounts/reachthesoul-prod@appspot.gserviceaccount.com:testIamPermissions 404
[debug] [2026-05-27T03:23:10.510Z] <<< [apiv2][body] POST https://iam.googleapis.com/v1/projects/reachthesoul-prod/serviceAccounts/reachthesoul-prod@appspot.gserviceaccount.com:testIamPermissions {"error":{"code":404,"message":"Unknown service account","status":"NOT_FOUND"}}
[debug] [2026-05-27T03:23:10.511Z] [functions] service account IAM check errored, deploy may fail: Request to https://iam.googleapis.com/v1/projects/reachthesoul-prod/serviceAccounts/reachthesoul-prod@appspot.gserviceaccount.com:testIamPermissions had HTTP Error: 404, Unknown service account {"name":"FirebaseError","children":[],"context":{"body":{"error":{"code":404,"message":"Unknown service account","status":"NOT_FOUND"}},"response":{"statusCode":404}},"exit":1,"message":"Request to https://iam.googleapis.com/v1/projects/reachthesoul-prod/serviceAccounts/reachthesoul-prod@appspot.gserviceaccount.com:testIamPermissions had HTTP Error: 404, Unknown service account","status":404}
[info] 
[info] === Deploying to 'reachthesoul-prod'...
[info] 
[info] i  deploying functions 
[debug] [2026-05-27T03:23:10.514Z] Checked if tokens are valid: true, expires at: 1779854270104
[debug] [2026-05-27T03:23:10.514Z] Checked if tokens are valid: true, expires at: 1779854270104
[debug] [2026-05-27T03:23:10.514Z] >>> [apiv2][query] GET https://cloudresourcemanager.googleapis.com/v1/projects/reachthesoul-prod [none]
[debug] [2026-05-27T03:23:10.856Z] <<< [apiv2][status] GET https://cloudresourcemanager.googleapis.com/v1/projects/reachthesoul-prod 200
[debug] [2026-05-27T03:23:10.857Z] <<< [apiv2][body] GET https://cloudresourcemanager.googleapis.com/v1/projects/reachthesoul-prod {"projectNumber":"211204916402","projectId":"reachthesoul-prod","lifecycleState":"ACTIVE","name":"reachthesoul-prod","labels":{"firebase":"enabled","firebase-core":"disabled"},"createTime":"2026-05-08T05:17:44.680Z"}
[info] i  functions: preparing codebase default for deployment 
[info] i  functions: ensuring required API cloudfunctions.googleapis.com is enabled... 
[info] i  functions: ensuring required API cloudbuild.googleapis.com is enabled... 
[info] i  artifactregistry: ensuring required API artifactregistry.googleapis.com is enabled... 
[debug] [2026-05-27T03:23:10.860Z] Checked if tokens are valid: true, expires at: 1779854270104
[debug] [2026-05-27T03:23:10.860Z] Checked if tokens are valid: true, expires at: 1779854270104
[debug] [2026-05-27T03:23:10.860Z] >>> [apiv2][query] GET https://firebase.googleapis.com/v1beta1/projects/reachthesoul-prod/adminSdkConfig [none]
[debug] [2026-05-27T03:23:11.877Z] <<< [apiv2][status] GET https://firebase.googleapis.com/v1beta1/projects/reachthesoul-prod/adminSdkConfig 200
[debug] [2026-05-27T03:23:11.877Z] <<< [apiv2][body] GET https://firebase.googleapis.com/v1beta1/projects/reachthesoul-prod/adminSdkConfig {"projectId":"reachthesoul-prod","storageBucket":"reachthesoul-prod.firebasestorage.app"}
[debug] [2026-05-27T03:23:11.878Z] Checked if tokens are valid: true, expires at: 1779854270104
[debug] [2026-05-27T03:23:11.878Z] Checked if tokens are valid: true, expires at: 1779854270104
[debug] [2026-05-27T03:23:11.878Z] >>> [apiv2][query] GET https://runtimeconfig.googleapis.com/v1beta1/projects/reachthesoul-prod/configs [none]
[debug] [2026-05-27T03:23:13.331Z] <<< [apiv2][status] GET https://runtimeconfig.googleapis.com/v1beta1/projects/reachthesoul-prod/configs 200
[debug] [2026-05-27T03:23:13.331Z] <<< [apiv2][body] GET https://runtimeconfig.googleapis.com/v1beta1/projects/reachthesoul-prod/configs {}
[debug] [2026-05-27T03:23:13.333Z] Validating nodejs source
[debug] [2026-05-27T03:23:14.568Z] > [functions] package.json contents: {
  "name": "oms-functions",
  "description": "Firebase Cloud Functions — OMS webhook receivers",
  "scripts": {
    "build": "tsc",
    "serve": "npm run build && firebase emulators:start --only functions",
    "deploy": "firebase deploy --only functions"
  },
  "engines": {
    "node": "22"
  },
  "main": "lib/index.js",
  "dependencies": {
    "firebase-admin": "^13.7.0",
    "firebase-functions": "^7.2.5"
  },
  "devDependencies": {
    "@types/node": "^22.0.0",
    "typescript": "^5.3.0"
  },
  "private": true
}
[debug] [2026-05-27T03:23:14.569Z] Building nodejs source
[info] i  functions: Loading and analyzing source code for codebase default to determine what to deploy 
[debug] [2026-05-27T03:23:14.570Z] Could not find functions.yaml. Must use http discovery
[debug] [2026-05-27T03:23:14.583Z] Found firebase-functions binary at 'D:\REACH THE SOUL\reachthesoul-ready\reachthesoul\functions\node_modules\.bin\firebase-functions'
[info] Serving at port 8237

[debug] [2026-05-27T03:23:15.180Z] Got response from /__/functions.yaml {"endpoints":{"cleanupExpiredOrgData":{"availableMemoryMb":null,"timeoutSeconds":null,"minInstances":null,"maxInstances":null,"ingressSettings":null,"concurrency":null,"serviceAccountEmail":null,"vpc":null,"platform":"gcfv2","region":["asia-southeast1"],"labels":{},"scheduleTrigger":{"schedule":"0 3 * * *","retryConfig":{},"timeZone":"Asia/Jakarta"},"entryPoint":"cleanupExpiredOrgData"},"onMessageCreated":{"availableMemoryMb":null,"timeoutSeconds":null,"minInstances":null,"maxInstances":null,"ingressSettings":null,"concurrency":null,"serviceAccountEmail":null,"vpc":null,"platform":"gcfv2","region":["asia-southeast1"],"labels":{},"eventTrigger":{"eventType":"google.cloud.firestore.document.v1.created","eventFilters":{"database":"(default)","namespace":"(default)"},"eventFilterPathPatterns":{"document":"tickets/{ticketId}/messages/{messageId}"},"retry":false},"entryPoint":"onMessageCreated"},"webhookWhatsapp":{"availableMemoryMb":null,"timeoutSeconds":null,"minInstances":null,"maxInstances":null,"ingressSettings":null,"concurrency":null,"serviceAccountEmail":null,"vpc":null,"platform":"gcfv2","region":["asia-southeast1"],"labels":{},"httpsTrigger":{},"entryPoint":"webhookWhatsapp"},"webhookFonnte":{"availableMemoryMb":null,"timeoutSeconds":null,"minInstances":null,"maxInstances":null,"ingressSettings":null,"concurrency":null,"serviceAccountEmail":null,"vpc":null,"platform":"gcfv2","region":["asia-southeast1"],"labels":{},"httpsTrigger":{},"entryPoint":"webhookFonnte"},"webhookInstagram":{"availableMemoryMb":null,"timeoutSeconds":null,"minInstances":null,"maxInstances":null,"ingressSettings":null,"concurrency":null,"serviceAccountEmail":null,"vpc":null,"platform":"gcfv2","region":["asia-southeast1"],"labels":{},"httpsTrigger":{},"entryPoint":"webhookInstagram"},"webhookFacebook":{"availableMemoryMb":null,"timeoutSeconds":null,"minInstances":null,"maxInstances":null,"ingressSettings":null,"concurrency":null,"serviceAccountEmail":null,"vpc":null,"platform":"gcfv2","region":["asia-southeast1"],"labels":{},"httpsTrigger":{},"entryPoint":"webhookFacebook"},"webhookCall":{"availableMemoryMb":null,"timeoutSeconds":null,"minInstances":null,"maxInstances":null,"ingressSettings":null,"concurrency":null,"serviceAccountEmail":null,"vpc":null,"platform":"gcfv2","region":["asia-southeast1"],"labels":{},"httpsTrigger":{},"entryPoint":"webhookCall"},"onRespondentMessage":{"availableMemoryMb":null,"timeoutSeconds":60,"minInstances":null,"maxInstances":null,"ingressSettings":null,"concurrency":null,"serviceAccountEmail":null,"vpc":null,"platform":"gcfv2","region":["asia-southeast1"],"labels":{},"eventTrigger":{"eventType":"google.cloud.firestore.document.v1.created","eventFilters":{"database":"(default)","namespace":"(default)"},"eventFilterPathPatterns":{"document":"tickets/{ticketId}/messages/{messageId}"},"retry":false},"entryPoint":"onRespondentMessage"}},"specVersion":"v1alpha1","requiredAPIs":[{"api":"cloudscheduler.googleapis.com","reason":"Needed for scheduled functions."}],"extensions":{}}
[debug] [2026-05-27T03:23:19.248Z] Checked if tokens are valid: true, expires at: 1779854270104
[debug] [2026-05-27T03:23:19.249Z] Checked if tokens are valid: true, expires at: 1779854270104
[debug] [2026-05-27T03:23:19.249Z] >>> [apiv2][query] GET https://cloudfunctions.googleapis.com/v1/projects/reachthesoul-prod/locations/-/functions [none]
[debug] [2026-05-27T03:23:20.288Z] <<< [apiv2][status] GET https://cloudfunctions.googleapis.com/v1/projects/reachthesoul-prod/locations/-/functions 200
[debug] [2026-05-27T03:23:20.288Z] <<< [apiv2][body] GET https://cloudfunctions.googleapis.com/v1/projects/reachthesoul-prod/locations/-/functions {}
[debug] [2026-05-27T03:23:20.289Z] Checked if tokens are valid: true, expires at: 1779854270104
[debug] [2026-05-27T03:23:20.289Z] Checked if tokens are valid: true, expires at: 1779854270104
[debug] [2026-05-27T03:23:20.290Z] >>> [apiv2][query] GET https://cloudfunctions.googleapis.com/v2/projects/reachthesoul-prod/locations/-/functions filter=environment%3D%22GEN_2%22
[debug] [2026-05-27T03:23:22.097Z] <<< [apiv2][status] GET https://cloudfunctions.googleapis.com/v2/projects/reachthesoul-prod/locations/-/functions 200
[debug] [2026-05-27T03:23:22.097Z] <<< [apiv2][body] GET https://cloudfunctions.googleapis.com/v2/projects/reachthesoul-prod/locations/-/functions {"functions":[{"name":"projects/reachthesoul-prod/locations/asia-southeast1/functions/webhookFacebook","buildConfig":{"build":"projects/211204916402/locations/asia-southeast1/builds/0d2d9b50-c6f0-4d3a-9298-9649bb1c2a92","runtime":"nodejs22","entryPoint":"webhookFacebook","source":{"storageSource":{"bucket":"gcf-v2-sources-211204916402-asia-southeast1","object":"webhookFacebook/function-source.zip","generation":"1778844573427234"}},"environmentVariables":{"GOOGLE_NODE_RUN_SCRIPTS":""},"dockerRepository":"projects/reachthesoul-prod/locations/asia-southeast1/repositories/gcf-artifacts","sourceProvenance":{"resolvedStorageSource":{"bucket":"gcf-v2-sources-211204916402-asia-southeast1","object":"webhookFacebook/function-source.zip","generation":"1778844573427234"}},"dockerRegistry":"ARTIFACT_REGISTRY","serviceAccount":"projects/reachthesoul-prod/serviceAccounts/211204916402-compute@developer.gserviceaccount.com","automaticUpdatePolicy":{}},"serviceConfig":{"service":"projects/reachthesoul-prod/locations/asia-southeast1/services/webhookfacebook","timeoutSeconds":60,"environmentVariables":{"FIREBASE_CONFIG":"{\"projectId\":\"reachthesoul-prod\",\"storageBucket\":\"reachthesoul-prod.firebasestorage.app\"}","GCLOUD_PROJECT":"reachthesoul-prod","EVENTARC_CLOUD_EVENT_SOURCE":"projects/reachthesoul-prod/locations/asia-southeast1/services/webhookFacebook","FUNCTION_TARGET":"webhookFacebook","LOG_EXECUTION_ID":"true","FUNCTION_SIGNATURE_TYPE":"http"},"maxInstanceCount":20,"ingressSettings":"ALLOW_ALL","uri":"https://webhookfacebook-6ue3udhyaq-as.a.run.app","serviceAccountEmail":"211204916402-compute@developer.gserviceaccount.com","availableMemory":"256Mi","allTrafficOnLatestRevision":true,"revision":"webhookfacebook-00013-yac","maxInstanceRequestConcurrency":80,"availableCpu":"1"},"state":"ACTIVE","updateTime":"2026-05-15T11:29:41.501382968Z","labels":{"deployment-tool":"cli-firebase","firebase-functions-hash":"ac43d9c5757fa9853f2fc52ec097b3db4cb56777"},"environment":"GEN_2","url":"https://asia-southeast1-reachthesoul-prod.cloudfunctions.net/webhookFacebook","satisfiesPzs":true,"createTime":"2026-05-08T07:20:56.763352150Z","satisfiesPzi":true},{"name":"projects/reachthesoul-prod/locations/asia-southeast1/functions/webhookWhatsapp","buildConfig":{"build":"projects/211204916402/locations/asia-southeast1/builds/0d2d9b50-c6f0-4d3a-9298-9649bb1c2a92","runtime":"nodejs22","entryPoint":"webhookWhatsapp","source":{"storageSource":{"bucket":"gcf-v2-sources-211204916402-asia-southeast1","object":"webhookWhatsapp/function-source.zip","generation":"1778844573025903"}},"environmentVariables":{"GOOGLE_NODE_RUN_SCRIPTS":""},"dockerRepository":"projects/reachthesoul-prod/locations/asia-southeast1/repositories/gcf-artifacts","sourceProvenance":{"resolvedStorageSource":{"bucket":"gcf-v2-sources-211204916402-asia-southeast1","object":"webhookWhatsapp/function-source.zip","generation":"1778844573025903"}},"dockerRegistry":"ARTIFACT_REGISTRY","serviceAccount":"projects/reachthesoul-prod/serviceAccounts/211204916402-compute@developer.gserviceaccount.com","automaticUpdatePolicy":{}},"serviceConfig":{"service":"projects/reachthesoul-prod/locations/asia-southeast1/services/webhookwhatsapp","timeoutSeconds":60,"environmentVariables":{"FIREBASE_CONFIG":"{\"projectId\":\"reachthesoul-prod\",\"storageBucket\":\"reachthesoul-prod.firebasestorage.app\"}","GCLOUD_PROJECT":"reachthesoul-prod","EVENTARC_CLOUD_EVENT_SOURCE":"projects/reachthesoul-prod/locations/asia-southeast1/services/webhookWhatsapp","FUNCTION_TARGET":"webhookWhatsapp","LOG_EXECUTION_ID":"true","FUNCTION_SIGNATURE_TYPE":"http"},"maxInstanceCount":20,"ingressSettings":"ALLOW_ALL","uri":"https://webhookwhatsapp-6ue3udhyaq-as.a.run.app","serviceAccountEmail":"211204916402-compute@developer.gserviceaccount.com","availableMemory":"256Mi","allTrafficOnLatestRevision":true,"revision":"webhookwhatsapp-00013-qoj","maxInstanceRequestConcurrency":80,"availableCpu":"1"},"state":"ACTIVE","updateTime":"2026-05-15T11:29:41.285816645Z","labels":{"deployment-tool":"cli-firebase","firebase-functions-hash":"ac43d9c5757fa9853f2fc52ec097b3db4cb56777"},"environment":"GEN_2","url":"https://asia-southeast1-reachthesoul-prod.cloudfunctions.net/webhookWhatsapp","satisfiesPzs":true,"createTime":"2026-05-08T07:20:56.657950071Z","satisfiesPzi":true},{"name":"projects/reachthesoul-prod/locations/asia-southeast1/functions/webhookInstagram","buildConfig":{"build":"projects/211204916402/locations/asia-southeast1/builds/0d2d9b50-c6f0-4d3a-9298-9649bb1c2a92","runtime":"nodejs22","entryPoint":"webhookInstagram","source":{"storageSource":{"bucket":"gcf-v2-sources-211204916402-asia-southeast1","object":"webhookInstagram/function-source.zip","generation":"1778844573176425"}},"environmentVariables":{"GOOGLE_NODE_RUN_SCRIPTS":""},"dockerRepository":"projects/reachthesoul-prod/locations/asia-southeast1/repositories/gcf-artifacts","sourceProvenance":{"resolvedStorageSource":{"bucket":"gcf-v2-sources-211204916402-asia-southeast1","object":"webhookInstagram/function-source.zip","generation":"1778844573176425"}},"dockerRegistry":"ARTIFACT_REGISTRY","serviceAccount":"projects/reachthesoul-prod/serviceAccounts/211204916402-compute@developer.gserviceaccount.com","automaticUpdatePolicy":{}},"serviceConfig":{"service":"projects/reachthesoul-prod/locations/asia-southeast1/services/webhookinstagram","timeoutSeconds":60,"environmentVariables":{"FIREBASE_CONFIG":"{\"projectId\":\"reachthesoul-prod\",\"storageBucket\":\"reachthesoul-prod.firebasestorage.app\"}","GCLOUD_PROJECT":"reachthesoul-prod","EVENTARC_CLOUD_EVENT_SOURCE":"projects/reachthesoul-prod/locations/asia-southeast1/services/webhookInstagram","FUNCTION_TARGET":"webhookInstagram","LOG_EXECUTION_ID":"true","FUNCTION_SIGNATURE_TYPE":"http"},"maxInstanceCount":20,"ingressSettings":"ALLOW_ALL","uri":"https://webhookinstagram-6ue3udhyaq-as.a.run.app","serviceAccountEmail":"211204916402-compute@developer.gserviceaccount.com","availableMemory":"256Mi","allTrafficOnLatestRevision":true,"revision":"webhookinstagram-00013-sim","maxInstanceRequestConcurrency":80,"availableCpu":"1"},"state":"ACTIVE","updateTime":"2026-05-15T11:29:41.699827897Z","labels":{"deployment-tool":"cli-firebase","firebase-functions-hash":"ac43d9c5757fa9853f2fc52ec097b3db4cb56777"},"environment":"GEN_2","url":"https://asia-southeast1-reachthesoul-prod.cloudfunctions.net/webhookInstagram","satisfiesPzs":true,"createTime":"2026-05-08T07:20:56.780846490Z","satisfiesPzi":true},{"name":"projects/reachthesoul-prod/locations/asia-southeast1/functions/onRespondentMessage","buildConfig":{"build":"projects/211204916402/locations/asia-southeast1/builds/0d2d9b50-c6f0-4d3a-9298-9649bb1c2a92","runtime":"nodejs22","entryPoint":"onRespondentMessage","source":{"storageSource":{"bucket":"gcf-v2-sources-211204916402-asia-southeast1","object":"onRespondentMessage/function-source.zip","generation":"1778844573772210"}},"environmentVariables":{"GOOGLE_NODE_RUN_SCRIPTS":""},"dockerRepository":"projects/reachthesoul-prod/locations/asia-southeast1/repositories/gcf-artifacts","sourceProvenance":{"resolvedStorageSource":{"bucket":"gcf-v2-sources-211204916402-asia-southeast1","object":"onRespondentMessage/function-source.zip","generation":"1778844573772210"}},"dockerRegistry":"ARTIFACT_REGISTRY","serviceAccount":"projects/reachthesoul-prod/serviceAccounts/211204916402-compute@developer.gserviceaccount.com","automaticUpdatePolicy":{}},"serviceConfig":{"service":"projects/reachthesoul-prod/locations/asia-southeast1/services/onrespondentmessage","timeoutSeconds":60,"environmentVariables":{"FIREBASE_CONFIG":"{\"projectId\":\"reachthesoul-prod\",\"storageBucket\":\"reachthesoul-prod.firebasestorage.app\"}","GCLOUD_PROJECT":"reachthesoul-prod","EVENTARC_CLOUD_EVENT_SOURCE":"projects/reachthesoul-prod/locations/asia-southeast1/services/onRespondentMessage","FUNCTION_SIGNATURE_TYPE":"cloudevent","FUNCTION_TARGET":"onRespondentMessage","LOG_EXECUTION_ID":"true"},"maxInstanceCount":20,"ingressSettings":"ALLOW_ALL","uri":"https://onrespondentmessage-6ue3udhyaq-as.a.run.app","serviceAccountEmail":"211204916402-compute@developer.gserviceaccount.com","availableMemory":"256Mi","allTrafficOnLatestRevision":true,"revision":"onrespondentmessage-00013-rab","maxInstanceRequestConcurrency":80,"availableCpu":"1"},"eventTrigger":{"trigger":"projects/reachthesoul-prod/locations/asia-southeast1/triggers/onrespondentmessage-242121","triggerRegion":"asia-southeast1","eventType":"google.cloud.firestore.document.v1.created","eventFilters":[{"attribute":"database","value":"(default)"},{"attribute":"namespace","value":"(default)"},{"attribute":"document","value":"tickets/{ticketId}/messages/{messageId}","operator":"match-path-pattern"}],"pubsubTopic":"projects/reachthesoul-prod/topics/eventarc-asia-southeast1-onrespondentmessage-242121-914","serviceAccountEmail":"211204916402-compute@developer.gserviceaccount.com","retryPolicy":"RETRY_POLICY_DO_NOT_RETRY"},"state":"ACTIVE","updateTime":"2026-05-15T11:29:41.787234354Z","labels":{"deployment-tool":"cli-firebase","firebase-functions-hash":"ac43d9c5757fa9853f2fc52ec097b3db4cb56777"},"environment":"GEN_2","url":"https://asia-southeast1-reachthesoul-prod.cloudfunctions.net/onRespondentMessage","satisfiesPzs":true,"createTime":"2026-05-08T07:23:39.075354939Z","satisfiesPzi":true},{"name":"projects/reachthesoul-prod/locations/asia-southeast1/functions/webhookCall","buildConfig":{"build":"projects/211204916402/locations/asia-southeast1/builds/0d2d9b50-c6f0-4d3a-9298-9649bb1c2a92","runtime":"nodejs22","entryPoint":"webhookCall","source":{"storageSource":{"bucket":"gcf-v2-sources-211204916402-asia-southeast1","object":"webhookCall/function-source.zip","generation":"1778844573476764"}},"environmentVariables":{"GOOGLE_NODE_RUN_SCRIPTS":""},"dockerRepository":"projects/reachthesoul-prod/locations/asia-southeast1/repositories/gcf-artifacts","sourceProvenance":{"resolvedStorageSource":{"bucket":"gcf-v2-sources-211204916402-asia-southeast1","object":"webhookCall/function-source.zip","generation":"1778844573476764"}},"dockerRegistry":"ARTIFACT_REGISTRY","serviceAccount":"projects/reachthesoul-prod/serviceAccounts/211204916402-compute@developer.gserviceaccount.com","automaticUpdatePolicy":{}},"serviceConfig":{"service":"projects/reachthesoul-prod/locations/asia-southeast1/services/webhookcall","timeoutSeconds":60,"environmentVariables":{"FIREBASE_CONFIG":"{\"projectId\":\"reachthesoul-prod\",\"storageBucket\":\"reachthesoul-prod.firebasestorage.app\"}","GCLOUD_PROJECT":"reachthesoul-prod","EVENTARC_CLOUD_EVENT_SOURCE":"projects/reachthesoul-prod/locations/asia-southeast1/services/webhookCall","FUNCTION_TARGET":"webhookCall","LOG_EXECUTION_ID":"true","FUNCTION_SIGNATURE_TYPE":"http"},"maxInstanceCount":20,"ingressSettings":"ALLOW_ALL","uri":"https://webhookcall-6ue3udhyaq-as.a.run.app","serviceAccountEmail":"211204916402-compute@developer.gserviceaccount.com","availableMemory":"256Mi","allTrafficOnLatestRevision":true,"revision":"webhookcall-00013-nil","maxInstanceRequestConcurrency":80,"availableCpu":"1"},"state":"ACTIVE","updateTime":"2026-05-15T11:29:40.988882994Z","labels":{"deployment-tool":"cli-firebase","firebase-functions-hash":"ac43d9c5757fa9853f2fc52ec097b3db4cb56777"},"environment":"GEN_2","url":"https://asia-southeast1-reachthesoul-prod.cloudfunctions.net/webhookCall","satisfiesPzs":true,"createTime":"2026-05-08T07:20:56.876287755Z","satisfiesPzi":true},{"name":"projects/reachthesoul-prod/locations/asia-southeast1/functions/onMessageCreated","buildConfig":{"build":"projects/211204916402/locations/asia-southeast1/builds/0d2d9b50-c6f0-4d3a-9298-9649bb1c2a92","runtime":"nodejs22","entryPoint":"onMessageCreated","source":{"storageSource":{"bucket":"gcf-v2-sources-211204916402-asia-southeast1","object":"onMessageCreated/function-source.zip","generation":"1778844507711445"}},"environmentVariables":{"GOOGLE_NODE_RUN_SCRIPTS":""},"dockerRepository":"projects/reachthesoul-prod/locations/asia-southeast1/repositories/gcf-artifacts","sourceProvenance":{"resolvedStorageSource":{"bucket":"gcf-v2-sources-211204916402-asia-southeast1","object":"onMessageCreated/function-source.zip","generation":"1778844507711445"}},"dockerRegistry":"ARTIFACT_REGISTRY","serviceAccount":"projects/reachthesoul-prod/serviceAccounts/211204916402-compute@developer.gserviceaccount.com","automaticUpdatePolicy":{}},"serviceConfig":{"service":"projects/reachthesoul-prod/locations/asia-southeast1/services/onmessagecreated","timeoutSeconds":60,"environmentVariables":{"FIREBASE_CONFIG":"{\"projectId\":\"reachthesoul-prod\",\"storageBucket\":\"reachthesoul-prod.firebasestorage.app\"}","GCLOUD_PROJECT":"reachthesoul-prod","EVENTARC_CLOUD_EVENT_SOURCE":"projects/reachthesoul-prod/locations/asia-southeast1/services/onMessageCreated","FUNCTION_SIGNATURE_TYPE":"cloudevent","FUNCTION_TARGET":"onMessageCreated","LOG_EXECUTION_ID":"true"},"maxInstanceCount":20,"ingressSettings":"ALLOW_ALL","uri":"https://onmessagecreated-6ue3udhyaq-as.a.run.app","serviceAccountEmail":"211204916402-compute@developer.gserviceaccount.com","availableMemory":"256Mi","allTrafficOnLatestRevision":true,"revision":"onmessagecreated-00013-haj","maxInstanceRequestConcurrency":80,"availableCpu":"1"},"eventTrigger":{"trigger":"projects/reachthesoul-prod/locations/asia-southeast1/triggers/onmessagecreated-809731","triggerRegion":"asia-southeast1","eventType":"google.cloud.firestore.document.v1.created","eventFilters":[{"attribute":"database","value":"(default)"},{"attribute":"namespace","value":"(default)"},{"attribute":"document","value":"tickets/{ticketId}/messages/{messageId}","operator":"match-path-pattern"}],"pubsubTopic":"projects/reachthesoul-prod/topics/eventarc-asia-southeast1-onmessagecreated-809731-464","serviceAccountEmail":"211204916402-compute@developer.gserviceaccount.com","retryPolicy":"RETRY_POLICY_DO_NOT_RETRY"},"state":"ACTIVE","updateTime":"2026-05-15T11:29:37.016040226Z","labels":{"firebase-functions-hash":"ac43d9c5757fa9853f2fc52ec097b3db4cb56777","deployment-tool":"cli-firebase"},"environment":"GEN_2","url":"https://asia-southeast1-reachthesoul-prod.cloudfunctions.net/onMessageCreated","satisfiesPzs":true,"createTime":"2026-05-08T07:22:41.088302221Z","satisfiesPzi":true},{"name":"projects/reachthesoul-prod/locations/asia-southeast1/functions/webhookFonnte","buildConfig":{"build":"projects/211204916402/locations/asia-southeast1/builds/0d2d9b50-c6f0-4d3a-9298-9649bb1c2a92","runtime":"nodejs22","entryPoint":"webhookFonnte","source":{"storageSource":{"bucket":"gcf-v2-sources-211204916402-asia-southeast1","object":"webhookFonnte/function-source.zip","generation":"1778844573162688"}},"environmentVariables":{"GOOGLE_NODE_RUN_SCRIPTS":""},"dockerRepository":"projects/reachthesoul-prod/locations/asia-southeast1/repositories/gcf-artifacts","sourceProvenance":{"resolvedStorageSource":{"bucket":"gcf-v2-sources-211204916402-asia-southeast1","object":"webhookFonnte/function-source.zip","generation":"1778844573162688"}},"dockerRegistry":"ARTIFACT_REGISTRY","serviceAccount":"projects/reachthesoul-prod/serviceAccounts/211204916402-compute@developer.gserviceaccount.com","automaticUpdatePolicy":{}},"serviceConfig":{"service":"projects/reachthesoul-prod/locations/asia-southeast1/services/webhookfonnte","timeoutSeconds":60,"environmentVariables":{"FIREBASE_CONFIG":"{\"projectId\":\"reachthesoul-prod\",\"storageBucket\":\"reachthesoul-prod.firebasestorage.app\"}","GCLOUD_PROJECT":"reachthesoul-prod","EVENTARC_CLOUD_EVENT_SOURCE":"projects/reachthesoul-prod/locations/asia-southeast1/services/webhookFonnte","FUNCTION_TARGET":"webhookFonnte","LOG_EXECUTION_ID":"true","FUNCTION_SIGNATURE_TYPE":"http"},"maxInstanceCount":20,"ingressSettings":"ALLOW_ALL","uri":"https://webhookfonnte-6ue3udhyaq-as.a.run.app","serviceAccountEmail":"211204916402-compute@developer.gserviceaccount.com","availableMemory":"256Mi","allTrafficOnLatestRevision":true,"revision":"webhookfonnte-00013-xof","maxInstanceRequestConcurrency":80,"availableCpu":"1"},"state":"ACTIVE","updateTime":"2026-05-15T11:29:40.929967547Z","labels":{"deployment-tool":"cli-firebase","firebase-functions-hash":"ac43d9c5757fa9853f2fc52ec097b3db4cb56777"},"environment":"GEN_2","url":"https://asia-southeast1-reachthesoul-prod.cloudfunctions.net/webhookFonnte","satisfiesPzs":true,"createTime":"2026-05-08T07:20:56.756998156Z","satisfiesPzi":true}]}
[info] i  extensions: ensuring required API firebaseextensions.googleapis.com is enabled... 
[debug] [2026-05-27T03:23:22.102Z] > command requires scopes: ["email","openid","https://www.googleapis.com/auth/cloudplatformprojects.readonly","https://www.googleapis.com/auth/firebase","https://www.googleapis.com/auth/cloud-platform"]
[debug] [2026-05-27T03:23:22.102Z] > authorizing via signed-in user (masbagushebat@gmail.com)
[debug] [2026-05-27T03:23:22.102Z] [iam] checking project reachthesoul-prod for permissions ["firebase.projects.get","firebaseextensions.instances.list"]
[debug] [2026-05-27T03:23:22.103Z] Checked if tokens are valid: true, expires at: 1779854270104
[debug] [2026-05-27T03:23:22.103Z] Checked if tokens are valid: true, expires at: 1779854270104
[debug] [2026-05-27T03:23:22.103Z] >>> [apiv2][query] POST https://cloudresourcemanager.googleapis.com/v1/projects/reachthesoul-prod:testIamPermissions [none]
[debug] [2026-05-27T03:23:22.103Z] >>> [apiv2][(partial)header] POST https://cloudresourcemanager.googleapis.com/v1/projects/reachthesoul-prod:testIamPermissions  x-goog-user-project=reachthesoul-prod
[debug] [2026-05-27T03:23:22.103Z] >>> [apiv2][body] POST https://cloudresourcemanager.googleapis.com/v1/projects/reachthesoul-prod:testIamPermissions {"permissions":["firebase.projects.get","firebaseextensions.instances.list"]}
[debug] [2026-05-27T03:23:23.556Z] <<< [apiv2][status] POST https://cloudresourcemanager.googleapis.com/v1/projects/reachthesoul-prod:testIamPermissions 200
[debug] [2026-05-27T03:23:23.557Z] <<< [apiv2][body] POST https://cloudresourcemanager.googleapis.com/v1/projects/reachthesoul-prod:testIamPermissions {"permissions":["firebase.projects.get","firebaseextensions.instances.list"]}
[debug] [2026-05-27T03:23:23.558Z] Checked if tokens are valid: true, expires at: 1779854270104
[debug] [2026-05-27T03:23:23.558Z] Checked if tokens are valid: true, expires at: 1779854270104
[debug] [2026-05-27T03:23:23.559Z] >>> [apiv2][query] GET https://firebaseextensions.googleapis.com/v1beta/projects/reachthesoul-prod/instances pageSize=100&pageToken=
[debug] [2026-05-27T03:23:25.502Z] <<< [apiv2][status] GET https://firebaseextensions.googleapis.com/v1beta/projects/reachthesoul-prod/instances 200
[debug] [2026-05-27T03:23:25.502Z] <<< [apiv2][body] GET https://firebaseextensions.googleapis.com/v1beta/projects/reachthesoul-prod/instances {}
[info] i  functions: preparing functions directory for uploading... 
[info] i  functions: packaged D:\REACH THE SOUL\reachthesoul-ready\reachthesoul\functions (77.4 KB) for uploading 
[debug] [2026-05-27T03:23:25.610Z] Checked if tokens are valid: true, expires at: 1779854270104
[debug] [2026-05-27T03:23:25.610Z] Checked if tokens are valid: true, expires at: 1779854270104
[debug] [2026-05-27T03:23:25.611Z] >>> [apiv2][query] GET https://firestore.googleapis.com/v1/projects/reachthesoul-prod/databases/(default) [none]
[debug] [2026-05-27T03:23:26.109Z] <<< [apiv2][status] GET https://firestore.googleapis.com/v1/projects/reachthesoul-prod/databases/(default) 200
[debug] [2026-05-27T03:23:26.109Z] <<< [apiv2][body] GET https://firestore.googleapis.com/v1/projects/reachthesoul-prod/databases/(default) {"name":"projects/reachthesoul-prod/databases/(default)","uid":"9bd341bc-1363-43fa-a6b7-f8091db10c92","createTime":"2026-05-08T05:19:21.854006Z","updateTime":"2026-05-08T05:19:21.854006Z","locationId":"asia-southeast1","type":"FIRESTORE_NATIVE","concurrencyMode":"PESSIMISTIC","versionRetentionPeriod":"3600s","earliestVersionTime":"2026-05-27T02:23:26.096067Z","appEngineIntegrationMode":"DISABLED","keyPrefix":"zas","pointInTimeRecoveryEnablement":"POINT_IN_TIME_RECOVERY_DISABLED","deleteProtectionState":"DELETE_PROTECTION_DISABLED","databaseEdition":"STANDARD","freeTier":true,"realtimeUpdatesMode":"REALTIME_UPDATES_MODE_ENABLED","etag":"IOr3/JPC2JQDMOKDuJyRqZQD"}
[info] i  functions: ensuring required API cloudscheduler.googleapis.com is enabled... 
[info] i  functions: ensuring required API run.googleapis.com is enabled... 
[info] i  functions: ensuring required API eventarc.googleapis.com is enabled... 
[info] i  functions: ensuring required API pubsub.googleapis.com is enabled... 
[info] i  functions: ensuring required API storage.googleapis.com is enabled... 
[info] i  functions: generating the service identity for pubsub.googleapis.com... 
[debug] [2026-05-27T03:23:26.117Z] Checked if tokens are valid: true, expires at: 1779854270104
[debug] [2026-05-27T03:23:26.117Z] Checked if tokens are valid: true, expires at: 1779854270104
[info] i  functions: generating the service identity for eventarc.googleapis.com... 
[debug] [2026-05-27T03:23:26.117Z] Checked if tokens are valid: true, expires at: 1779854270104
[debug] [2026-05-27T03:23:26.117Z] Checked if tokens are valid: true, expires at: 1779854270104
[debug] [2026-05-27T03:23:26.118Z] >>> [apiv2][query] POST https://serviceusage.googleapis.com/v1beta1/projects/211204916402/services/pubsub.googleapis.com:generateServiceIdentity [none]
[debug] [2026-05-27T03:23:26.118Z] >>> [apiv2][(partial)header] POST https://serviceusage.googleapis.com/v1beta1/projects/211204916402/services/pubsub.googleapis.com:generateServiceIdentity  x-goog-user-project=211204916402
[debug] [2026-05-27T03:23:26.118Z] >>> [apiv2][body] POST https://serviceusage.googleapis.com/v1beta1/projects/211204916402/services/pubsub.googleapis.com:generateServiceIdentity {}
[debug] [2026-05-27T03:23:26.121Z] >>> [apiv2][query] POST https://serviceusage.googleapis.com/v1beta1/projects/211204916402/services/eventarc.googleapis.com:generateServiceIdentity [none]
[debug] [2026-05-27T03:23:26.123Z] >>> [apiv2][(partial)header] POST https://serviceusage.googleapis.com/v1beta1/projects/211204916402/services/eventarc.googleapis.com:generateServiceIdentity  x-goog-user-project=211204916402
[debug] [2026-05-27T03:23:26.123Z] >>> [apiv2][body] POST https://serviceusage.googleapis.com/v1beta1/projects/211204916402/services/eventarc.googleapis.com:generateServiceIdentity {}
[debug] [2026-05-27T03:23:28.201Z] <<< [apiv2][status] POST https://serviceusage.googleapis.com/v1beta1/projects/211204916402/services/pubsub.googleapis.com:generateServiceIdentity 200
[debug] [2026-05-27T03:23:28.201Z] <<< [apiv2][body] POST https://serviceusage.googleapis.com/v1beta1/projects/211204916402/services/pubsub.googleapis.com:generateServiceIdentity {"name":"operations/finished.DONE_OPERATION","done":true,"response":{"@type":"type.googleapis.com/google.api.serviceusage.v1beta1.ServiceIdentity","email":"service-211204916402@gcp-sa-pubsub.iam.gserviceaccount.com","uniqueId":"100891647777827444795"}}
[debug] [2026-05-27T03:23:28.274Z] <<< [apiv2][status] POST https://serviceusage.googleapis.com/v1beta1/projects/211204916402/services/eventarc.googleapis.com:generateServiceIdentity 200
[debug] [2026-05-27T03:23:28.275Z] <<< [apiv2][body] POST https://serviceusage.googleapis.com/v1beta1/projects/211204916402/services/eventarc.googleapis.com:generateServiceIdentity {"name":"operations/finished.DONE_OPERATION","done":true,"response":{"@type":"type.googleapis.com/google.api.serviceusage.v1beta1.ServiceIdentity","email":"service-211204916402@gcp-sa-eventarc.iam.gserviceaccount.com","uniqueId":"110970727892457570153"}}
[debug] [2026-05-27T03:23:28.281Z] Checked if tokens are valid: true, expires at: 1779854270104
[debug] [2026-05-27T03:23:28.281Z] Checked if tokens are valid: true, expires at: 1779854270104
[debug] [2026-05-27T03:23:28.281Z] >>> [apiv2][query] GET https://cloudresourcemanager.googleapis.com/v1/projects/reachthesoul-prod [none]
[debug] [2026-05-27T03:23:28.583Z] <<< [apiv2][status] GET https://cloudresourcemanager.googleapis.com/v1/projects/reachthesoul-prod 200
[debug] [2026-05-27T03:23:28.584Z] <<< [apiv2][body] GET https://cloudresourcemanager.googleapis.com/v1/projects/reachthesoul-prod {"projectNumber":"211204916402","projectId":"reachthesoul-prod","lifecycleState":"ACTIVE","name":"reachthesoul-prod","labels":{"firebase":"enabled","firebase-core":"disabled"},"createTime":"2026-05-08T05:17:44.680Z"}
[debug] [2026-05-27T03:23:28.585Z] Checked if tokens are valid: true, expires at: 1779854270104
[debug] [2026-05-27T03:23:28.585Z] Checked if tokens are valid: true, expires at: 1779854270104
[debug] [2026-05-27T03:23:28.585Z] >>> [apiv2][query] GET https://compute.googleapis.com/compute/v1/projects/211204916402 [none]
[debug] [2026-05-27T03:23:29.140Z] <<< [apiv2][status] GET https://compute.googleapis.com/compute/v1/projects/211204916402 403
[debug] [2026-05-27T03:23:29.140Z] <<< [apiv2][body] GET https://compute.googleapis.com/compute/v1/projects/211204916402 {"error":{"code":403,"message":"Compute Engine API has not been used in project 211204916402 before or it is disabled. Enable it by visiting https://console.developers.google.com/apis/api/compute.googleapis.com/overview?project=211204916402 then retry. If you enabled this API recently, wait a few minutes for the action to propagate to our systems and retry.","errors":[{"message":"Compute Engine API has not been used in project 211204916402 before or it is disabled. Enable it by visiting https://console.developers.google.com/apis/api/compute.googleapis.com/overview?project=211204916402 then retry. If you enabled this API recently, wait a few minutes for the action to propagate to our systems and retry.","domain":"usageLimits","reason":"accessNotConfigured","extendedHelp":"https://console.developers.google.com"}],"status":"PERMISSION_DENIED","details":[{"@type":"type.googleapis.com/google.rpc.ErrorInfo","reason":"SERVICE_DISABLED","domain":"googleapis.com","metadata":{"activationUrl":"https://console.developers.google.com/apis/api/compute.googleapis.com/overview?project=211204916402","consumer":"projects/211204916402","containerInfo":"211204916402","serviceTitle":"Compute Engine API","service":"compute.googleapis.com"}},{"@type":"type.googleapis.com/google.rpc.LocalizedMessage","locale":"en-US","message":"Compute Engine API has not been used in project 211204916402 before or it is disabled. Enable it by visiting https://console.developers.google.com/apis/api/compute.googleapis.com/overview?project=211204916402 then retry. If you enabled this API recently, wait a few minutes for the action to propagate to our systems and retry."},{"@type":"type.googleapis.com/google.rpc.Help","links":[{"description":"Google developers console API activation","url":"https://console.developers.google.com/apis/api/compute.googleapis.com/overview?project=211204916402"}]}]}}
[debug] [2026-05-27T03:23:29.141Z] unable to look up default compute service account. Falling back to 211204916402-compute@developer.gserviceaccount.com. Error: {"name":"FirebaseError","children":[],"context":{"body":{"error":{"code":403,"message":"Compute Engine API has not been used in project 211204916402 before or it is disabled. Enable it by visiting https://console.developers.google.com/apis/api/compute.googleapis.com/overview?project=211204916402 then retry. If you enabled this API recently, wait a few minutes for the action to propagate to our systems and retry.","errors":[{"message":"Compute Engine API has not been used in project 211204916402 before or it is disabled. Enable it by visiting https://console.developers.google.com/apis/api/compute.googleapis.com/overview?project=211204916402 then retry. If you enabled this API recently, wait a few minutes for the action to propagate to our systems and retry.","domain":"usageLimits","reason":"accessNotConfigured","extendedHelp":"https://console.developers.google.com"}],"status":"PERMISSION_DENIED","details":[{"@type":"type.googleapis.com/google.rpc.ErrorInfo","reason":"SERVICE_DISABLED","domain":"googleapis.com","metadata":{"activationUrl":"https://console.developers.google.com/apis/api/compute.googleapis.com/overview?project=211204916402","consumer":"projects/211204916402","containerInfo":"211204916402","serviceTitle":"Compute Engine API","service":"compute.googleapis.com"}},{"@type":"type.googleapis.com/google.rpc.LocalizedMessage","locale":"en-US","message":"Compute Engine API has not been used in project 211204916402 before or it is disabled. Enable it by visiting https://console.developers.google.com/apis/api/compute.googleapis.com/overview?project=211204916402 then retry. If you enabled this API recently, wait a few minutes for the action to propagate to our systems and retry."},{"@type":"type.googleapis.com/google.rpc.Help","links":[{"description":"Google developers console API activation","url":"https://console.developers.google.com/apis/api/compute.googleapis.com/overview?project=211204916402"}]}]}},"response":{"statusCode":403}},"exit":1,"message":"Request to https://compute.googleapis.com/compute/v1/projects/211204916402 had HTTP Error: 403, Compute Engine API has not been used in project 211204916402 before or it is disabled. Enable it by visiting https://console.developers.google.com/apis/api/compute.googleapis.com/overview?project=211204916402 then retry. If you enabled this API recently, wait a few minutes for the action to propagate to our systems and retry.","status":403}
[debug] [2026-05-27T03:23:29.141Z] Checked if tokens are valid: true, expires at: 1779854270104
[debug] [2026-05-27T03:23:29.141Z] Checked if tokens are valid: true, expires at: 1779854270104
[debug] [2026-05-27T03:23:29.141Z] >>> [apiv2][query] GET https://compute.googleapis.com/compute/v1/projects/211204916402 [none]
[debug] [2026-05-27T03:23:29.505Z] <<< [apiv2][status] GET https://compute.googleapis.com/compute/v1/projects/211204916402 403
[debug] [2026-05-27T03:23:29.506Z] <<< [apiv2][body] GET https://compute.googleapis.com/compute/v1/projects/211204916402 {"error":{"code":403,"message":"Compute Engine API has not been used in project 211204916402 before or it is disabled. Enable it by visiting https://console.developers.google.com/apis/api/compute.googleapis.com/overview?project=211204916402 then retry. If you enabled this API recently, wait a few minutes for the action to propagate to our systems and retry.","errors":[{"message":"Compute Engine API has not been used in project 211204916402 before or it is disabled. Enable it by visiting https://console.developers.google.com/apis/api/compute.googleapis.com/overview?project=211204916402 then retry. If you enabled this API recently, wait a few minutes for the action to propagate to our systems and retry.","domain":"usageLimits","reason":"accessNotConfigured","extendedHelp":"https://console.developers.google.com"}],"status":"PERMISSION_DENIED","details":[{"@type":"type.googleapis.com/google.rpc.ErrorInfo","reason":"SERVICE_DISABLED","domain":"googleapis.com","metadata":{"service":"compute.googleapis.com","consumer":"projects/211204916402","activationUrl":"https://console.developers.google.com/apis/api/compute.googleapis.com/overview?project=211204916402","containerInfo":"211204916402","serviceTitle":"Compute Engine API"}},{"@type":"type.googleapis.com/google.rpc.LocalizedMessage","locale":"en-US","message":"Compute Engine API has not been used in project 211204916402 before or it is disabled. Enable it by visiting https://console.developers.google.com/apis/api/compute.googleapis.com/overview?project=211204916402 then retry. If you enabled this API recently, wait a few minutes for the action to propagate to our systems and retry."},{"@type":"type.googleapis.com/google.rpc.Help","links":[{"description":"Google developers console API activation","url":"https://console.developers.google.com/apis/api/compute.googleapis.com/overview?project=211204916402"}]}]}}
[debug] [2026-05-27T03:23:29.506Z] unable to look up default compute service account. Falling back to 211204916402-compute@developer.gserviceaccount.com. Error: {"name":"FirebaseError","children":[],"context":{"body":{"error":{"code":403,"message":"Compute Engine API has not been used in project 211204916402 before or it is disabled. Enable it by visiting https://console.developers.google.com/apis/api/compute.googleapis.com/overview?project=211204916402 then retry. If you enabled this API recently, wait a few minutes for the action to propagate to our systems and retry.","errors":[{"message":"Compute Engine API has not been used in project 211204916402 before or it is disabled. Enable it by visiting https://console.developers.google.com/apis/api/compute.googleapis.com/overview?project=211204916402 then retry. If you enabled this API recently, wait a few minutes for the action to propagate to our systems and retry.","domain":"usageLimits","reason":"accessNotConfigured","extendedHelp":"https://console.developers.google.com"}],"status":"PERMISSION_DENIED","details":[{"@type":"type.googleapis.com/google.rpc.ErrorInfo","reason":"SERVICE_DISABLED","domain":"googleapis.com","metadata":{"service":"compute.googleapis.com","consumer":"projects/211204916402","activationUrl":"https://console.developers.google.com/apis/api/compute.googleapis.com/overview?project=211204916402","containerInfo":"211204916402","serviceTitle":"Compute Engine API"}},{"@type":"type.googleapis.com/google.rpc.LocalizedMessage","locale":"en-US","message":"Compute Engine API has not been used in project 211204916402 before or it is disabled. Enable it by visiting https://console.developers.google.com/apis/api/compute.googleapis.com/overview?project=211204916402 then retry. If you enabled this API recently, wait a few minutes for the action to propagate to our systems and retry."},{"@type":"type.googleapis.com/google.rpc.Help","links":[{"description":"Google developers console API activation","url":"https://console.developers.google.com/apis/api/compute.googleapis.com/overview?project=211204916402"}]}]}},"response":{"statusCode":403}},"exit":1,"message":"Request to https://compute.googleapis.com/compute/v1/projects/211204916402 had HTTP Error: 403, Compute Engine API has not been used in project 211204916402 before or it is disabled. Enable it by visiting https://console.developers.google.com/apis/api/compute.googleapis.com/overview?project=211204916402 then retry. If you enabled this API recently, wait a few minutes for the action to propagate to our systems and retry.","status":403}
[debug] [2026-05-27T03:23:29.507Z] Checked if tokens are valid: true, expires at: 1779854270104
[debug] [2026-05-27T03:23:29.507Z] Checked if tokens are valid: true, expires at: 1779854270104
[debug] [2026-05-27T03:23:29.507Z] >>> [apiv2][query] GET https://compute.googleapis.com/compute/v1/projects/211204916402 [none]
[debug] [2026-05-27T03:23:29.902Z] <<< [apiv2][status] GET https://compute.googleapis.com/compute/v1/projects/211204916402 403
[debug] [2026-05-27T03:23:29.902Z] <<< [apiv2][body] GET https://compute.googleapis.com/compute/v1/projects/211204916402 {"error":{"code":403,"message":"Compute Engine API has not been used in project 211204916402 before or it is disabled. Enable it by visiting https://console.developers.google.com/apis/api/compute.googleapis.com/overview?project=211204916402 then retry. If you enabled this API recently, wait a few minutes for the action to propagate to our systems and retry.","errors":[{"message":"Compute Engine API has not been used in project 211204916402 before or it is disabled. Enable it by visiting https://console.developers.google.com/apis/api/compute.googleapis.com/overview?project=211204916402 then retry. If you enabled this API recently, wait a few minutes for the action to propagate to our systems and retry.","domain":"usageLimits","reason":"accessNotConfigured","extendedHelp":"https://console.developers.google.com"}],"status":"PERMISSION_DENIED","details":[{"@type":"type.googleapis.com/google.rpc.ErrorInfo","reason":"SERVICE_DISABLED","domain":"googleapis.com","metadata":{"serviceTitle":"Compute Engine API","service":"compute.googleapis.com","consumer":"projects/211204916402","containerInfo":"211204916402","activationUrl":"https://console.developers.google.com/apis/api/compute.googleapis.com/overview?project=211204916402"}},{"@type":"type.googleapis.com/google.rpc.LocalizedMessage","locale":"en-US","message":"Compute Engine API has not been used in project 211204916402 before or it is disabled. Enable it by visiting https://console.developers.google.com/apis/api/compute.googleapis.com/overview?project=211204916402 then retry. If you enabled this API recently, wait a few minutes for the action to propagate to our systems and retry."},{"@type":"type.googleapis.com/google.rpc.Help","links":[{"description":"Google developers console API activation","url":"https://console.developers.google.com/apis/api/compute.googleapis.com/overview?project=211204916402"}]}]}}
[debug] [2026-05-27T03:23:29.902Z] unable to look up default compute service account. Falling back to 211204916402-compute@developer.gserviceaccount.com. Error: {"name":"FirebaseError","children":[],"context":{"body":{"error":{"code":403,"message":"Compute Engine API has not been used in project 211204916402 before or it is disabled. Enable it by visiting https://console.developers.google.com/apis/api/compute.googleapis.com/overview?project=211204916402 then retry. If you enabled this API recently, wait a few minutes for the action to propagate to our systems and retry.","errors":[{"message":"Compute Engine API has not been used in project 211204916402 before or it is disabled. Enable it by visiting https://console.developers.google.com/apis/api/compute.googleapis.com/overview?project=211204916402 then retry. If you enabled this API recently, wait a few minutes for the action to propagate to our systems and retry.","domain":"usageLimits","reason":"accessNotConfigured","extendedHelp":"https://console.developers.google.com"}],"status":"PERMISSION_DENIED","details":[{"@type":"type.googleapis.com/google.rpc.ErrorInfo","reason":"SERVICE_DISABLED","domain":"googleapis.com","metadata":{"serviceTitle":"Compute Engine API","service":"compute.googleapis.com","consumer":"projects/211204916402","containerInfo":"211204916402","activationUrl":"https://console.developers.google.com/apis/api/compute.googleapis.com/overview?project=211204916402"}},{"@type":"type.googleapis.com/google.rpc.LocalizedMessage","locale":"en-US","message":"Compute Engine API has not been used in project 211204916402 before or it is disabled. Enable it by visiting https://console.developers.google.com/apis/api/compute.googleapis.com/overview?project=211204916402 then retry. If you enabled this API recently, wait a few minutes for the action to propagate to our systems and retry."},{"@type":"type.googleapis.com/google.rpc.Help","links":[{"description":"Google developers console API activation","url":"https://console.developers.google.com/apis/api/compute.googleapis.com/overview?project=211204916402"}]}]}},"response":{"statusCode":403}},"exit":1,"message":"Request to https://compute.googleapis.com/compute/v1/projects/211204916402 had HTTP Error: 403, Compute Engine API has not been used in project 211204916402 before or it is disabled. Enable it by visiting https://console.developers.google.com/apis/api/compute.googleapis.com/overview?project=211204916402 then retry. If you enabled this API recently, wait a few minutes for the action to propagate to our systems and retry.","status":403}
[debug] [2026-05-27T03:23:29.902Z] Checked if tokens are valid: true, expires at: 1779854270104
[debug] [2026-05-27T03:23:29.903Z] Checked if tokens are valid: true, expires at: 1779854270104
[debug] [2026-05-27T03:23:29.903Z] >>> [apiv2][query] GET https://compute.googleapis.com/compute/v1/projects/211204916402 [none]
[debug] [2026-05-27T03:23:30.284Z] <<< [apiv2][status] GET https://compute.googleapis.com/compute/v1/projects/211204916402 403
[debug] [2026-05-27T03:23:30.284Z] <<< [apiv2][body] GET https://compute.googleapis.com/compute/v1/projects/211204916402 {"error":{"code":403,"message":"Compute Engine API has not been used in project 211204916402 before or it is disabled. Enable it by visiting https://console.developers.google.com/apis/api/compute.googleapis.com/overview?project=211204916402 then retry. If you enabled this API recently, wait a few minutes for the action to propagate to our systems and retry.","errors":[{"message":"Compute Engine API has not been used in project 211204916402 before or it is disabled. Enable it by visiting https://console.developers.google.com/apis/api/compute.googleapis.com/overview?project=211204916402 then retry. If you enabled this API recently, wait a few minutes for the action to propagate to our systems and retry.","domain":"usageLimits","reason":"accessNotConfigured","extendedHelp":"https://console.developers.google.com"}],"status":"PERMISSION_DENIED","details":[{"@type":"type.googleapis.com/google.rpc.ErrorInfo","reason":"SERVICE_DISABLED","domain":"googleapis.com","metadata":{"serviceTitle":"Compute Engine API","service":"compute.googleapis.com","containerInfo":"211204916402","activationUrl":"https://console.developers.google.com/apis/api/compute.googleapis.com/overview?project=211204916402","consumer":"projects/211204916402"}},{"@type":"type.googleapis.com/google.rpc.LocalizedMessage","locale":"en-US","message":"Compute Engine API has not been used in project 211204916402 before or it is disabled. Enable it by visiting https://console.developers.google.com/apis/api/compute.googleapis.com/overview?project=211204916402 then retry. If you enabled this API recently, wait a few minutes for the action to propagate to our systems and retry."},{"@type":"type.googleapis.com/google.rpc.Help","links":[{"description":"Google developers console API activation","url":"https://console.developers.google.com/apis/api/compute.googleapis.com/overview?project=211204916402"}]}]}}
[debug] [2026-05-27T03:23:30.285Z] unable to look up default compute service account. Falling back to 211204916402-compute@developer.gserviceaccount.com. Error: {"name":"FirebaseError","children":[],"context":{"body":{"error":{"code":403,"message":"Compute Engine API has not been used in project 211204916402 before or it is disabled. Enable it by visiting https://console.developers.google.com/apis/api/compute.googleapis.com/overview?project=211204916402 then retry. If you enabled this API recently, wait a few minutes for the action to propagate to our systems and retry.","errors":[{"message":"Compute Engine API has not been used in project 211204916402 before or it is disabled. Enable it by visiting https://console.developers.google.com/apis/api/compute.googleapis.com/overview?project=211204916402 then retry. If you enabled this API recently, wait a few minutes for the action to propagate to our systems and retry.","domain":"usageLimits","reason":"accessNotConfigured","extendedHelp":"https://console.developers.google.com"}],"status":"PERMISSION_DENIED","details":[{"@type":"type.googleapis.com/google.rpc.ErrorInfo","reason":"SERVICE_DISABLED","domain":"googleapis.com","metadata":{"serviceTitle":"Compute Engine API","service":"compute.googleapis.com","containerInfo":"211204916402","activationUrl":"https://console.developers.google.com/apis/api/compute.googleapis.com/overview?project=211204916402","consumer":"projects/211204916402"}},{"@type":"type.googleapis.com/google.rpc.LocalizedMessage","locale":"en-US","message":"Compute Engine API has not been used in project 211204916402 before or it is disabled. Enable it by visiting https://console.developers.google.com/apis/api/compute.googleapis.com/overview?project=211204916402 then retry. If you enabled this API recently, wait a few minutes for the action to propagate to our systems and retry."},{"@type":"type.googleapis.com/google.rpc.Help","links":[{"description":"Google developers console API activation","url":"https://console.developers.google.com/apis/api/compute.googleapis.com/overview?project=211204916402"}]}]}},"response":{"statusCode":403}},"exit":1,"message":"Request to https://compute.googleapis.com/compute/v1/projects/211204916402 had HTTP Error: 403, Compute Engine API has not been used in project 211204916402 before or it is disabled. Enable it by visiting https://console.developers.google.com/apis/api/compute.googleapis.com/overview?project=211204916402 then retry. If you enabled this API recently, wait a few minutes for the action to propagate to our systems and retry.","status":403}
[debug] [2026-05-27T03:23:30.285Z] Checked if tokens are valid: true, expires at: 1779854270104
[debug] [2026-05-27T03:23:30.285Z] Checked if tokens are valid: true, expires at: 1779854270104
[debug] [2026-05-27T03:23:30.286Z] >>> [apiv2][query] GET https://compute.googleapis.com/compute/v1/projects/211204916402 [none]
[debug] [2026-05-27T03:23:30.589Z] <<< [apiv2][status] GET https://compute.googleapis.com/compute/v1/projects/211204916402 403
[debug] [2026-05-27T03:23:30.589Z] <<< [apiv2][body] GET https://compute.googleapis.com/compute/v1/projects/211204916402 {"error":{"code":403,"message":"Compute Engine API has not been used in project 211204916402 before or it is disabled. Enable it by visiting https://console.developers.google.com/apis/api/compute.googleapis.com/overview?project=211204916402 then retry. If you enabled this API recently, wait a few minutes for the action to propagate to our systems and retry.","errors":[{"message":"Compute Engine API has not been used in project 211204916402 before or it is disabled. Enable it by visiting https://console.developers.google.com/apis/api/compute.googleapis.com/overview?project=211204916402 then retry. If you enabled this API recently, wait a few minutes for the action to propagate to our systems and retry.","domain":"usageLimits","reason":"accessNotConfigured","extendedHelp":"https://console.developers.google.com"}],"status":"PERMISSION_DENIED","details":[{"@type":"type.googleapis.com/google.rpc.ErrorInfo","reason":"SERVICE_DISABLED","domain":"googleapis.com","metadata":{"consumer":"projects/211204916402","serviceTitle":"Compute Engine API","containerInfo":"211204916402","service":"compute.googleapis.com","activationUrl":"https://console.developers.google.com/apis/api/compute.googleapis.com/overview?project=211204916402"}},{"@type":"type.googleapis.com/google.rpc.LocalizedMessage","locale":"en-US","message":"Compute Engine API has not been used in project 211204916402 before or it is disabled. Enable it by visiting https://console.developers.google.com/apis/api/compute.googleapis.com/overview?project=211204916402 then retry. If you enabled this API recently, wait a few minutes for the action to propagate to our systems and retry."},{"@type":"type.googleapis.com/google.rpc.Help","links":[{"description":"Google developers console API activation","url":"https://console.developers.google.com/apis/api/compute.googleapis.com/overview?project=211204916402"}]}]}}
[debug] [2026-05-27T03:23:30.590Z] unable to look up default compute service account. Falling back to 211204916402-compute@developer.gserviceaccount.com. Error: {"name":"FirebaseError","children":[],"context":{"body":{"error":{"code":403,"message":"Compute Engine API has not been used in project 211204916402 before or it is disabled. Enable it by visiting https://console.developers.google.com/apis/api/compute.googleapis.com/overview?project=211204916402 then retry. If you enabled this API recently, wait a few minutes for the action to propagate to our systems and retry.","errors":[{"message":"Compute Engine API has not been used in project 211204916402 before or it is disabled. Enable it by visiting https://console.developers.google.com/apis/api/compute.googleapis.com/overview?project=211204916402 then retry. If you enabled this API recently, wait a few minutes for the action to propagate to our systems and retry.","domain":"usageLimits","reason":"accessNotConfigured","extendedHelp":"https://console.developers.google.com"}],"status":"PERMISSION_DENIED","details":[{"@type":"type.googleapis.com/google.rpc.ErrorInfo","reason":"SERVICE_DISABLED","domain":"googleapis.com","metadata":{"consumer":"projects/211204916402","serviceTitle":"Compute Engine API","containerInfo":"211204916402","service":"compute.googleapis.com","activationUrl":"https://console.developers.google.com/apis/api/compute.googleapis.com/overview?project=211204916402"}},{"@type":"type.googleapis.com/google.rpc.LocalizedMessage","locale":"en-US","message":"Compute Engine API has not been used in project 211204916402 before or it is disabled. Enable it by visiting https://console.developers.google.com/apis/api/compute.googleapis.com/overview?project=211204916402 then retry. If you enabled this API recently, wait a few minutes for the action to propagate to our systems and retry."},{"@type":"type.googleapis.com/google.rpc.Help","links":[{"description":"Google developers console API activation","url":"https://console.developers.google.com/apis/api/compute.googleapis.com/overview?project=211204916402"}]}]}},"response":{"statusCode":403}},"exit":1,"message":"Request to https://compute.googleapis.com/compute/v1/projects/211204916402 had HTTP Error: 403, Compute Engine API has not been used in project 211204916402 before or it is disabled. Enable it by visiting https://console.developers.google.com/apis/api/compute.googleapis.com/overview?project=211204916402 then retry. If you enabled this API recently, wait a few minutes for the action to propagate to our systems and retry.","status":403}
[debug] [2026-05-27T03:23:30.590Z] Checked if tokens are valid: true, expires at: 1779854270104
[debug] [2026-05-27T03:23:30.590Z] Checked if tokens are valid: true, expires at: 1779854270104
[debug] [2026-05-27T03:23:30.591Z] >>> [apiv2][query] GET https://compute.googleapis.com/compute/v1/projects/211204916402 [none]
[debug] [2026-05-27T03:23:30.902Z] <<< [apiv2][status] GET https://compute.googleapis.com/compute/v1/projects/211204916402 403
[debug] [2026-05-27T03:23:30.902Z] <<< [apiv2][body] GET https://compute.googleapis.com/compute/v1/projects/211204916402 {"error":{"code":403,"message":"Compute Engine API has not been used in project 211204916402 before or it is disabled. Enable it by visiting https://console.developers.google.com/apis/api/compute.googleapis.com/overview?project=211204916402 then retry. If you enabled this API recently, wait a few minutes for the action to propagate to our systems and retry.","errors":[{"message":"Compute Engine API has not been used in project 211204916402 before or it is disabled. Enable it by visiting https://console.developers.google.com/apis/api/compute.googleapis.com/overview?project=211204916402 then retry. If you enabled this API recently, wait a few minutes for the action to propagate to our systems and retry.","domain":"usageLimits","reason":"accessNotConfigured","extendedHelp":"https://console.developers.google.com"}],"status":"PERMISSION_DENIED","details":[{"@type":"type.googleapis.com/google.rpc.ErrorInfo","reason":"SERVICE_DISABLED","domain":"googleapis.com","metadata":{"activationUrl":"https://console.developers.google.com/apis/api/compute.googleapis.com/overview?project=211204916402","consumer":"projects/211204916402","containerInfo":"211204916402","service":"compute.googleapis.com","serviceTitle":"Compute Engine API"}},{"@type":"type.googleapis.com/google.rpc.LocalizedMessage","locale":"en-US","message":"Compute Engine API has not been used in project 211204916402 before or it is disabled. Enable it by visiting https://console.developers.google.com/apis/api/compute.googleapis.com/overview?project=211204916402 then retry. If you enabled this API recently, wait a few minutes for the action to propagate to our systems and retry."},{"@type":"type.googleapis.com/google.rpc.Help","links":[{"description":"Google developers console API activation","url":"https://console.developers.google.com/apis/api/compute.googleapis.com/overview?project=211204916402"}]}]}}
[debug] [2026-05-27T03:23:30.903Z] unable to look up default compute service account. Falling back to 211204916402-compute@developer.gserviceaccount.com. Error: {"name":"FirebaseError","children":[],"context":{"body":{"error":{"code":403,"message":"Compute Engine API has not been used in project 211204916402 before or it is disabled. Enable it by visiting https://console.developers.google.com/apis/api/compute.googleapis.com/overview?project=211204916402 then retry. If you enabled this API recently, wait a few minutes for the action to propagate to our systems and retry.","errors":[{"message":"Compute Engine API has not been used in project 211204916402 before or it is disabled. Enable it by visiting https://console.developers.google.com/apis/api/compute.googleapis.com/overview?project=211204916402 then retry. If you enabled this API recently, wait a few minutes for the action to propagate to our systems and retry.","domain":"usageLimits","reason":"accessNotConfigured","extendedHelp":"https://console.developers.google.com"}],"status":"PERMISSION_DENIED","details":[{"@type":"type.googleapis.com/google.rpc.ErrorInfo","reason":"SERVICE_DISABLED","domain":"googleapis.com","metadata":{"activationUrl":"https://console.developers.google.com/apis/api/compute.googleapis.com/overview?project=211204916402","consumer":"projects/211204916402","containerInfo":"211204916402","service":"compute.googleapis.com","serviceTitle":"Compute Engine API"}},{"@type":"type.googleapis.com/google.rpc.LocalizedMessage","locale":"en-US","message":"Compute Engine API has not been used in project 211204916402 before or it is disabled. Enable it by visiting https://console.developers.google.com/apis/api/compute.googleapis.com/overview?project=211204916402 then retry. If you enabled this API recently, wait a few minutes for the action to propagate to our systems and retry."},{"@type":"type.googleapis.com/google.rpc.Help","links":[{"description":"Google developers console API activation","url":"https://console.developers.google.com/apis/api/compute.googleapis.com/overview?project=211204916402"}]}]}},"response":{"statusCode":403}},"exit":1,"message":"Request to https://compute.googleapis.com/compute/v1/projects/211204916402 had HTTP Error: 403, Compute Engine API has not been used in project 211204916402 before or it is disabled. Enable it by visiting https://console.developers.google.com/apis/api/compute.googleapis.com/overview?project=211204916402 then retry. If you enabled this API recently, wait a few minutes for the action to propagate to our systems and retry.","status":403}
[debug] [2026-05-27T03:23:30.903Z] Checked if tokens are valid: true, expires at: 1779854270104
[debug] [2026-05-27T03:23:30.903Z] Checked if tokens are valid: true, expires at: 1779854270104
[debug] [2026-05-27T03:23:30.903Z] >>> [apiv2][query] GET https://compute.googleapis.com/compute/v1/projects/211204916402 [none]
[debug] [2026-05-27T03:23:31.247Z] <<< [apiv2][status] GET https://compute.googleapis.com/compute/v1/projects/211204916402 403
[debug] [2026-05-27T03:23:31.248Z] <<< [apiv2][body] GET https://compute.googleapis.com/compute/v1/projects/211204916402 {"error":{"code":403,"message":"Compute Engine API has not been used in project 211204916402 before or it is disabled. Enable it by visiting https://console.developers.google.com/apis/api/compute.googleapis.com/overview?project=211204916402 then retry. If you enabled this API recently, wait a few minutes for the action to propagate to our systems and retry.","errors":[{"message":"Compute Engine API has not been used in project 211204916402 before or it is disabled. Enable it by visiting https://console.developers.google.com/apis/api/compute.googleapis.com/overview?project=211204916402 then retry. If you enabled this API recently, wait a few minutes for the action to propagate to our systems and retry.","domain":"usageLimits","reason":"accessNotConfigured","extendedHelp":"https://console.developers.google.com"}],"status":"PERMISSION_DENIED","details":[{"@type":"type.googleapis.com/google.rpc.ErrorInfo","reason":"SERVICE_DISABLED","domain":"googleapis.com","metadata":{"containerInfo":"211204916402","service":"compute.googleapis.com","activationUrl":"https://console.developers.google.com/apis/api/compute.googleapis.com/overview?project=211204916402","consumer":"projects/211204916402","serviceTitle":"Compute Engine API"}},{"@type":"type.googleapis.com/google.rpc.LocalizedMessage","locale":"en-US","message":"Compute Engine API has not been used in project 211204916402 before or it is disabled. Enable it by visiting https://console.developers.google.com/apis/api/compute.googleapis.com/overview?project=211204916402 then retry. If you enabled this API recently, wait a few minutes for the action to propagate to our systems and retry."},{"@type":"type.googleapis.com/google.rpc.Help","links":[{"description":"Google developers console API activation","url":"https://console.developers.google.com/apis/api/compute.googleapis.com/overview?project=211204916402"}]}]}}
[debug] [2026-05-27T03:23:31.248Z] unable to look up default compute service account. Falling back to 211204916402-compute@developer.gserviceaccount.com. Error: {"name":"FirebaseError","children":[],"context":{"body":{"error":{"code":403,"message":"Compute Engine API has not been used in project 211204916402 before or it is disabled. Enable it by visiting https://console.developers.google.com/apis/api/compute.googleapis.com/overview?project=211204916402 then retry. If you enabled this API recently, wait a few minutes for the action to propagate to our systems and retry.","errors":[{"message":"Compute Engine API has not been used in project 211204916402 before or it is disabled. Enable it by visiting https://console.developers.google.com/apis/api/compute.googleapis.com/overview?project=211204916402 then retry. If you enabled this API recently, wait a few minutes for the action to propagate to our systems and retry.","domain":"usageLimits","reason":"accessNotConfigured","extendedHelp":"https://console.developers.google.com"}],"status":"PERMISSION_DENIED","details":[{"@type":"type.googleapis.com/google.rpc.ErrorInfo","reason":"SERVICE_DISABLED","domain":"googleapis.com","metadata":{"containerInfo":"211204916402","service":"compute.googleapis.com","activationUrl":"https://console.developers.google.com/apis/api/compute.googleapis.com/overview?project=211204916402","consumer":"projects/211204916402","serviceTitle":"Compute Engine API"}},{"@type":"type.googleapis.com/google.rpc.LocalizedMessage","locale":"en-US","message":"Compute Engine API has not been used in project 211204916402 before or it is disabled. Enable it by visiting https://console.developers.google.com/apis/api/compute.googleapis.com/overview?project=211204916402 then retry. If you enabled this API recently, wait a few minutes for the action to propagate to our systems and retry."},{"@type":"type.googleapis.com/google.rpc.Help","links":[{"description":"Google developers console API activation","url":"https://console.developers.google.com/apis/api/compute.googleapis.com/overview?project=211204916402"}]}]}},"response":{"statusCode":403}},"exit":1,"message":"Request to https://compute.googleapis.com/compute/v1/projects/211204916402 had HTTP Error: 403, Compute Engine API has not been used in project 211204916402 before or it is disabled. Enable it by visiting https://console.developers.google.com/apis/api/compute.googleapis.com/overview?project=211204916402 then retry. If you enabled this API recently, wait a few minutes for the action to propagate to our systems and retry.","status":403}
[debug] [2026-05-27T03:23:31.249Z] Checked if tokens are valid: true, expires at: 1779854270104
[debug] [2026-05-27T03:23:31.249Z] Checked if tokens are valid: true, expires at: 1779854270104
[debug] [2026-05-27T03:23:31.249Z] >>> [apiv2][query] GET https://compute.googleapis.com/compute/v1/projects/211204916402 [none]
[debug] [2026-05-27T03:23:31.582Z] <<< [apiv2][status] GET https://compute.googleapis.com/compute/v1/projects/211204916402 403
[debug] [2026-05-27T03:23:31.582Z] <<< [apiv2][body] GET https://compute.googleapis.com/compute/v1/projects/211204916402 {"error":{"code":403,"message":"Compute Engine API has not been used in project 211204916402 before or it is disabled. Enable it by visiting https://console.developers.google.com/apis/api/compute.googleapis.com/overview?project=211204916402 then retry. If you enabled this API recently, wait a few minutes for the action to propagate to our systems and retry.","errors":[{"message":"Compute Engine API has not been used in project 211204916402 before or it is disabled. Enable it by visiting https://console.developers.google.com/apis/api/compute.googleapis.com/overview?project=211204916402 then retry. If you enabled this API recently, wait a few minutes for the action to propagate to our systems and retry.","domain":"usageLimits","reason":"accessNotConfigured","extendedHelp":"https://console.developers.google.com"}],"status":"PERMISSION_DENIED","details":[{"@type":"type.googleapis.com/google.rpc.ErrorInfo","reason":"SERVICE_DISABLED","domain":"googleapis.com","metadata":{"consumer":"projects/211204916402","containerInfo":"211204916402","service":"compute.googleapis.com","serviceTitle":"Compute Engine API","activationUrl":"https://console.developers.google.com/apis/api/compute.googleapis.com/overview?project=211204916402"}},{"@type":"type.googleapis.com/google.rpc.LocalizedMessage","locale":"en-US","message":"Compute Engine API has not been used in project 211204916402 before or it is disabled. Enable it by visiting https://console.developers.google.com/apis/api/compute.googleapis.com/overview?project=211204916402 then retry. If you enabled this API recently, wait a few minutes for the action to propagate to our systems and retry."},{"@type":"type.googleapis.com/google.rpc.Help","links":[{"description":"Google developers console API activation","url":"https://console.developers.google.com/apis/api/compute.googleapis.com/overview?project=211204916402"}]}]}}
[debug] [2026-05-27T03:23:31.583Z] unable to look up default compute service account. Falling back to 211204916402-compute@developer.gserviceaccount.com. Error: {"name":"FirebaseError","children":[],"context":{"body":{"error":{"code":403,"message":"Compute Engine API has not been used in project 211204916402 before or it is disabled. Enable it by visiting https://console.developers.google.com/apis/api/compute.googleapis.com/overview?project=211204916402 then retry. If you enabled this API recently, wait a few minutes for the action to propagate to our systems and retry.","errors":[{"message":"Compute Engine API has not been used in project 211204916402 before or it is disabled. Enable it by visiting https://console.developers.google.com/apis/api/compute.googleapis.com/overview?project=211204916402 then retry. If you enabled this API recently, wait a few minutes for the action to propagate to our systems and retry.","domain":"usageLimits","reason":"accessNotConfigured","extendedHelp":"https://console.developers.google.com"}],"status":"PERMISSION_DENIED","details":[{"@type":"type.googleapis.com/google.rpc.ErrorInfo","reason":"SERVICE_DISABLED","domain":"googleapis.com","metadata":{"consumer":"projects/211204916402","containerInfo":"211204916402","service":"compute.googleapis.com","serviceTitle":"Compute Engine API","activationUrl":"https://console.developers.google.com/apis/api/compute.googleapis.com/overview?project=211204916402"}},{"@type":"type.googleapis.com/google.rpc.LocalizedMessage","locale":"en-US","message":"Compute Engine API has not been used in project 211204916402 before or it is disabled. Enable it by visiting https://console.developers.google.com/apis/api/compute.googleapis.com/overview?project=211204916402 then retry. If you enabled this API recently, wait a few minutes for the action to propagate to our systems and retry."},{"@type":"type.googleapis.com/google.rpc.Help","links":[{"description":"Google developers console API activation","url":"https://console.developers.google.com/apis/api/compute.googleapis.com/overview?project=211204916402"}]}]}},"response":{"statusCode":403}},"exit":1,"message":"Request to https://compute.googleapis.com/compute/v1/projects/211204916402 had HTTP Error: 403, Compute Engine API has not been used in project 211204916402 before or it is disabled. Enable it by visiting https://console.developers.google.com/apis/api/compute.googleapis.com/overview?project=211204916402 then retry. If you enabled this API recently, wait a few minutes for the action to propagate to our systems and retry.","status":403}
[debug] [2026-05-27T03:23:31.585Z] Checked if tokens are valid: true, expires at: 1779854270104
[debug] [2026-05-27T03:23:31.585Z] Checked if tokens are valid: true, expires at: 1779854270104
[debug] [2026-05-27T03:23:31.586Z] >>> [apiv2][query] GET https://cloudbilling.googleapis.com/v1/projects/reachthesoul-prod/billingInfo [none]
[debug] [2026-05-27T03:23:32.119Z] <<< [apiv2][status] GET https://cloudbilling.googleapis.com/v1/projects/reachthesoul-prod/billingInfo 200
[debug] [2026-05-27T03:23:32.119Z] <<< [apiv2][body] GET https://cloudbilling.googleapis.com/v1/projects/reachthesoul-prod/billingInfo {"name":"projects/reachthesoul-prod/billingInfo","projectId":"reachthesoul-prod","billingAccountName":"billingAccounts/014701-F286F4-0923EF","billingEnabled":true}
[debug] [2026-05-27T03:23:32.123Z] Checked if tokens are valid: true, expires at: 1779854270104
[debug] [2026-05-27T03:23:32.123Z] Checked if tokens are valid: true, expires at: 1779854270104
[debug] [2026-05-27T03:23:32.124Z] >>> [apiv2][query] POST https://cloudfunctions.googleapis.com/v2/projects/reachthesoul-prod/locations/asia-southeast1/functions:generateUploadUrl [none]
[debug] [2026-05-27T03:23:32.736Z] <<< [apiv2][status] POST https://cloudfunctions.googleapis.com/v2/projects/reachthesoul-prod/locations/asia-southeast1/functions:generateUploadUrl 200
[debug] [2026-05-27T03:23:32.736Z] <<< [apiv2][body] POST https://cloudfunctions.googleapis.com/v2/projects/reachthesoul-prod/locations/asia-southeast1/functions:generateUploadUrl {"uploadUrl":"https://storage.googleapis.com/gcf-v2-uploads-211204916402.asia-southeast1.cloudfunctions.appspot.com/23f01299-08db-4173-aba8-bfcc7b6e78c2.zip?GoogleAccessId=service-211204916402@gcf-admin-robot.iam.gserviceaccount.com&Expires=1779854012&Signature=XEgeAgfZIq7r1OliQmSxKbZZmLCX1g56BccThrpnryzHaoepsLcmiMUHiOGJrMla%2FGG%2FeJu2aIeyBOxYdvGIWqJ6Tk7lOaTr2RI1RyDnNW7HUxlFCLG7GaDIrtukz9hLzp6ER84n632kGQEzzoILPmLa%2BvBMzCl2WY8qWajiOV0QXTWtDpGOlnuSOZgXvV9LdAWMnIOJQPa4QzjwkZqpV4Sq7G1RgJckMK3CK%2BwnZVMgB3z9hwKfySh66zwxXayaxI4GAAZ8j1xNSt8o5%2FwcI0AjcGSGBeX%2B5G1wE5dzdeDAxTIiIHoYkqmjcy%2FjgUZctGJuvqTB9jN%2BzYisekGTAg%3D%3D","storageSource":{"bucket":"gcf-v2-uploads-211204916402.asia-southeast1.cloudfunctions.appspot.com","object":"23f01299-08db-4173-aba8-bfcc7b6e78c2.zip"}}
[debug] [2026-05-27T03:23:32.738Z] >>> [apiv2][query] PUT https://storage.googleapis.com/gcf-v2-uploads-211204916402.asia-southeast1.cloudfunctions.appspot.com/23f01299-08db-4173-aba8-bfcc7b6e78c2.zip GoogleAccessId=service-211204916402%40gcf-admin-robot.iam.gserviceaccount.com&Expires=1779854012&Signature=XEgeAgfZIq7r1OliQmSxKbZZmLCX1g56BccThrpnryzHaoepsLcmiMUHiOGJrMla%2FGG%2FeJu2aIeyBOxYdvGIWqJ6Tk7lOaTr2RI1RyDnNW7HUxlFCLG7GaDIrtukz9hLzp6ER84n632kGQEzzoILPmLa%2BvBMzCl2WY8qWajiOV0QXTWtDpGOlnuSOZgXvV9LdAWMnIOJQPa4QzjwkZqpV4Sq7G1RgJckMK3CK%2BwnZVMgB3z9hwKfySh66zwxXayaxI4GAAZ8j1xNSt8o5%2FwcI0AjcGSGBeX%2B5G1wE5dzdeDAxTIiIHoYkqmjcy%2FjgUZctGJuvqTB9jN%2BzYisekGTAg%3D%3D
[debug] [2026-05-27T03:23:32.738Z] >>> [apiv2][body] PUT https://storage.googleapis.com/gcf-v2-uploads-211204916402.asia-southeast1.cloudfunctions.appspot.com/23f01299-08db-4173-aba8-bfcc7b6e78c2.zip [stream]
[debug] [2026-05-27T03:23:33.448Z] <<< [apiv2][status] PUT https://storage.googleapis.com/gcf-v2-uploads-211204916402.asia-southeast1.cloudfunctions.appspot.com/23f01299-08db-4173-aba8-bfcc7b6e78c2.zip 200
[debug] [2026-05-27T03:23:33.448Z] <<< [apiv2][body] PUT https://storage.googleapis.com/gcf-v2-uploads-211204916402.asia-southeast1.cloudfunctions.appspot.com/23f01299-08db-4173-aba8-bfcc7b6e78c2.zip [omitted]
[info] +  functions: functions source uploaded successfully 
[info] i  functions: creating Node.js 22 (2nd Gen) function cleanupExpiredOrgData(asia-southeast1)... 
[info] i  functions: updating Node.js 22 (2nd Gen) function onMessageCreated(asia-southeast1)... 
[info] i  functions: updating Node.js 22 (2nd Gen) function webhookWhatsapp(asia-southeast1)... 
[info] i  functions: updating Node.js 22 (2nd Gen) function webhookFonnte(asia-southeast1)... 
[info] i  functions: updating Node.js 22 (2nd Gen) function webhookInstagram(asia-southeast1)... 
[info] i  functions: updating Node.js 22 (2nd Gen) function webhookFacebook(asia-southeast1)... 
[info] i  functions: updating Node.js 22 (2nd Gen) function webhookCall(asia-southeast1)... 
[info] i  functions: updating Node.js 22 (2nd Gen) function onRespondentMessage(asia-southeast1)... 
[debug] [2026-05-27T03:23:33.463Z] Checked if tokens are valid: true, expires at: 1779854270104
[debug] [2026-05-27T03:23:33.463Z] Checked if tokens are valid: true, expires at: 1779854270104
[debug] [2026-05-27T03:23:33.463Z] >>> [apiv2][query] POST https://cloudfunctions.googleapis.com/v2/projects/reachthesoul-prod/locations/asia-southeast1/functions functionId=cleanupExpiredOrgData
[debug] [2026-05-27T03:23:33.464Z] >>> [apiv2][body] POST https://cloudfunctions.googleapis.com/v2/projects/reachthesoul-prod/locations/asia-southeast1/functions {"name":"projects/reachthesoul-prod/locations/asia-southeast1/functions/cleanupExpiredOrgData","buildConfig":{"runtime":"nodejs22","entryPoint":"cleanupExpiredOrgData","source":{"storageSource":{"bucket":"gcf-v2-uploads-211204916402.asia-southeast1.cloudfunctions.appspot.com","object":"23f01299-08db-4173-aba8-bfcc7b6e78c2.zip"}},"environmentVariables":{"GOOGLE_NODE_RUN_SCRIPTS":""}},"serviceConfig":{"environmentVariables":{"FIREBASE_CONFIG":"{\"projectId\":\"reachthesoul-prod\",\"storageBucket\":\"reachthesoul-prod.firebasestorage.app\"}","GCLOUD_PROJECT":"reachthesoul-prod","EVENTARC_CLOUD_EVENT_SOURCE":"projects/reachthesoul-prod/locations/asia-southeast1/services/cleanupExpiredOrgData","FUNCTION_TARGET":"cleanupExpiredOrgData","LOG_EXECUTION_ID":"true"},"ingressSettings":null,"timeoutSeconds":null,"serviceAccountEmail":null,"availableMemory":"256Mi","minInstanceCount":null,"maxInstanceCount":null,"maxInstanceRequestConcurrency":80,"availableCpu":"1","vpcConnector":null,"vpcConnectorEgressSettings":null,"directVpcNetworkInterface":null,"directVpcEgress":null},"labels":{"deployment-tool":"cli-firebase","deployment-scheduled":"true","firebase-functions-hash":"d949fbdd3354df20e5db571c3a33cc7933af4469"}}
[debug] [2026-05-27T03:23:34.753Z] <<< [apiv2][status] POST https://cloudfunctions.googleapis.com/v2/projects/reachthesoul-prod/locations/asia-southeast1/functions 200
[debug] [2026-05-27T03:23:34.753Z] <<< [apiv2][body] POST https://cloudfunctions.googleapis.com/v2/projects/reachthesoul-prod/locations/asia-southeast1/functions {"name":"projects/reachthesoul-prod/locations/asia-southeast1/operations/operation-1779852213623-652c422f21c41-c1105938-8c8d7721","metadata":{"@type":"type.googleapis.com/google.cloud.functions.v2.OperationMetadata","createTime":"2026-05-27T03:23:34.745186639Z","target":"projects/reachthesoul-prod/locations/asia-southeast1/functions/cleanupExpiredOrgData","verb":"create","cancelRequested":false,"apiVersion":"v2"},"done":false}
[debug] [2026-05-27T03:23:34.754Z] Checked if tokens are valid: true, expires at: 1779854270104
[debug] [2026-05-27T03:23:34.754Z] Checked if tokens are valid: true, expires at: 1779854270104
[debug] [2026-05-27T03:23:34.755Z] >>> [apiv2][query] GET https://cloudfunctions.googleapis.com/v2/projects/reachthesoul-prod/locations/asia-southeast1/operations/operation-1779852213623-652c422f21c41-c1105938-8c8d7721 [none]
[debug] [2026-05-27T03:23:35.052Z] <<< [apiv2][status] GET https://cloudfunctions.googleapis.com/v2/projects/reachthesoul-prod/locations/asia-southeast1/operations/operation-1779852213623-652c422f21c41-c1105938-8c8d7721 200
[debug] [2026-05-27T03:23:35.053Z] <<< [apiv2][body] GET https://cloudfunctions.googleapis.com/v2/projects/reachthesoul-prod/locations/asia-southeast1/operations/operation-1779852213623-652c422f21c41-c1105938-8c8d7721 {"name":"projects/reachthesoul-prod/locations/asia-southeast1/operations/operation-1779852213623-652c422f21c41-c1105938-8c8d7721","metadata":{"@type":"type.googleapis.com/google.cloud.functions.v2.OperationMetadata","createTime":"2026-05-27T03:23:34.745186639Z","target":"projects/reachthesoul-prod/locations/asia-southeast1/functions/cleanupExpiredOrgData","verb":"create","cancelRequested":false,"apiVersion":"v2"},"done":false}
[debug] [2026-05-27T03:23:35.556Z] [create-default-asia-southeast1-cleanupExpiredOrgData] Retrying task index 0
[debug] [2026-05-27T03:23:35.556Z] Checked if tokens are valid: true, expires at: 1779854270104
[debug] [2026-05-27T03:23:35.556Z] Checked if tokens are valid: true, expires at: 1779854270104
[debug] [2026-05-27T03:23:35.557Z] >>> [apiv2][query] GET https://cloudfunctions.googleapis.com/v2/projects/reachthesoul-prod/locations/asia-southeast1/operations/operation-1779852213623-652c422f21c41-c1105938-8c8d7721 [none]
[debug] [2026-05-27T03:23:35.743Z] <<< [apiv2][status] GET https://cloudfunctions.googleapis.com/v2/projects/reachthesoul-prod/locations/asia-southeast1/operations/operation-1779852213623-652c422f21c41-c1105938-8c8d7721 200
[debug] [2026-05-27T03:23:35.743Z] <<< [apiv2][body] GET https://cloudfunctions.googleapis.com/v2/projects/reachthesoul-prod/locations/asia-southeast1/operations/operation-1779852213623-652c422f21c41-c1105938-8c8d7721 {"name":"projects/reachthesoul-prod/locations/asia-southeast1/operations/operation-1779852213623-652c422f21c41-c1105938-8c8d7721","metadata":{"@type":"type.googleapis.com/google.cloud.functions.v2.OperationMetadata","createTime":"2026-05-27T03:23:34.745186639Z","target":"projects/reachthesoul-prod/locations/asia-southeast1/functions/cleanupExpiredOrgData","verb":"create","cancelRequested":false,"apiVersion":"v2","requestResource":{"@type":"type.googleapis.com/google.cloud.functions.v2.Function","name":"projects/reachthesoul-prod/locations/asia-southeast1/functions/cleanupExpiredOrgData","buildConfig":{"runtime":"nodejs22","entryPoint":"cleanupExpiredOrgData","source":{"storageSource":{"bucket":"gcf-v2-sources-211204916402-asia-southeast1","object":"cleanupExpiredOrgData/function-source.zip","generation":"1779852213993132"}},"environmentVariables":{"GOOGLE_NODE_RUN_SCRIPTS":""},"serviceAccount":"projects/reachthesoul-prod/serviceAccounts/211204916402-compute@developer.gserviceaccount.com","automaticUpdatePolicy":{}},"serviceConfig":{"service":"projects/reachthesoul-prod/locations/asia-southeast1/services/cleanupexpiredorgdata","timeoutSeconds":60,"environmentVariables":{"FIREBASE_CONFIG":"{\"projectId\":\"reachthesoul-prod\",\"storageBucket\":\"reachthesoul-prod.firebasestorage.app\"}","GCLOUD_PROJECT":"reachthesoul-prod","EVENTARC_CLOUD_EVENT_SOURCE":"projects/reachthesoul-prod/locations/asia-southeast1/services/cleanupExpiredOrgData","FUNCTION_TARGET":"cleanupExpiredOrgData","LOG_EXECUTION_ID":"true"},"ingressSettings":"ALLOW_ALL","serviceAccountEmail":"211204916402-compute@developer.gserviceaccount.com","availableMemory":"256Mi","maxInstanceRequestConcurrency":80,"availableCpu":"1"},"labels":{"deployment-tool":"cli-firebase","deployment-scheduled":"true","firebase-functions-hash":"d949fbdd3354df20e5db571c3a33cc7933af4469"},"environment":"GEN_2"},"stages":[{"name":"BUILD","state":"NOT_STARTED"},{"name":"SERVICE","state":"NOT_STARTED"}],"operationType":"CREATE_FUNCTION"},"done":false}
[debug] [2026-05-27T03:23:36.746Z] [create-default-asia-southeast1-cleanupExpiredOrgData] Retrying task index 0
[debug] [2026-05-27T03:23:36.747Z] Checked if tokens are valid: true, expires at: 1779854270104
[debug] [2026-05-27T03:23:36.748Z] Checked if tokens are valid: true, expires at: 1779854270104
[debug] [2026-05-27T03:23:36.748Z] >>> [apiv2][query] GET https://cloudfunctions.googleapis.com/v2/projects/reachthesoul-prod/locations/asia-southeast1/operations/operation-1779852213623-652c422f21c41-c1105938-8c8d7721 [none]
[debug] [2026-05-27T03:23:36.894Z] <<< [apiv2][status] GET https://cloudfunctions.googleapis.com/v2/projects/reachthesoul-prod/locations/asia-southeast1/operations/operation-1779852213623-652c422f21c41-c1105938-8c8d7721 200
[debug] [2026-05-27T03:23:36.895Z] <<< [apiv2][body] GET https://cloudfunctions.googleapis.com/v2/projects/reachthesoul-prod/locations/asia-southeast1/operations/operation-1779852213623-652c422f21c41-c1105938-8c8d7721 {"name":"projects/reachthesoul-prod/locations/asia-southeast1/operations/operation-1779852213623-652c422f21c41-c1105938-8c8d7721","metadata":{"@type":"type.googleapis.com/google.cloud.functions.v2.OperationMetadata","createTime":"2026-05-27T03:23:34.745186639Z","target":"projects/reachthesoul-prod/locations/asia-southeast1/functions/cleanupExpiredOrgData","verb":"create","cancelRequested":false,"apiVersion":"v2","requestResource":{"@type":"type.googleapis.com/google.cloud.functions.v2.Function","name":"projects/reachthesoul-prod/locations/asia-southeast1/functions/cleanupExpiredOrgData","buildConfig":{"runtime":"nodejs22","entryPoint":"cleanupExpiredOrgData","source":{"storageSource":{"bucket":"gcf-v2-sources-211204916402-asia-southeast1","object":"cleanupExpiredOrgData/function-source.zip","generation":"1779852213993132"}},"environmentVariables":{"GOOGLE_NODE_RUN_SCRIPTS":""},"serviceAccount":"projects/reachthesoul-prod/serviceAccounts/211204916402-compute@developer.gserviceaccount.com","automaticUpdatePolicy":{}},"serviceConfig":{"service":"projects/reachthesoul-prod/locations/asia-southeast1/services/cleanupexpiredorgdata","timeoutSeconds":60,"environmentVariables":{"FIREBASE_CONFIG":"{\"projectId\":\"reachthesoul-prod\",\"storageBucket\":\"reachthesoul-prod.firebasestorage.app\"}","GCLOUD_PROJECT":"reachthesoul-prod","EVENTARC_CLOUD_EVENT_SOURCE":"projects/reachthesoul-prod/locations/asia-southeast1/services/cleanupExpiredOrgData","FUNCTION_TARGET":"cleanupExpiredOrgData","LOG_EXECUTION_ID":"true"},"ingressSettings":"ALLOW_ALL","serviceAccountEmail":"211204916402-compute@developer.gserviceaccount.com","availableMemory":"256Mi","maxInstanceRequestConcurrency":80,"availableCpu":"1"},"labels":{"deployment-tool":"cli-firebase","deployment-scheduled":"true","firebase-functions-hash":"d949fbdd3354df20e5db571c3a33cc7933af4469"},"environment":"GEN_2"},"stages":[{"name":"BUILD","message":"Creating build","state":"IN_PROGRESS","resource":"projects/211204916402/locations/asia-southeast1/builds/f81c2f97-1f49-4ca2-921b-f50e7cde9f0e","resourceUri":"https://console.cloud.google.com/cloud-build/builds;region=asia-southeast1/f81c2f97-1f49-4ca2-921b-f50e7cde9f0e?project=211204916402"},{"name":"SERVICE","state":"NOT_STARTED"}],"operationType":"CREATE_FUNCTION","buildName":"projects/211204916402/locations/asia-southeast1/builds/f81c2f97-1f49-4ca2-921b-f50e7cde9f0e"},"done":false}
[debug] [2026-05-27T03:23:38.902Z] [create-default-asia-southeast1-cleanupExpiredOrgData] Retrying task index 0
[debug] [2026-05-27T03:23:38.903Z] Checked if tokens are valid: true, expires at: 1779854270104
[debug] [2026-05-27T03:23:38.903Z] Checked if tokens are valid: true, expires at: 1779854270104
[debug] [2026-05-27T03:23:38.904Z] >>> [apiv2][query] GET https://cloudfunctions.googleapis.com/v2/projects/reachthesoul-prod/locations/asia-southeast1/operations/operation-1779852213623-652c422f21c41-c1105938-8c8d7721 [none]
[debug] [2026-05-27T03:23:39.220Z] <<< [apiv2][status] GET https://cloudfunctions.googleapis.com/v2/projects/reachthesoul-prod/locations/asia-southeast1/operations/operation-1779852213623-652c422f21c41-c1105938-8c8d7721 200
[debug] [2026-05-27T03:23:39.220Z] <<< [apiv2][body] GET https://cloudfunctions.googleapis.com/v2/projects/reachthesoul-prod/locations/asia-southeast1/operations/operation-1779852213623-652c422f21c41-c1105938-8c8d7721 {"name":"projects/reachthesoul-prod/locations/asia-southeast1/operations/operation-1779852213623-652c422f21c41-c1105938-8c8d7721","metadata":{"@type":"type.googleapis.com/google.cloud.functions.v2.OperationMetadata","createTime":"2026-05-27T03:23:34.745186639Z","target":"projects/reachthesoul-prod/locations/asia-southeast1/functions/cleanupExpiredOrgData","verb":"create","cancelRequested":false,"apiVersion":"v2","requestResource":{"@type":"type.googleapis.com/google.cloud.functions.v2.Function","name":"projects/reachthesoul-prod/locations/asia-southeast1/functions/cleanupExpiredOrgData","buildConfig":{"runtime":"nodejs22","entryPoint":"cleanupExpiredOrgData","source":{"storageSource":{"bucket":"gcf-v2-sources-211204916402-asia-southeast1","object":"cleanupExpiredOrgData/function-source.zip","generation":"1779852213993132"}},"environmentVariables":{"GOOGLE_NODE_RUN_SCRIPTS":""},"serviceAccount":"projects/reachthesoul-prod/serviceAccounts/211204916402-compute@developer.gserviceaccount.com","automaticUpdatePolicy":{}},"serviceConfig":{"service":"projects/reachthesoul-prod/locations/asia-southeast1/services/cleanupexpiredorgdata","timeoutSeconds":60,"environmentVariables":{"FIREBASE_CONFIG":"{\"projectId\":\"reachthesoul-prod\",\"storageBucket\":\"reachthesoul-prod.firebasestorage.app\"}","GCLOUD_PROJECT":"reachthesoul-prod","EVENTARC_CLOUD_EVENT_SOURCE":"projects/reachthesoul-prod/locations/asia-southeast1/services/cleanupExpiredOrgData","FUNCTION_TARGET":"cleanupExpiredOrgData","LOG_EXECUTION_ID":"true"},"ingressSettings":"ALLOW_ALL","serviceAccountEmail":"211204916402-compute@developer.gserviceaccount.com","availableMemory":"256Mi","maxInstanceRequestConcurrency":80,"availableCpu":"1"},"labels":{"deployment-tool":"cli-firebase","deployment-scheduled":"true","firebase-functions-hash":"d949fbdd3354df20e5db571c3a33cc7933af4469"},"environment":"GEN_2"},"stages":[{"name":"BUILD","message":"Build in progress","state":"IN_PROGRESS","resource":"projects/211204916402/locations/asia-southeast1/builds/f81c2f97-1f49-4ca2-921b-f50e7cde9f0e","resourceUri":"https://console.cloud.google.com/cloud-build/builds;region=asia-southeast1/f81c2f97-1f49-4ca2-921b-f50e7cde9f0e?project=211204916402"},{"name":"SERVICE","state":"NOT_STARTED"}],"operationType":"CREATE_FUNCTION","buildName":"projects/211204916402/locations/asia-southeast1/builds/f81c2f97-1f49-4ca2-921b-f50e7cde9f0e"},"done":false}
[debug] [2026-05-27T03:23:43.222Z] [create-default-asia-southeast1-cleanupExpiredOrgData] Retrying task index 0
[debug] [2026-05-27T03:23:43.223Z] Checked if tokens are valid: true, expires at: 1779854270104
[debug] [2026-05-27T03:23:43.224Z] Checked if tokens are valid: true, expires at: 1779854270104
[debug] [2026-05-27T03:23:43.224Z] >>> [apiv2][query] GET https://cloudfunctions.googleapis.com/v2/projects/reachthesoul-prod/locations/asia-southeast1/operations/operation-1779852213623-652c422f21c41-c1105938-8c8d7721 [none]
[debug] [2026-05-27T03:23:43.367Z] <<< [apiv2][status] GET https://cloudfunctions.googleapis.com/v2/projects/reachthesoul-prod/locations/asia-southeast1/operations/operation-1779852213623-652c422f21c41-c1105938-8c8d7721 200
[debug] [2026-05-27T03:23:43.367Z] <<< [apiv2][body] GET https://cloudfunctions.googleapis.com/v2/projects/reachthesoul-prod/locations/asia-southeast1/operations/operation-1779852213623-652c422f21c41-c1105938-8c8d7721 {"name":"projects/reachthesoul-prod/locations/asia-southeast1/operations/operation-1779852213623-652c422f21c41-c1105938-8c8d7721","metadata":{"@type":"type.googleapis.com/google.cloud.functions.v2.OperationMetadata","createTime":"2026-05-27T03:23:34.745186639Z","target":"projects/reachthesoul-prod/locations/asia-southeast1/functions/cleanupExpiredOrgData","verb":"create","cancelRequested":false,"apiVersion":"v2","requestResource":{"@type":"type.googleapis.com/google.cloud.functions.v2.Function","name":"projects/reachthesoul-prod/locations/asia-southeast1/functions/cleanupExpiredOrgData","buildConfig":{"runtime":"nodejs22","entryPoint":"cleanupExpiredOrgData","source":{"storageSource":{"bucket":"gcf-v2-sources-211204916402-asia-southeast1","object":"cleanupExpiredOrgData/function-source.zip","generation":"1779852213993132"}},"environmentVariables":{"GOOGLE_NODE_RUN_SCRIPTS":""},"serviceAccount":"projects/reachthesoul-prod/serviceAccounts/211204916402-compute@developer.gserviceaccount.com","automaticUpdatePolicy":{}},"serviceConfig":{"service":"projects/reachthesoul-prod/locations/asia-southeast1/services/cleanupexpiredorgdata","timeoutSeconds":60,"environmentVariables":{"FIREBASE_CONFIG":"{\"projectId\":\"reachthesoul-prod\",\"storageBucket\":\"reachthesoul-prod.firebasestorage.app\"}","GCLOUD_PROJECT":"reachthesoul-prod","EVENTARC_CLOUD_EVENT_SOURCE":"projects/reachthesoul-prod/locations/asia-southeast1/services/cleanupExpiredOrgData","FUNCTION_TARGET":"cleanupExpiredOrgData","LOG_EXECUTION_ID":"true"},"ingressSettings":"ALLOW_ALL","serviceAccountEmail":"211204916402-compute@developer.gserviceaccount.com","availableMemory":"256Mi","maxInstanceRequestConcurrency":80,"availableCpu":"1"},"labels":{"deployment-tool":"cli-firebase","deployment-scheduled":"true","firebase-functions-hash":"d949fbdd3354df20e5db571c3a33cc7933af4469"},"environment":"GEN_2"},"stages":[{"name":"BUILD","message":"Build in progress","state":"IN_PROGRESS","resource":"projects/211204916402/locations/asia-southeast1/builds/f81c2f97-1f49-4ca2-921b-f50e7cde9f0e","resourceUri":"https://console.cloud.google.com/cloud-build/builds;region=asia-southeast1/f81c2f97-1f49-4ca2-921b-f50e7cde9f0e?project=211204916402"},{"name":"SERVICE","state":"NOT_STARTED"}],"operationType":"CREATE_FUNCTION","buildName":"projects/211204916402/locations/asia-southeast1/builds/f81c2f97-1f49-4ca2-921b-f50e7cde9f0e"},"done":false}
[debug] [2026-05-27T03:23:51.373Z] [create-default-asia-southeast1-cleanupExpiredOrgData] Retrying task index 0
[debug] [2026-05-27T03:23:51.374Z] Checked if tokens are valid: true, expires at: 1779854270104
[debug] [2026-05-27T03:23:51.375Z] Checked if tokens are valid: true, expires at: 1779854270104
[debug] [2026-05-27T03:23:51.376Z] >>> [apiv2][query] GET https://cloudfunctions.googleapis.com/v2/projects/reachthesoul-prod/locations/asia-southeast1/operations/operation-1779852213623-652c422f21c41-c1105938-8c8d7721 [none]
[debug] [2026-05-27T03:23:51.633Z] <<< [apiv2][status] GET https://cloudfunctions.googleapis.com/v2/projects/reachthesoul-prod/locations/asia-southeast1/operations/operation-1779852213623-652c422f21c41-c1105938-8c8d7721 200
[debug] [2026-05-27T03:23:51.633Z] <<< [apiv2][body] GET https://cloudfunctions.googleapis.com/v2/projects/reachthesoul-prod/locations/asia-southeast1/operations/operation-1779852213623-652c422f21c41-c1105938-8c8d7721 {"name":"projects/reachthesoul-prod/locations/asia-southeast1/operations/operation-1779852213623-652c422f21c41-c1105938-8c8d7721","metadata":{"@type":"type.googleapis.com/google.cloud.functions.v2.OperationMetadata","createTime":"2026-05-27T03:23:34.745186639Z","target":"projects/reachthesoul-prod/locations/asia-southeast1/functions/cleanupExpiredOrgData","verb":"create","cancelRequested":false,"apiVersion":"v2","requestResource":{"@type":"type.googleapis.com/google.cloud.functions.v2.Function","name":"projects/reachthesoul-prod/locations/asia-southeast1/functions/cleanupExpiredOrgData","buildConfig":{"runtime":"nodejs22","entryPoint":"cleanupExpiredOrgData","source":{"storageSource":{"bucket":"gcf-v2-sources-211204916402-asia-southeast1","object":"cleanupExpiredOrgData/function-source.zip","generation":"1779852213993132"}},"environmentVariables":{"GOOGLE_NODE_RUN_SCRIPTS":""},"serviceAccount":"projects/reachthesoul-prod/serviceAccounts/211204916402-compute@developer.gserviceaccount.com","automaticUpdatePolicy":{}},"serviceConfig":{"service":"projects/reachthesoul-prod/locations/asia-southeast1/services/cleanupexpiredorgdata","timeoutSeconds":60,"environmentVariables":{"FIREBASE_CONFIG":"{\"projectId\":\"reachthesoul-prod\",\"storageBucket\":\"reachthesoul-prod.firebasestorage.app\"}","GCLOUD_PROJECT":"reachthesoul-prod","EVENTARC_CLOUD_EVENT_SOURCE":"projects/reachthesoul-prod/locations/asia-southeast1/services/cleanupExpiredOrgData","FUNCTION_TARGET":"cleanupExpiredOrgData","LOG_EXECUTION_ID":"true"},"ingressSettings":"ALLOW_ALL","serviceAccountEmail":"211204916402-compute@developer.gserviceaccount.com","availableMemory":"256Mi","maxInstanceRequestConcurrency":80,"availableCpu":"1"},"labels":{"deployment-tool":"cli-firebase","deployment-scheduled":"true","firebase-functions-hash":"d949fbdd3354df20e5db571c3a33cc7933af4469"},"environment":"GEN_2"},"stages":[{"name":"BUILD","message":"Build in progress","state":"IN_PROGRESS","resource":"projects/211204916402/locations/asia-southeast1/builds/f81c2f97-1f49-4ca2-921b-f50e7cde9f0e","resourceUri":"https://console.cloud.google.com/cloud-build/builds;region=asia-southeast1/f81c2f97-1f49-4ca2-921b-f50e7cde9f0e?project=211204916402"},{"name":"SERVICE","state":"NOT_STARTED"}],"operationType":"CREATE_FUNCTION","buildName":"projects/211204916402/locations/asia-southeast1/builds/f81c2f97-1f49-4ca2-921b-f50e7cde9f0e"},"done":false}
[debug] [2026-05-27T03:24:01.640Z] [create-default-asia-southeast1-cleanupExpiredOrgData] Retrying task index 0
[debug] [2026-05-27T03:24:01.642Z] Checked if tokens are valid: true, expires at: 1779854270104
[debug] [2026-05-27T03:24:01.642Z] Checked if tokens are valid: true, expires at: 1779854270104
[debug] [2026-05-27T03:24:01.643Z] >>> [apiv2][query] GET https://cloudfunctions.googleapis.com/v2/projects/reachthesoul-prod/locations/asia-southeast1/operations/operation-1779852213623-652c422f21c41-c1105938-8c8d7721 [none]
[debug] [2026-05-27T03:24:01.854Z] <<< [apiv2][status] GET https://cloudfunctions.googleapis.com/v2/projects/reachthesoul-prod/locations/asia-southeast1/operations/operation-1779852213623-652c422f21c41-c1105938-8c8d7721 200
[debug] [2026-05-27T03:24:01.854Z] <<< [apiv2][body] GET https://cloudfunctions.googleapis.com/v2/projects/reachthesoul-prod/locations/asia-southeast1/operations/operation-1779852213623-652c422f21c41-c1105938-8c8d7721 {"name":"projects/reachthesoul-prod/locations/asia-southeast1/operations/operation-1779852213623-652c422f21c41-c1105938-8c8d7721","metadata":{"@type":"type.googleapis.com/google.cloud.functions.v2.OperationMetadata","createTime":"2026-05-27T03:23:34.745186639Z","target":"projects/reachthesoul-prod/locations/asia-southeast1/functions/cleanupExpiredOrgData","verb":"create","cancelRequested":false,"apiVersion":"v2","requestResource":{"@type":"type.googleapis.com/google.cloud.functions.v2.Function","name":"projects/reachthesoul-prod/locations/asia-southeast1/functions/cleanupExpiredOrgData","buildConfig":{"runtime":"nodejs22","entryPoint":"cleanupExpiredOrgData","source":{"storageSource":{"bucket":"gcf-v2-sources-211204916402-asia-southeast1","object":"cleanupExpiredOrgData/function-source.zip","generation":"1779852213993132"}},"environmentVariables":{"GOOGLE_NODE_RUN_SCRIPTS":""},"serviceAccount":"projects/reachthesoul-prod/serviceAccounts/211204916402-compute@developer.gserviceaccount.com","automaticUpdatePolicy":{}},"serviceConfig":{"service":"projects/reachthesoul-prod/locations/asia-southeast1/services/cleanupexpiredorgdata","timeoutSeconds":60,"environmentVariables":{"FIREBASE_CONFIG":"{\"projectId\":\"reachthesoul-prod\",\"storageBucket\":\"reachthesoul-prod.firebasestorage.app\"}","GCLOUD_PROJECT":"reachthesoul-prod","EVENTARC_CLOUD_EVENT_SOURCE":"projects/reachthesoul-prod/locations/asia-southeast1/services/cleanupExpiredOrgData","FUNCTION_TARGET":"cleanupExpiredOrgData","LOG_EXECUTION_ID":"true"},"ingressSettings":"ALLOW_ALL","serviceAccountEmail":"211204916402-compute@developer.gserviceaccount.com","availableMemory":"256Mi","maxInstanceRequestConcurrency":80,"availableCpu":"1"},"labels":{"deployment-tool":"cli-firebase","deployment-scheduled":"true","firebase-functions-hash":"d949fbdd3354df20e5db571c3a33cc7933af4469"},"environment":"GEN_2"},"stages":[{"name":"BUILD","message":"Build in progress","state":"IN_PROGRESS","resource":"projects/211204916402/locations/asia-southeast1/builds/f81c2f97-1f49-4ca2-921b-f50e7cde9f0e","resourceUri":"https://console.cloud.google.com/cloud-build/builds;region=asia-southeast1/f81c2f97-1f49-4ca2-921b-f50e7cde9f0e?project=211204916402"},{"name":"SERVICE","state":"NOT_STARTED"}],"operationType":"CREATE_FUNCTION","buildName":"projects/211204916402/locations/asia-southeast1/builds/f81c2f97-1f49-4ca2-921b-f50e7cde9f0e"},"done":false}
[debug] [2026-05-27T03:24:11.877Z] [create-default-asia-southeast1-cleanupExpiredOrgData] Retrying task index 0
[debug] [2026-05-27T03:24:11.877Z] Checked if tokens are valid: true, expires at: 1779854270104
[debug] [2026-05-27T03:24:11.877Z] Checked if tokens are valid: true, expires at: 1779854270104
[debug] [2026-05-27T03:24:11.878Z] >>> [apiv2][query] GET https://cloudfunctions.googleapis.com/v2/projects/reachthesoul-prod/locations/asia-southeast1/operations/operation-1779852213623-652c422f21c41-c1105938-8c8d7721 [none]
[debug] [2026-05-27T03:24:12.319Z] <<< [apiv2][status] GET https://cloudfunctions.googleapis.com/v2/projects/reachthesoul-prod/locations/asia-southeast1/operations/operation-1779852213623-652c422f21c41-c1105938-8c8d7721 200
[debug] [2026-05-27T03:24:12.319Z] <<< [apiv2][body] GET https://cloudfunctions.googleapis.com/v2/projects/reachthesoul-prod/locations/asia-southeast1/operations/operation-1779852213623-652c422f21c41-c1105938-8c8d7721 {"name":"projects/reachthesoul-prod/locations/asia-southeast1/operations/operation-1779852213623-652c422f21c41-c1105938-8c8d7721","metadata":{"@type":"type.googleapis.com/google.cloud.functions.v2.OperationMetadata","createTime":"2026-05-27T03:23:34.745186639Z","target":"projects/reachthesoul-prod/locations/asia-southeast1/functions/cleanupExpiredOrgData","verb":"create","cancelRequested":false,"apiVersion":"v2","requestResource":{"@type":"type.googleapis.com/google.cloud.functions.v2.Function","name":"projects/reachthesoul-prod/locations/asia-southeast1/functions/cleanupExpiredOrgData","buildConfig":{"runtime":"nodejs22","entryPoint":"cleanupExpiredOrgData","source":{"storageSource":{"bucket":"gcf-v2-sources-211204916402-asia-southeast1","object":"cleanupExpiredOrgData/function-source.zip","generation":"1779852213993132"}},"environmentVariables":{"GOOGLE_NODE_RUN_SCRIPTS":""},"serviceAccount":"projects/reachthesoul-prod/serviceAccounts/211204916402-compute@developer.gserviceaccount.com","automaticUpdatePolicy":{}},"serviceConfig":{"service":"projects/reachthesoul-prod/locations/asia-southeast1/services/cleanupexpiredorgdata","timeoutSeconds":60,"environmentVariables":{"FIREBASE_CONFIG":"{\"projectId\":\"reachthesoul-prod\",\"storageBucket\":\"reachthesoul-prod.firebasestorage.app\"}","GCLOUD_PROJECT":"reachthesoul-prod","EVENTARC_CLOUD_EVENT_SOURCE":"projects/reachthesoul-prod/locations/asia-southeast1/services/cleanupExpiredOrgData","FUNCTION_TARGET":"cleanupExpiredOrgData","LOG_EXECUTION_ID":"true"},"ingressSettings":"ALLOW_ALL","serviceAccountEmail":"211204916402-compute@developer.gserviceaccount.com","availableMemory":"256Mi","maxInstanceRequestConcurrency":80,"availableCpu":"1"},"labels":{"deployment-tool":"cli-firebase","deployment-scheduled":"true","firebase-functions-hash":"d949fbdd3354df20e5db571c3a33cc7933af4469"},"environment":"GEN_2"},"stages":[{"name":"BUILD","message":"Build in progress","state":"IN_PROGRESS","resource":"projects/211204916402/locations/asia-southeast1/builds/f81c2f97-1f49-4ca2-921b-f50e7cde9f0e","resourceUri":"https://console.cloud.google.com/cloud-build/builds;region=asia-southeast1/f81c2f97-1f49-4ca2-921b-f50e7cde9f0e?project=211204916402"},{"name":"SERVICE","state":"NOT_STARTED"}],"operationType":"CREATE_FUNCTION","buildName":"projects/211204916402/locations/asia-southeast1/builds/f81c2f97-1f49-4ca2-921b-f50e7cde9f0e"},"done":false}
[debug] [2026-05-27T03:24:22.331Z] [create-default-asia-southeast1-cleanupExpiredOrgData] Retrying task index 0
[debug] [2026-05-27T03:24:22.332Z] Checked if tokens are valid: true, expires at: 1779854270104
[debug] [2026-05-27T03:24:22.332Z] Checked if tokens are valid: true, expires at: 1779854270104
[debug] [2026-05-27T03:24:22.332Z] >>> [apiv2][query] GET https://cloudfunctions.googleapis.com/v2/projects/reachthesoul-prod/locations/asia-southeast1/operations/operation-1779852213623-652c422f21c41-c1105938-8c8d7721 [none]
[debug] [2026-05-27T03:24:22.711Z] <<< [apiv2][status] GET https://cloudfunctions.googleapis.com/v2/projects/reachthesoul-prod/locations/asia-southeast1/operations/operation-1779852213623-652c422f21c41-c1105938-8c8d7721 200
[debug] [2026-05-27T03:24:22.711Z] <<< [apiv2][body] GET https://cloudfunctions.googleapis.com/v2/projects/reachthesoul-prod/locations/asia-southeast1/operations/operation-1779852213623-652c422f21c41-c1105938-8c8d7721 {"name":"projects/reachthesoul-prod/locations/asia-southeast1/operations/operation-1779852213623-652c422f21c41-c1105938-8c8d7721","metadata":{"@type":"type.googleapis.com/google.cloud.functions.v2.OperationMetadata","createTime":"2026-05-27T03:23:34.745186639Z","target":"projects/reachthesoul-prod/locations/asia-southeast1/functions/cleanupExpiredOrgData","verb":"create","cancelRequested":false,"apiVersion":"v2","requestResource":{"@type":"type.googleapis.com/google.cloud.functions.v2.Function","name":"projects/reachthesoul-prod/locations/asia-southeast1/functions/cleanupExpiredOrgData","buildConfig":{"runtime":"nodejs22","entryPoint":"cleanupExpiredOrgData","source":{"storageSource":{"bucket":"gcf-v2-sources-211204916402-asia-southeast1","object":"cleanupExpiredOrgData/function-source.zip","generation":"1779852213993132"}},"environmentVariables":{"GOOGLE_NODE_RUN_SCRIPTS":""},"serviceAccount":"projects/reachthesoul-prod/serviceAccounts/211204916402-compute@developer.gserviceaccount.com","automaticUpdatePolicy":{}},"serviceConfig":{"service":"projects/reachthesoul-prod/locations/asia-southeast1/services/cleanupexpiredorgdata","timeoutSeconds":60,"environmentVariables":{"FIREBASE_CONFIG":"{\"projectId\":\"reachthesoul-prod\",\"storageBucket\":\"reachthesoul-prod.firebasestorage.app\"}","GCLOUD_PROJECT":"reachthesoul-prod","EVENTARC_CLOUD_EVENT_SOURCE":"projects/reachthesoul-prod/locations/asia-southeast1/services/cleanupExpiredOrgData","FUNCTION_TARGET":"cleanupExpiredOrgData","LOG_EXECUTION_ID":"true"},"ingressSettings":"ALLOW_ALL","serviceAccountEmail":"211204916402-compute@developer.gserviceaccount.com","availableMemory":"256Mi","maxInstanceRequestConcurrency":80,"availableCpu":"1"},"labels":{"deployment-tool":"cli-firebase","deployment-scheduled":"true","firebase-functions-hash":"d949fbdd3354df20e5db571c3a33cc7933af4469"},"environment":"GEN_2"},"stages":[{"name":"BUILD","message":"Build in progress","state":"IN_PROGRESS","resource":"projects/211204916402/locations/asia-southeast1/builds/f81c2f97-1f49-4ca2-921b-f50e7cde9f0e","resourceUri":"https://console.cloud.google.com/cloud-build/builds;region=asia-southeast1/f81c2f97-1f49-4ca2-921b-f50e7cde9f0e?project=211204916402"},{"name":"SERVICE","state":"NOT_STARTED"}],"operationType":"CREATE_FUNCTION","buildName":"projects/211204916402/locations/asia-southeast1/builds/f81c2f97-1f49-4ca2-921b-f50e7cde9f0e"},"done":false}
[debug] [2026-05-27T03:24:32.715Z] [create-default-asia-southeast1-cleanupExpiredOrgData] Retrying task index 0
[debug] [2026-05-27T03:24:32.716Z] Checked if tokens are valid: true, expires at: 1779854270104
[debug] [2026-05-27T03:24:32.716Z] Checked if tokens are valid: true, expires at: 1779854270104
[debug] [2026-05-27T03:24:32.716Z] >>> [apiv2][query] GET https://cloudfunctions.googleapis.com/v2/projects/reachthesoul-prod/locations/asia-southeast1/operations/operation-1779852213623-652c422f21c41-c1105938-8c8d7721 [none]
[debug] [2026-05-27T03:24:32.985Z] <<< [apiv2][status] GET https://cloudfunctions.googleapis.com/v2/projects/reachthesoul-prod/locations/asia-southeast1/operations/operation-1779852213623-652c422f21c41-c1105938-8c8d7721 200
[debug] [2026-05-27T03:24:32.985Z] <<< [apiv2][body] GET https://cloudfunctions.googleapis.com/v2/projects/reachthesoul-prod/locations/asia-southeast1/operations/operation-1779852213623-652c422f21c41-c1105938-8c8d7721 {"name":"projects/reachthesoul-prod/locations/asia-southeast1/operations/operation-1779852213623-652c422f21c41-c1105938-8c8d7721","metadata":{"@type":"type.googleapis.com/google.cloud.functions.v2.OperationMetadata","createTime":"2026-05-27T03:23:34.745186639Z","target":"projects/reachthesoul-prod/locations/asia-southeast1/functions/cleanupExpiredOrgData","verb":"create","cancelRequested":false,"apiVersion":"v2","requestResource":{"@type":"type.googleapis.com/google.cloud.functions.v2.Function","name":"projects/reachthesoul-prod/locations/asia-southeast1/functions/cleanupExpiredOrgData","buildConfig":{"runtime":"nodejs22","entryPoint":"cleanupExpiredOrgData","source":{"storageSource":{"bucket":"gcf-v2-sources-211204916402-asia-southeast1","object":"cleanupExpiredOrgData/function-source.zip","generation":"1779852213993132"}},"environmentVariables":{"GOOGLE_NODE_RUN_SCRIPTS":""},"serviceAccount":"projects/reachthesoul-prod/serviceAccounts/211204916402-compute@developer.gserviceaccount.com","automaticUpdatePolicy":{}},"serviceConfig":{"service":"projects/reachthesoul-prod/locations/asia-southeast1/services/cleanupexpiredorgdata","timeoutSeconds":60,"environmentVariables":{"FIREBASE_CONFIG":"{\"projectId\":\"reachthesoul-prod\",\"storageBucket\":\"reachthesoul-prod.firebasestorage.app\"}","GCLOUD_PROJECT":"reachthesoul-prod","EVENTARC_CLOUD_EVENT_SOURCE":"projects/reachthesoul-prod/locations/asia-southeast1/services/cleanupExpiredOrgData","FUNCTION_TARGET":"cleanupExpiredOrgData","LOG_EXECUTION_ID":"true"},"ingressSettings":"ALLOW_ALL","serviceAccountEmail":"211204916402-compute@developer.gserviceaccount.com","availableMemory":"256Mi","maxInstanceRequestConcurrency":80,"availableCpu":"1"},"labels":{"deployment-tool":"cli-firebase","deployment-scheduled":"true","firebase-functions-hash":"d949fbdd3354df20e5db571c3a33cc7933af4469"},"environment":"GEN_2"},"stages":[{"name":"BUILD","message":"Build in progress","state":"IN_PROGRESS","resource":"projects/211204916402/locations/asia-southeast1/builds/f81c2f97-1f49-4ca2-921b-f50e7cde9f0e","resourceUri":"https://console.cloud.google.com/cloud-build/builds;region=asia-southeast1/f81c2f97-1f49-4ca2-921b-f50e7cde9f0e?project=211204916402"},{"name":"SERVICE","state":"NOT_STARTED"}],"operationType":"CREATE_FUNCTION","buildName":"projects/211204916402/locations/asia-southeast1/builds/f81c2f97-1f49-4ca2-921b-f50e7cde9f0e"},"done":false}
[debug] [2026-05-27T03:24:42.998Z] [create-default-asia-southeast1-cleanupExpiredOrgData] Retrying task index 0
[debug] [2026-05-27T03:24:42.999Z] Checked if tokens are valid: true, expires at: 1779854270104
[debug] [2026-05-27T03:24:42.999Z] Checked if tokens are valid: true, expires at: 1779854270104
[debug] [2026-05-27T03:24:42.999Z] >>> [apiv2][query] GET https://cloudfunctions.googleapis.com/v2/projects/reachthesoul-prod/locations/asia-southeast1/operations/operation-1779852213623-652c422f21c41-c1105938-8c8d7721 [none]
[debug] [2026-05-27T03:24:43.211Z] <<< [apiv2][status] GET https://cloudfunctions.googleapis.com/v2/projects/reachthesoul-prod/locations/asia-southeast1/operations/operation-1779852213623-652c422f21c41-c1105938-8c8d7721 200
[debug] [2026-05-27T03:24:43.212Z] <<< [apiv2][body] GET https://cloudfunctions.googleapis.com/v2/projects/reachthesoul-prod/locations/asia-southeast1/operations/operation-1779852213623-652c422f21c41-c1105938-8c8d7721 {"name":"projects/reachthesoul-prod/locations/asia-southeast1/operations/operation-1779852213623-652c422f21c41-c1105938-8c8d7721","metadata":{"@type":"type.googleapis.com/google.cloud.functions.v2.OperationMetadata","createTime":"2026-05-27T03:23:34.745186639Z","endTime":"2026-05-27T03:24:42.684537702Z","target":"projects/reachthesoul-prod/locations/asia-southeast1/functions/cleanupExpiredOrgData","verb":"create","cancelRequested":false,"apiVersion":"v2","requestResource":{"@type":"type.googleapis.com/google.cloud.functions.v2.Function","name":"projects/reachthesoul-prod/locations/asia-southeast1/functions/cleanupExpiredOrgData","buildConfig":{"runtime":"nodejs22","entryPoint":"cleanupExpiredOrgData","source":{"storageSource":{"bucket":"gcf-v2-sources-211204916402-asia-southeast1","object":"cleanupExpiredOrgData/function-source.zip","generation":"1779852213993132"}},"environmentVariables":{"GOOGLE_NODE_RUN_SCRIPTS":""},"serviceAccount":"projects/reachthesoul-prod/serviceAccounts/211204916402-compute@developer.gserviceaccount.com","automaticUpdatePolicy":{}},"serviceConfig":{"service":"projects/reachthesoul-prod/locations/asia-southeast1/services/cleanupexpiredorgdata","timeoutSeconds":60,"environmentVariables":{"FIREBASE_CONFIG":"{\"projectId\":\"reachthesoul-prod\",\"storageBucket\":\"reachthesoul-prod.firebasestorage.app\"}","GCLOUD_PROJECT":"reachthesoul-prod","EVENTARC_CLOUD_EVENT_SOURCE":"projects/reachthesoul-prod/locations/asia-southeast1/services/cleanupExpiredOrgData","FUNCTION_TARGET":"cleanupExpiredOrgData","LOG_EXECUTION_ID":"true"},"ingressSettings":"ALLOW_ALL","serviceAccountEmail":"211204916402-compute@developer.gserviceaccount.com","availableMemory":"256Mi","maxInstanceRequestConcurrency":80,"availableCpu":"1"},"labels":{"deployment-tool":"cli-firebase","deployment-scheduled":"true","firebase-functions-hash":"d949fbdd3354df20e5db571c3a33cc7933af4469"},"environment":"GEN_2"},"stages":[{"name":"BUILD","message":"Build finished","state":"COMPLETE","resource":"projects/211204916402/locations/asia-southeast1/builds/f81c2f97-1f49-4ca2-921b-f50e7cde9f0e","resourceUri":"https://console.cloud.google.com/cloud-build/builds;region=asia-southeast1/f81c2f97-1f49-4ca2-921b-f50e7cde9f0e?project=211204916402"},{"name":"SERVICE","message":"Creating Cloud Run service","state":"COMPLETE","resource":"projects/reachthesoul-prod/locations/asia-southeast1/services/cleanupexpiredorgdata","resourceUri":"https://console.cloud.google.com/run/detail/asia-southeast1/cleanupexpiredorgdata?project=reachthesoul-prod"}],"sourceToken":"Cltwcm9qZWN0cy8yMTEyMDQ5MTY0MDIvbG9jYXRpb25zL2FzaWEtc291dGhlYXN0MS9idWlsZHMvZjgxYzJmOTctMWY0OS00Y2EyLTkyMWItZjUwZTdjZGU5ZjBlEocBYXNpYS1zb3V0aGVhc3QxLWRvY2tlci5wa2cuZGV2L3JlYWNodGhlc291bC1wcm9kL2djZi1hcnRpZmFjdHMvcmVhY2h0aGVzb3VsLS1wcm9kX19hc2lhLS1zb3V0aGVhc3QxX19jbGVhbnVwX2V4cGlyZWRfb3JnX2RhdGE6dmVyc2lvbl8xGLKJreaSBiJUcHJvamVjdHMvcmVhY2h0aGVzb3VsLXByb2QvbG9jYXRpb25zL2FzaWEtc291dGhlYXN0MS9mdW5jdGlvbnMvY2xlYW51cEV4cGlyZWRPcmdEYXRhKgwI8cfZ0AYQwPmpxAMyCG5vZGVqczIyOnoKI2djci5pby9nYWUtcnVudGltZXMvbm9kZWpzMjI6c3RhYmxlElNhc2lhLXNvdXRoZWFzdDEtZG9ja2VyLnBrZy5kZXYvc2VydmVybGVzcy1ydW50aW1lcy9nb29nbGUtMjItZnVsbC9ydW50aW1lcy9ub2RlanMyMkAB","operationType":"CREATE_FUNCTION","buildName":"projects/211204916402/locations/asia-southeast1/builds/f81c2f97-1f49-4ca2-921b-f50e7cde9f0e"},"done":true,"response":{"@type":"type.googleapis.com/google.cloud.functions.v2.Function","name":"projects/reachthesoul-prod/locations/asia-southeast1/functions/cleanupExpiredOrgData","buildConfig":{"build":"projects/211204916402/locations/asia-southeast1/builds/f81c2f97-1f49-4ca2-921b-f50e7cde9f0e","runtime":"nodejs22","entryPoint":"cleanupExpiredOrgData","source":{"storageSource":{"bucket":"gcf-v2-sources-211204916402-asia-southeast1","object":"cleanupExpiredOrgData/function-source.zip","generation":"1779852213993132"}},"environmentVariables":{"GOOGLE_NODE_RUN_SCRIPTS":""},"dockerRepository":"projects/reachthesoul-prod/locations/asia-southeast1/repositories/gcf-artifacts","sourceProvenance":{"resolvedStorageSource":{"bucket":"gcf-v2-sources-211204916402-asia-southeast1","object":"cleanupExpiredOrgData/function-source.zip","generation":"1779852213993132"}},"dockerRegistry":"ARTIFACT_REGISTRY","serviceAccount":"projects/reachthesoul-prod/serviceAccounts/211204916402-compute@developer.gserviceaccount.com","automaticUpdatePolicy":{}},"serviceConfig":{"service":"projects/reachthesoul-prod/locations/asia-southeast1/services/cleanupexpiredorgdata","timeoutSeconds":60,"environmentVariables":{"FIREBASE_CONFIG":"{\"projectId\":\"reachthesoul-prod\",\"storageBucket\":\"reachthesoul-prod.firebasestorage.app\"}","GCLOUD_PROJECT":"reachthesoul-prod","EVENTARC_CLOUD_EVENT_SOURCE":"projects/reachthesoul-prod/locations/asia-southeast1/services/cleanupExpiredOrgData","FUNCTION_TARGET":"cleanupExpiredOrgData","LOG_EXECUTION_ID":"true"},"ingressSettings":"ALLOW_ALL","uri":"https://cleanupexpiredorgdata-6ue3udhyaq-as.a.run.app","serviceAccountEmail":"211204916402-compute@developer.gserviceaccount.com","availableMemory":"256Mi","allTrafficOnLatestRevision":true,"revision":"cleanupexpiredorgdata-00001-tim","maxInstanceRequestConcurrency":80,"availableCpu":"1"},"state":"ACTIVE","updateTime":"2026-05-27T03:23:34.724752407Z","labels":{"deployment-tool":"cli-firebase","deployment-scheduled":"true","firebase-functions-hash":"d949fbdd3354df20e5db571c3a33cc7933af4469"},"environment":"GEN_2","url":"https://asia-southeast1-reachthesoul-prod.cloudfunctions.net/cleanupExpiredOrgData","satisfiesPzs":true,"createTime":"2026-05-27T03:23:34.724752407Z","satisfiesPzi":true}}
[debug] [2026-05-27T03:24:43.213Z] Got source token Cltwcm9qZWN0cy8yMTEyMDQ5MTY0MDIvbG9jYXRpb25zL2FzaWEtc291dGhlYXN0MS9idWlsZHMvZjgxYzJmOTctMWY0OS00Y2EyLTkyMWItZjUwZTdjZGU5ZjBlEocBYXNpYS1zb3V0aGVhc3QxLWRvY2tlci5wa2cuZGV2L3JlYWNodGhlc291bC1wcm9kL2djZi1hcnRpZmFjdHMvcmVhY2h0aGVzb3VsLS1wcm9kX19hc2lhLS1zb3V0aGVhc3QxX19jbGVhbnVwX2V4cGlyZWRfb3JnX2RhdGE6dmVyc2lvbl8xGLKJreaSBiJUcHJvamVjdHMvcmVhY2h0aGVzb3VsLXByb2QvbG9jYXRpb25zL2FzaWEtc291dGhlYXN0MS9mdW5jdGlvbnMvY2xlYW51cEV4cGlyZWRPcmdEYXRhKgwI8cfZ0AYQwPmpxAMyCG5vZGVqczIyOnoKI2djci5pby9nYWUtcnVudGltZXMvbm9kZWpzMjI6c3RhYmxlElNhc2lhLXNvdXRoZWFzdDEtZG9ja2VyLnBrZy5kZXYvc2VydmVybGVzcy1ydW50aW1lcy9nb29nbGUtMjItZnVsbC9ydW50aW1lcy9ub2RlanMyMkAB for region asia-southeast1
[debug] [2026-05-27T03:24:43.217Z] Checked if tokens are valid: true, expires at: 1779854270104
[debug] [2026-05-27T03:24:43.217Z] Checked if tokens are valid: true, expires at: 1779854270104
[debug] [2026-05-27T03:24:43.218Z] Checked if tokens are valid: true, expires at: 1779854270104
[debug] [2026-05-27T03:24:43.219Z] Checked if tokens are valid: true, expires at: 1779854270104
[debug] [2026-05-27T03:24:43.220Z] Checked if tokens are valid: true, expires at: 1779854270104
[debug] [2026-05-27T03:24:43.220Z] Checked if tokens are valid: true, expires at: 1779854270104
[debug] [2026-05-27T03:24:43.220Z] Checked if tokens are valid: true, expires at: 1779854270104
[debug] [2026-05-27T03:24:43.220Z] Checked if tokens are valid: true, expires at: 1779854270104
[debug] [2026-05-27T03:24:43.221Z] Checked if tokens are valid: true, expires at: 1779854270104
[debug] [2026-05-27T03:24:43.221Z] Checked if tokens are valid: true, expires at: 1779854270104
[debug] [2026-05-27T03:24:43.221Z] Checked if tokens are valid: true, expires at: 1779854270104
[debug] [2026-05-27T03:24:43.222Z] Checked if tokens are valid: true, expires at: 1779854270104
[debug] [2026-05-27T03:24:43.222Z] Checked if tokens are valid: true, expires at: 1779854270104
[debug] [2026-05-27T03:24:43.222Z] Checked if tokens are valid: true, expires at: 1779854270104
[debug] [2026-05-27T03:24:43.223Z] >>> [apiv2][query] PATCH https://cloudfunctions.googleapis.com/v2/projects/reachthesoul-prod/locations/asia-southeast1/functions/onMessageCreated updateMask=name%2CbuildConfig.runtime%2CbuildConfig.entryPoint%2CbuildConfig.source.storageSource.bucket%2CbuildConfig.source.storageSource.object%2CbuildConfig.environmentVariables%2CbuildConfig.sourceToken%2CserviceConfig.environmentVariables%2CserviceConfig.ingressSettings%2CserviceConfig.timeoutSeconds%2CserviceConfig.serviceAccountEmail%2CserviceConfig.availableMemory%2CserviceConfig.minInstanceCount%2CserviceConfig.maxInstanceCount%2CserviceConfig.maxInstanceRequestConcurrency%2CserviceConfig.availableCpu%2CserviceConfig.vpcConnector%2CserviceConfig.vpcConnectorEgressSettings%2CserviceConfig.directVpcNetworkInterface%2CserviceConfig.directVpcEgress%2Clabels%2CeventTrigger.eventType%2CeventTrigger.retryPolicy%2CeventTrigger.eventFilters%2CeventTrigger.triggerRegion
[debug] [2026-05-27T03:24:43.223Z] >>> [apiv2][body] PATCH https://cloudfunctions.googleapis.com/v2/projects/reachthesoul-prod/locations/asia-southeast1/functions/onMessageCreated {"name":"projects/reachthesoul-prod/locations/asia-southeast1/functions/onMessageCreated","buildConfig":{"runtime":"nodejs22","entryPoint":"onMessageCreated","source":{"storageSource":{"bucket":"gcf-v2-uploads-211204916402.asia-southeast1.cloudfunctions.appspot.com","object":"23f01299-08db-4173-aba8-bfcc7b6e78c2.zip"}},"environmentVariables":{"GOOGLE_NODE_RUN_SCRIPTS":""},"sourceToken":"Cltwcm9qZWN0cy8yMTEyMDQ5MTY0MDIvbG9jYXRpb25zL2FzaWEtc291dGhlYXN0MS9idWlsZHMvZjgxYzJmOTctMWY0OS00Y2EyLTkyMWItZjUwZTdjZGU5ZjBlEocBYXNpYS1zb3V0aGVhc3QxLWRvY2tlci5wa2cuZGV2L3JlYWNodGhlc291bC1wcm9kL2djZi1hcnRpZmFjdHMvcmVhY2h0aGVzb3VsLS1wcm9kX19hc2lhLS1zb3V0aGVhc3QxX19jbGVhbnVwX2V4cGlyZWRfb3JnX2RhdGE6dmVyc2lvbl8xGLKJreaSBiJUcHJvamVjdHMvcmVhY2h0aGVzb3VsLXByb2QvbG9jYXRpb25zL2FzaWEtc291dGhlYXN0MS9mdW5jdGlvbnMvY2xlYW51cEV4cGlyZWRPcmdEYXRhKgwI8cfZ0AYQwPmpxAMyCG5vZGVqczIyOnoKI2djci5pby9nYWUtcnVudGltZXMvbm9kZWpzMjI6c3RhYmxlElNhc2lhLXNvdXRoZWFzdDEtZG9ja2VyLnBrZy5kZXYvc2VydmVybGVzcy1ydW50aW1lcy9nb29nbGUtMjItZnVsbC9ydW50aW1lcy9ub2RlanMyMkAB"},"serviceConfig":{"environmentVariables":{"FIREBASE_CONFIG":"{\"projectId\":\"reachthesoul-prod\",\"storageBucket\":\"reachthesoul-prod.firebasestorage.app\"}","GCLOUD_PROJECT":"reachthesoul-prod","EVENTARC_CLOUD_EVENT_SOURCE":"projects/reachthesoul-prod/locations/asia-southeast1/services/onMessageCreated","FUNCTION_SIGNATURE_TYPE":"cloudevent","FUNCTION_TARGET":"onMessageCreated","LOG_EXECUTION_ID":"true"},"ingressSettings":null,"timeoutSeconds":null,"serviceAccountEmail":null,"availableMemory":"256Mi","minInstanceCount":null,"maxInstanceCount":null,"maxInstanceRequestConcurrency":80,"availableCpu":"1","vpcConnector":null,"vpcConnectorEgressSettings":null,"directVpcNetworkInterface":null,"directVpcEgress":null},"labels":{"deployment-tool":"cli-firebase","firebase-functions-hash":"d949fbdd3354df20e5db571c3a33cc7933af4469"},"eventTrigger":{"eventType":"google.cloud.firestore.document.v1.created","retryPolicy":"RETRY_POLICY_DO_NOT_RETRY","eventFilters":[{"attribute":"database","value":"(default)"},{"attribute":"namespace","value":"(default)"},{"attribute":"document","value":"tickets/{ticketId}/messages/{messageId}","operator":"match-path-pattern"}],"triggerRegion":"asia-southeast1"}}
[debug] [2026-05-27T03:24:43.225Z] >>> [apiv2][query] PATCH https://cloudfunctions.googleapis.com/v2/projects/reachthesoul-prod/locations/asia-southeast1/functions/webhookWhatsapp updateMask=name%2CbuildConfig.runtime%2CbuildConfig.entryPoint%2CbuildConfig.source.storageSource.bucket%2CbuildConfig.source.storageSource.object%2CbuildConfig.environmentVariables%2CbuildConfig.sourceToken%2CserviceConfig.environmentVariables%2CserviceConfig.ingressSettings%2CserviceConfig.timeoutSeconds%2CserviceConfig.serviceAccountEmail%2CserviceConfig.availableMemory%2CserviceConfig.minInstanceCount%2CserviceConfig.maxInstanceCount%2CserviceConfig.maxInstanceRequestConcurrency%2CserviceConfig.availableCpu%2CserviceConfig.vpcConnector%2CserviceConfig.vpcConnectorEgressSettings%2CserviceConfig.directVpcNetworkInterface%2CserviceConfig.directVpcEgress%2Clabels
[debug] [2026-05-27T03:24:43.225Z] >>> [apiv2][body] PATCH https://cloudfunctions.googleapis.com/v2/projects/reachthesoul-prod/locations/asia-southeast1/functions/webhookWhatsapp {"name":"projects/reachthesoul-prod/locations/asia-southeast1/functions/webhookWhatsapp","buildConfig":{"runtime":"nodejs22","entryPoint":"webhookWhatsapp","source":{"storageSource":{"bucket":"gcf-v2-uploads-211204916402.asia-southeast1.cloudfunctions.appspot.com","object":"23f01299-08db-4173-aba8-bfcc7b6e78c2.zip"}},"environmentVariables":{"GOOGLE_NODE_RUN_SCRIPTS":""},"sourceToken":"Cltwcm9qZWN0cy8yMTEyMDQ5MTY0MDIvbG9jYXRpb25zL2FzaWEtc291dGhlYXN0MS9idWlsZHMvZjgxYzJmOTctMWY0OS00Y2EyLTkyMWItZjUwZTdjZGU5ZjBlEocBYXNpYS1zb3V0aGVhc3QxLWRvY2tlci5wa2cuZGV2L3JlYWNodGhlc291bC1wcm9kL2djZi1hcnRpZmFjdHMvcmVhY2h0aGVzb3VsLS1wcm9kX19hc2lhLS1zb3V0aGVhc3QxX19jbGVhbnVwX2V4cGlyZWRfb3JnX2RhdGE6dmVyc2lvbl8xGLKJreaSBiJUcHJvamVjdHMvcmVhY2h0aGVzb3VsLXByb2QvbG9jYXRpb25zL2FzaWEtc291dGhlYXN0MS9mdW5jdGlvbnMvY2xlYW51cEV4cGlyZWRPcmdEYXRhKgwI8cfZ0AYQwPmpxAMyCG5vZGVqczIyOnoKI2djci5pby9nYWUtcnVudGltZXMvbm9kZWpzMjI6c3RhYmxlElNhc2lhLXNvdXRoZWFzdDEtZG9ja2VyLnBrZy5kZXYvc2VydmVybGVzcy1ydW50aW1lcy9nb29nbGUtMjItZnVsbC9ydW50aW1lcy9ub2RlanMyMkAB"},"serviceConfig":{"environmentVariables":{"FIREBASE_CONFIG":"{\"projectId\":\"reachthesoul-prod\",\"storageBucket\":\"reachthesoul-prod.firebasestorage.app\"}","GCLOUD_PROJECT":"reachthesoul-prod","EVENTARC_CLOUD_EVENT_SOURCE":"projects/reachthesoul-prod/locations/asia-southeast1/services/webhookWhatsapp","FUNCTION_TARGET":"webhookWhatsapp","LOG_EXECUTION_ID":"true","FUNCTION_SIGNATURE_TYPE":"http"},"ingressSettings":null,"timeoutSeconds":null,"serviceAccountEmail":null,"availableMemory":"256Mi","minInstanceCount":null,"maxInstanceCount":null,"maxInstanceRequestConcurrency":80,"availableCpu":"1","vpcConnector":null,"vpcConnectorEgressSettings":null,"directVpcNetworkInterface":null,"directVpcEgress":null},"labels":{"deployment-tool":"cli-firebase","firebase-functions-hash":"d949fbdd3354df20e5db571c3a33cc7933af4469"}}
[debug] [2026-05-27T03:24:43.228Z] >>> [apiv2][query] PATCH https://cloudfunctions.googleapis.com/v2/projects/reachthesoul-prod/locations/asia-southeast1/functions/webhookFonnte updateMask=name%2CbuildConfig.runtime%2CbuildConfig.entryPoint%2CbuildConfig.source.storageSource.bucket%2CbuildConfig.source.storageSource.object%2CbuildConfig.environmentVariables%2CbuildConfig.sourceToken%2CserviceConfig.environmentVariables%2CserviceConfig.ingressSettings%2CserviceConfig.timeoutSeconds%2CserviceConfig.serviceAccountEmail%2CserviceConfig.availableMemory%2CserviceConfig.minInstanceCount%2CserviceConfig.maxInstanceCount%2CserviceConfig.maxInstanceRequestConcurrency%2CserviceConfig.availableCpu%2CserviceConfig.vpcConnector%2CserviceConfig.vpcConnectorEgressSettings%2CserviceConfig.directVpcNetworkInterface%2CserviceConfig.directVpcEgress%2Clabels
[debug] [2026-05-27T03:24:43.228Z] >>> [apiv2][body] PATCH https://cloudfunctions.googleapis.com/v2/projects/reachthesoul-prod/locations/asia-southeast1/functions/webhookFonnte {"name":"projects/reachthesoul-prod/locations/asia-southeast1/functions/webhookFonnte","buildConfig":{"runtime":"nodejs22","entryPoint":"webhookFonnte","source":{"storageSource":{"bucket":"gcf-v2-uploads-211204916402.asia-southeast1.cloudfunctions.appspot.com","object":"23f01299-08db-4173-aba8-bfcc7b6e78c2.zip"}},"environmentVariables":{"GOOGLE_NODE_RUN_SCRIPTS":""},"sourceToken":"Cltwcm9qZWN0cy8yMTEyMDQ5MTY0MDIvbG9jYXRpb25zL2FzaWEtc291dGhlYXN0MS9idWlsZHMvZjgxYzJmOTctMWY0OS00Y2EyLTkyMWItZjUwZTdjZGU5ZjBlEocBYXNpYS1zb3V0aGVhc3QxLWRvY2tlci5wa2cuZGV2L3JlYWNodGhlc291bC1wcm9kL2djZi1hcnRpZmFjdHMvcmVhY2h0aGVzb3VsLS1wcm9kX19hc2lhLS1zb3V0aGVhc3QxX19jbGVhbnVwX2V4cGlyZWRfb3JnX2RhdGE6dmVyc2lvbl8xGLKJreaSBiJUcHJvamVjdHMvcmVhY2h0aGVzb3VsLXByb2QvbG9jYXRpb25zL2FzaWEtc291dGhlYXN0MS9mdW5jdGlvbnMvY2xlYW51cEV4cGlyZWRPcmdEYXRhKgwI8cfZ0AYQwPmpxAMyCG5vZGVqczIyOnoKI2djci5pby9nYWUtcnVudGltZXMvbm9kZWpzMjI6c3RhYmxlElNhc2lhLXNvdXRoZWFzdDEtZG9ja2VyLnBrZy5kZXYvc2VydmVybGVzcy1ydW50aW1lcy9nb29nbGUtMjItZnVsbC9ydW50aW1lcy9ub2RlanMyMkAB"},"serviceConfig":{"environmentVariables":{"FIREBASE_CONFIG":"{\"projectId\":\"reachthesoul-prod\",\"storageBucket\":\"reachthesoul-prod.firebasestorage.app\"}","GCLOUD_PROJECT":"reachthesoul-prod","EVENTARC_CLOUD_EVENT_SOURCE":"projects/reachthesoul-prod/locations/asia-southeast1/services/webhookFonnte","FUNCTION_TARGET":"webhookFonnte","LOG_EXECUTION_ID":"true","FUNCTION_SIGNATURE_TYPE":"http"},"ingressSettings":null,"timeoutSeconds":null,"serviceAccountEmail":null,"availableMemory":"256Mi","minInstanceCount":null,"maxInstanceCount":null,"maxInstanceRequestConcurrency":80,"availableCpu":"1","vpcConnector":null,"vpcConnectorEgressSettings":null,"directVpcNetworkInterface":null,"directVpcEgress":null},"labels":{"deployment-tool":"cli-firebase","firebase-functions-hash":"d949fbdd3354df20e5db571c3a33cc7933af4469"}}
[debug] [2026-05-27T03:24:43.230Z] >>> [apiv2][query] PATCH https://cloudfunctions.googleapis.com/v2/projects/reachthesoul-prod/locations/asia-southeast1/functions/webhookInstagram updateMask=name%2CbuildConfig.runtime%2CbuildConfig.entryPoint%2CbuildConfig.source.storageSource.bucket%2CbuildConfig.source.storageSource.object%2CbuildConfig.environmentVariables%2CbuildConfig.sourceToken%2CserviceConfig.environmentVariables%2CserviceConfig.ingressSettings%2CserviceConfig.timeoutSeconds%2CserviceConfig.serviceAccountEmail%2CserviceConfig.availableMemory%2CserviceConfig.minInstanceCount%2CserviceConfig.maxInstanceCount%2CserviceConfig.maxInstanceRequestConcurrency%2CserviceConfig.availableCpu%2CserviceConfig.vpcConnector%2CserviceConfig.vpcConnectorEgressSettings%2CserviceConfig.directVpcNetworkInterface%2CserviceConfig.directVpcEgress%2Clabels
[debug] [2026-05-27T03:24:43.230Z] >>> [apiv2][body] PATCH https://cloudfunctions.googleapis.com/v2/projects/reachthesoul-prod/locations/asia-southeast1/functions/webhookInstagram {"name":"projects/reachthesoul-prod/locations/asia-southeast1/functions/webhookInstagram","buildConfig":{"runtime":"nodejs22","entryPoint":"webhookInstagram","source":{"storageSource":{"bucket":"gcf-v2-uploads-211204916402.asia-southeast1.cloudfunctions.appspot.com","object":"23f01299-08db-4173-aba8-bfcc7b6e78c2.zip"}},"environmentVariables":{"GOOGLE_NODE_RUN_SCRIPTS":""},"sourceToken":"Cltwcm9qZWN0cy8yMTEyMDQ5MTY0MDIvbG9jYXRpb25zL2FzaWEtc291dGhlYXN0MS9idWlsZHMvZjgxYzJmOTctMWY0OS00Y2EyLTkyMWItZjUwZTdjZGU5ZjBlEocBYXNpYS1zb3V0aGVhc3QxLWRvY2tlci5wa2cuZGV2L3JlYWNodGhlc291bC1wcm9kL2djZi1hcnRpZmFjdHMvcmVhY2h0aGVzb3VsLS1wcm9kX19hc2lhLS1zb3V0aGVhc3QxX19jbGVhbnVwX2V4cGlyZWRfb3JnX2RhdGE6dmVyc2lvbl8xGLKJreaSBiJUcHJvamVjdHMvcmVhY2h0aGVzb3VsLXByb2QvbG9jYXRpb25zL2FzaWEtc291dGhlYXN0MS9mdW5jdGlvbnMvY2xlYW51cEV4cGlyZWRPcmdEYXRhKgwI8cfZ0AYQwPmpxAMyCG5vZGVqczIyOnoKI2djci5pby9nYWUtcnVudGltZXMvbm9kZWpzMjI6c3RhYmxlElNhc2lhLXNvdXRoZWFzdDEtZG9ja2VyLnBrZy5kZXYvc2VydmVybGVzcy1ydW50aW1lcy9nb29nbGUtMjItZnVsbC9ydW50aW1lcy9ub2RlanMyMkAB"},"serviceConfig":{"environmentVariables":{"FIREBASE_CONFIG":"{\"projectId\":\"reachthesoul-prod\",\"storageBucket\":\"reachthesoul-prod.firebasestorage.app\"}","GCLOUD_PROJECT":"reachthesoul-prod","EVENTARC_CLOUD_EVENT_SOURCE":"projects/reachthesoul-prod/locations/asia-southeast1/services/webhookInstagram","FUNCTION_TARGET":"webhookInstagram","LOG_EXECUTION_ID":"true","FUNCTION_SIGNATURE_TYPE":"http"},"ingressSettings":null,"timeoutSeconds":null,"serviceAccountEmail":null,"availableMemory":"256Mi","minInstanceCount":null,"maxInstanceCount":null,"maxInstanceRequestConcurrency":80,"availableCpu":"1","vpcConnector":null,"vpcConnectorEgressSettings":null,"directVpcNetworkInterface":null,"directVpcEgress":null},"labels":{"deployment-tool":"cli-firebase","firebase-functions-hash":"d949fbdd3354df20e5db571c3a33cc7933af4469"}}
[debug] [2026-05-27T03:24:43.234Z] >>> [apiv2][query] PATCH https://cloudfunctions.googleapis.com/v2/projects/reachthesoul-prod/locations/asia-southeast1/functions/webhookFacebook updateMask=name%2CbuildConfig.runtime%2CbuildConfig.entryPoint%2CbuildConfig.source.storageSource.bucket%2CbuildConfig.source.storageSource.object%2CbuildConfig.environmentVariables%2CbuildConfig.sourceToken%2CserviceConfig.environmentVariables%2CserviceConfig.ingressSettings%2CserviceConfig.timeoutSeconds%2CserviceConfig.serviceAccountEmail%2CserviceConfig.availableMemory%2CserviceConfig.minInstanceCount%2CserviceConfig.maxInstanceCount%2CserviceConfig.maxInstanceRequestConcurrency%2CserviceConfig.availableCpu%2CserviceConfig.vpcConnector%2CserviceConfig.vpcConnectorEgressSettings%2CserviceConfig.directVpcNetworkInterface%2CserviceConfig.directVpcEgress%2Clabels
[debug] [2026-05-27T03:24:43.235Z] >>> [apiv2][body] PATCH https://cloudfunctions.googleapis.com/v2/projects/reachthesoul-prod/locations/asia-southeast1/functions/webhookFacebook {"name":"projects/reachthesoul-prod/locations/asia-southeast1/functions/webhookFacebook","buildConfig":{"runtime":"nodejs22","entryPoint":"webhookFacebook","source":{"storageSource":{"bucket":"gcf-v2-uploads-211204916402.asia-southeast1.cloudfunctions.appspot.com","object":"23f01299-08db-4173-aba8-bfcc7b6e78c2.zip"}},"environmentVariables":{"GOOGLE_NODE_RUN_SCRIPTS":""},"sourceToken":"Cltwcm9qZWN0cy8yMTEyMDQ5MTY0MDIvbG9jYXRpb25zL2FzaWEtc291dGhlYXN0MS9idWlsZHMvZjgxYzJmOTctMWY0OS00Y2EyLTkyMWItZjUwZTdjZGU5ZjBlEocBYXNpYS1zb3V0aGVhc3QxLWRvY2tlci5wa2cuZGV2L3JlYWNodGhlc291bC1wcm9kL2djZi1hcnRpZmFjdHMvcmVhY2h0aGVzb3VsLS1wcm9kX19hc2lhLS1zb3V0aGVhc3QxX19jbGVhbnVwX2V4cGlyZWRfb3JnX2RhdGE6dmVyc2lvbl8xGLKJreaSBiJUcHJvamVjdHMvcmVhY2h0aGVzb3VsLXByb2QvbG9jYXRpb25zL2FzaWEtc291dGhlYXN0MS9mdW5jdGlvbnMvY2xlYW51cEV4cGlyZWRPcmdEYXRhKgwI8cfZ0AYQwPmpxAMyCG5vZGVqczIyOnoKI2djci5pby9nYWUtcnVudGltZXMvbm9kZWpzMjI6c3RhYmxlElNhc2lhLXNvdXRoZWFzdDEtZG9ja2VyLnBrZy5kZXYvc2VydmVybGVzcy1ydW50aW1lcy9nb29nbGUtMjItZnVsbC9ydW50aW1lcy9ub2RlanMyMkAB"},"serviceConfig":{"environmentVariables":{"FIREBASE_CONFIG":"{\"projectId\":\"reachthesoul-prod\",\"storageBucket\":\"reachthesoul-prod.firebasestorage.app\"}","GCLOUD_PROJECT":"reachthesoul-prod","EVENTARC_CLOUD_EVENT_SOURCE":"projects/reachthesoul-prod/locations/asia-southeast1/services/webhookFacebook","FUNCTION_TARGET":"webhookFacebook","LOG_EXECUTION_ID":"true","FUNCTION_SIGNATURE_TYPE":"http"},"ingressSettings":null,"timeoutSeconds":null,"serviceAccountEmail":null,"availableMemory":"256Mi","minInstanceCount":null,"maxInstanceCount":null,"maxInstanceRequestConcurrency":80,"availableCpu":"1","vpcConnector":null,"vpcConnectorEgressSettings":null,"directVpcNetworkInterface":null,"directVpcEgress":null},"labels":{"deployment-tool":"cli-firebase","firebase-functions-hash":"d949fbdd3354df20e5db571c3a33cc7933af4469"}}
[debug] [2026-05-27T03:24:43.238Z] >>> [apiv2][query] PATCH https://cloudfunctions.googleapis.com/v2/projects/reachthesoul-prod/locations/asia-southeast1/functions/webhookCall updateMask=name%2CbuildConfig.runtime%2CbuildConfig.entryPoint%2CbuildConfig.source.storageSource.bucket%2CbuildConfig.source.storageSource.object%2CbuildConfig.environmentVariables%2CbuildConfig.sourceToken%2CserviceConfig.environmentVariables%2CserviceConfig.ingressSettings%2CserviceConfig.timeoutSeconds%2CserviceConfig.serviceAccountEmail%2CserviceConfig.availableMemory%2CserviceConfig.minInstanceCount%2CserviceConfig.maxInstanceCount%2CserviceConfig.maxInstanceRequestConcurrency%2CserviceConfig.availableCpu%2CserviceConfig.vpcConnector%2CserviceConfig.vpcConnectorEgressSettings%2CserviceConfig.directVpcNetworkInterface%2CserviceConfig.directVpcEgress%2Clabels
[debug] [2026-05-27T03:24:43.238Z] >>> [apiv2][body] PATCH https://cloudfunctions.googleapis.com/v2/projects/reachthesoul-prod/locations/asia-southeast1/functions/webhookCall {"name":"projects/reachthesoul-prod/locations/asia-southeast1/functions/webhookCall","buildConfig":{"runtime":"nodejs22","entryPoint":"webhookCall","source":{"storageSource":{"bucket":"gcf-v2-uploads-211204916402.asia-southeast1.cloudfunctions.appspot.com","object":"23f01299-08db-4173-aba8-bfcc7b6e78c2.zip"}},"environmentVariables":{"GOOGLE_NODE_RUN_SCRIPTS":""},"sourceToken":"Cltwcm9qZWN0cy8yMTEyMDQ5MTY0MDIvbG9jYXRpb25zL2FzaWEtc291dGhlYXN0MS9idWlsZHMvZjgxYzJmOTctMWY0OS00Y2EyLTkyMWItZjUwZTdjZGU5ZjBlEocBYXNpYS1zb3V0aGVhc3QxLWRvY2tlci5wa2cuZGV2L3JlYWNodGhlc291bC1wcm9kL2djZi1hcnRpZmFjdHMvcmVhY2h0aGVzb3VsLS1wcm9kX19hc2lhLS1zb3V0aGVhc3QxX19jbGVhbnVwX2V4cGlyZWRfb3JnX2RhdGE6dmVyc2lvbl8xGLKJreaSBiJUcHJvamVjdHMvcmVhY2h0aGVzb3VsLXByb2QvbG9jYXRpb25zL2FzaWEtc291dGhlYXN0MS9mdW5jdGlvbnMvY2xlYW51cEV4cGlyZWRPcmdEYXRhKgwI8cfZ0AYQwPmpxAMyCG5vZGVqczIyOnoKI2djci5pby9nYWUtcnVudGltZXMvbm9kZWpzMjI6c3RhYmxlElNhc2lhLXNvdXRoZWFzdDEtZG9ja2VyLnBrZy5kZXYvc2VydmVybGVzcy1ydW50aW1lcy9nb29nbGUtMjItZnVsbC9ydW50aW1lcy9ub2RlanMyMkAB"},"serviceConfig":{"environmentVariables":{"FIREBASE_CONFIG":"{\"projectId\":\"reachthesoul-prod\",\"storageBucket\":\"reachthesoul-prod.firebasestorage.app\"}","GCLOUD_PROJECT":"reachthesoul-prod","EVENTARC_CLOUD_EVENT_SOURCE":"projects/reachthesoul-prod/locations/asia-southeast1/services/webhookCall","FUNCTION_TARGET":"webhookCall","LOG_EXECUTION_ID":"true","FUNCTION_SIGNATURE_TYPE":"http"},"ingressSettings":null,"timeoutSeconds":null,"serviceAccountEmail":null,"availableMemory":"256Mi","minInstanceCount":null,"maxInstanceCount":null,"maxInstanceRequestConcurrency":80,"availableCpu":"1","vpcConnector":null,"vpcConnectorEgressSettings":null,"directVpcNetworkInterface":null,"directVpcEgress":null},"labels":{"deployment-tool":"cli-firebase","firebase-functions-hash":"d949fbdd3354df20e5db571c3a33cc7933af4469"}}
[debug] [2026-05-27T03:24:43.240Z] >>> [apiv2][query] PATCH https://cloudfunctions.googleapis.com/v2/projects/reachthesoul-prod/locations/asia-southeast1/functions/onRespondentMessage updateMask=name%2CbuildConfig.runtime%2CbuildConfig.entryPoint%2CbuildConfig.source.storageSource.bucket%2CbuildConfig.source.storageSource.object%2CbuildConfig.environmentVariables%2CbuildConfig.sourceToken%2CserviceConfig.environmentVariables%2CserviceConfig.ingressSettings%2CserviceConfig.timeoutSeconds%2CserviceConfig.serviceAccountEmail%2CserviceConfig.availableMemory%2CserviceConfig.minInstanceCount%2CserviceConfig.maxInstanceCount%2CserviceConfig.maxInstanceRequestConcurrency%2CserviceConfig.availableCpu%2CserviceConfig.vpcConnector%2CserviceConfig.vpcConnectorEgressSettings%2CserviceConfig.directVpcNetworkInterface%2CserviceConfig.directVpcEgress%2Clabels%2CeventTrigger.eventType%2CeventTrigger.retryPolicy%2CeventTrigger.eventFilters%2CeventTrigger.triggerRegion
[debug] [2026-05-27T03:24:43.240Z] >>> [apiv2][body] PATCH https://cloudfunctions.googleapis.com/v2/projects/reachthesoul-prod/locations/asia-southeast1/functions/onRespondentMessage {"name":"projects/reachthesoul-prod/locations/asia-southeast1/functions/onRespondentMessage","buildConfig":{"runtime":"nodejs22","entryPoint":"onRespondentMessage","source":{"storageSource":{"bucket":"gcf-v2-uploads-211204916402.asia-southeast1.cloudfunctions.appspot.com","object":"23f01299-08db-4173-aba8-bfcc7b6e78c2.zip"}},"environmentVariables":{"GOOGLE_NODE_RUN_SCRIPTS":""},"sourceToken":"Cltwcm9qZWN0cy8yMTEyMDQ5MTY0MDIvbG9jYXRpb25zL2FzaWEtc291dGhlYXN0MS9idWlsZHMvZjgxYzJmOTctMWY0OS00Y2EyLTkyMWItZjUwZTdjZGU5ZjBlEocBYXNpYS1zb3V0aGVhc3QxLWRvY2tlci5wa2cuZGV2L3JlYWNodGhlc291bC1wcm9kL2djZi1hcnRpZmFjdHMvcmVhY2h0aGVzb3VsLS1wcm9kX19hc2lhLS1zb3V0aGVhc3QxX19jbGVhbnVwX2V4cGlyZWRfb3JnX2RhdGE6dmVyc2lvbl8xGLKJreaSBiJUcHJvamVjdHMvcmVhY2h0aGVzb3VsLXByb2QvbG9jYXRpb25zL2FzaWEtc291dGhlYXN0MS9mdW5jdGlvbnMvY2xlYW51cEV4cGlyZWRPcmdEYXRhKgwI8cfZ0AYQwPmpxAMyCG5vZGVqczIyOnoKI2djci5pby9nYWUtcnVudGltZXMvbm9kZWpzMjI6c3RhYmxlElNhc2lhLXNvdXRoZWFzdDEtZG9ja2VyLnBrZy5kZXYvc2VydmVybGVzcy1ydW50aW1lcy9nb29nbGUtMjItZnVsbC9ydW50aW1lcy9ub2RlanMyMkAB"},"serviceConfig":{"environmentVariables":{"FIREBASE_CONFIG":"{\"projectId\":\"reachthesoul-prod\",\"storageBucket\":\"reachthesoul-prod.firebasestorage.app\"}","GCLOUD_PROJECT":"reachthesoul-prod","EVENTARC_CLOUD_EVENT_SOURCE":"projects/reachthesoul-prod/locations/asia-southeast1/services/onRespondentMessage","FUNCTION_SIGNATURE_TYPE":"cloudevent","FUNCTION_TARGET":"onRespondentMessage","LOG_EXECUTION_ID":"true"},"ingressSettings":null,"timeoutSeconds":60,"serviceAccountEmail":null,"availableMemory":"256Mi","minInstanceCount":null,"maxInstanceCount":null,"maxInstanceRequestConcurrency":80,"availableCpu":"1","vpcConnector":null,"vpcConnectorEgressSettings":null,"directVpcNetworkInterface":null,"directVpcEgress":null},"labels":{"deployment-tool":"cli-firebase","firebase-functions-hash":"d949fbdd3354df20e5db571c3a33cc7933af4469"},"eventTrigger":{"eventType":"google.cloud.firestore.document.v1.created","retryPolicy":"RETRY_POLICY_DO_NOT_RETRY","eventFilters":[{"attribute":"database","value":"(default)"},{"attribute":"namespace","value":"(default)"},{"attribute":"document","value":"tickets/{ticketId}/messages/{messageId}","operator":"match-path-pattern"}],"triggerRegion":"asia-southeast1"}}
[debug] [2026-05-27T03:24:43.243Z] Checked if tokens are valid: true, expires at: 1779854270104
[debug] [2026-05-27T03:24:43.243Z] Checked if tokens are valid: true, expires at: 1779854270104
[debug] [2026-05-27T03:24:43.243Z] >>> [apiv2][query] GET https://compute.googleapis.com/compute/v1/projects/211204916402 [none]
[debug] [2026-05-27T03:24:43.772Z] <<< [apiv2][status] GET https://compute.googleapis.com/compute/v1/projects/211204916402 403
[debug] [2026-05-27T03:24:43.772Z] <<< [apiv2][body] GET https://compute.googleapis.com/compute/v1/projects/211204916402 {"error":{"code":403,"message":"Compute Engine API has not been used in project 211204916402 before or it is disabled. Enable it by visiting https://console.developers.google.com/apis/api/compute.googleapis.com/overview?project=211204916402 then retry. If you enabled this API recently, wait a few minutes for the action to propagate to our systems and retry.","errors":[{"message":"Compute Engine API has not been used in project 211204916402 before or it is disabled. Enable it by visiting https://console.developers.google.com/apis/api/compute.googleapis.com/overview?project=211204916402 then retry. If you enabled this API recently, wait a few minutes for the action to propagate to our systems and retry.","domain":"usageLimits","reason":"accessNotConfigured","extendedHelp":"https://console.developers.google.com"}],"status":"PERMISSION_DENIED","details":[{"@type":"type.googleapis.com/google.rpc.ErrorInfo","reason":"SERVICE_DISABLED","domain":"googleapis.com","metadata":{"containerInfo":"211204916402","consumer":"projects/211204916402","service":"compute.googleapis.com","activationUrl":"https://console.developers.google.com/apis/api/compute.googleapis.com/overview?project=211204916402","serviceTitle":"Compute Engine API"}},{"@type":"type.googleapis.com/google.rpc.LocalizedMessage","locale":"en-US","message":"Compute Engine API has not been used in project 211204916402 before or it is disabled. Enable it by visiting https://console.developers.google.com/apis/api/compute.googleapis.com/overview?project=211204916402 then retry. If you enabled this API recently, wait a few minutes for the action to propagate to our systems and retry."},{"@type":"type.googleapis.com/google.rpc.Help","links":[{"description":"Google developers console API activation","url":"https://console.developers.google.com/apis/api/compute.googleapis.com/overview?project=211204916402"}]}]}}
[debug] [2026-05-27T03:24:43.773Z] unable to look up default compute service account. Falling back to 211204916402-compute@developer.gserviceaccount.com. Error: {"name":"FirebaseError","children":[],"context":{"body":{"error":{"code":403,"message":"Compute Engine API has not been used in project 211204916402 before or it is disabled. Enable it by visiting https://console.developers.google.com/apis/api/compute.googleapis.com/overview?project=211204916402 then retry. If you enabled this API recently, wait a few minutes for the action to propagate to our systems and retry.","errors":[{"message":"Compute Engine API has not been used in project 211204916402 before or it is disabled. Enable it by visiting https://console.developers.google.com/apis/api/compute.googleapis.com/overview?project=211204916402 then retry. If you enabled this API recently, wait a few minutes for the action to propagate to our systems and retry.","domain":"usageLimits","reason":"accessNotConfigured","extendedHelp":"https://console.developers.google.com"}],"status":"PERMISSION_DENIED","details":[{"@type":"type.googleapis.com/google.rpc.ErrorInfo","reason":"SERVICE_DISABLED","domain":"googleapis.com","metadata":{"containerInfo":"211204916402","consumer":"projects/211204916402","service":"compute.googleapis.com","activationUrl":"https://console.developers.google.com/apis/api/compute.googleapis.com/overview?project=211204916402","serviceTitle":"Compute Engine API"}},{"@type":"type.googleapis.com/google.rpc.LocalizedMessage","locale":"en-US","message":"Compute Engine API has not been used in project 211204916402 before or it is disabled. Enable it by visiting https://console.developers.google.com/apis/api/compute.googleapis.com/overview?project=211204916402 then retry. If you enabled this API recently, wait a few minutes for the action to propagate to our systems and retry."},{"@type":"type.googleapis.com/google.rpc.Help","links":[{"description":"Google developers console API activation","url":"https://console.developers.google.com/apis/api/compute.googleapis.com/overview?project=211204916402"}]}]}},"response":{"statusCode":403}},"exit":1,"message":"Request to https://compute.googleapis.com/compute/v1/projects/211204916402 had HTTP Error: 403, Compute Engine API has not been used in project 211204916402 before or it is disabled. Enable it by visiting https://console.developers.google.com/apis/api/compute.googleapis.com/overview?project=211204916402 then retry. If you enabled this API recently, wait a few minutes for the action to propagate to our systems and retry.","status":403}
[debug] [2026-05-27T03:24:43.774Z] Checked if tokens are valid: true, expires at: 1779854270104
[debug] [2026-05-27T03:24:43.774Z] Checked if tokens are valid: true, expires at: 1779854270104
[debug] [2026-05-27T03:24:43.775Z] >>> [apiv2][query] POST https://run.googleapis.com/v1/projects/reachthesoul-prod/locations/asia-southeast1/services/cleanupexpiredorgdata:setIamPolicy [none]
[debug] [2026-05-27T03:24:43.775Z] >>> [apiv2][body] POST https://run.googleapis.com/v1/projects/reachthesoul-prod/locations/asia-southeast1/services/cleanupexpiredorgdata:setIamPolicy {"policy":{"bindings":[{"role":"roles/run.invoker","members":["serviceAccount:211204916402-compute@developer.gserviceaccount.com"]}],"etag":"","version":3},"updateMask":"bindings,etag,version"}
[debug] [2026-05-27T03:24:44.563Z] <<< [apiv2][status] POST https://run.googleapis.com/v1/projects/reachthesoul-prod/locations/asia-southeast1/services/cleanupexpiredorgdata:setIamPolicy 200
[debug] [2026-05-27T03:24:44.563Z] <<< [apiv2][body] POST https://run.googleapis.com/v1/projects/reachthesoul-prod/locations/asia-southeast1/services/cleanupexpiredorgdata:setIamPolicy {"version":1,"etag":"BwZSxCcrWHI=","bindings":[{"role":"roles/run.invoker","members":["serviceAccount:211204916402-compute@developer.gserviceaccount.com"]}]}
[debug] [2026-05-27T03:24:44.564Z] Checked if tokens are valid: true, expires at: 1779854270104
[debug] [2026-05-27T03:24:44.564Z] Checked if tokens are valid: true, expires at: 1779854270104
[debug] [2026-05-27T03:24:44.564Z] >>> [apiv2][query] GET https://compute.googleapis.com/compute/v1/projects/211204916402 [none]
[debug] [2026-05-27T03:24:44.862Z] <<< [apiv2][status] GET https://compute.googleapis.com/compute/v1/projects/211204916402 403
[debug] [2026-05-27T03:24:44.862Z] <<< [apiv2][body] GET https://compute.googleapis.com/compute/v1/projects/211204916402 {"error":{"code":403,"message":"Compute Engine API has not been used in project 211204916402 before or it is disabled. Enable it by visiting https://console.developers.google.com/apis/api/compute.googleapis.com/overview?project=211204916402 then retry. If you enabled this API recently, wait a few minutes for the action to propagate to our systems and retry.","errors":[{"message":"Compute Engine API has not been used in project 211204916402 before or it is disabled. Enable it by visiting https://console.developers.google.com/apis/api/compute.googleapis.com/overview?project=211204916402 then retry. If you enabled this API recently, wait a few minutes for the action to propagate to our systems and retry.","domain":"usageLimits","reason":"accessNotConfigured","extendedHelp":"https://console.developers.google.com"}],"status":"PERMISSION_DENIED","details":[{"@type":"type.googleapis.com/google.rpc.ErrorInfo","reason":"SERVICE_DISABLED","domain":"googleapis.com","metadata":{"service":"compute.googleapis.com","serviceTitle":"Compute Engine API","containerInfo":"211204916402","consumer":"projects/211204916402","activationUrl":"https://console.developers.google.com/apis/api/compute.googleapis.com/overview?project=211204916402"}},{"@type":"type.googleapis.com/google.rpc.LocalizedMessage","locale":"en-US","message":"Compute Engine API has not been used in project 211204916402 before or it is disabled. Enable it by visiting https://console.developers.google.com/apis/api/compute.googleapis.com/overview?project=211204916402 then retry. If you enabled this API recently, wait a few minutes for the action to propagate to our systems and retry."},{"@type":"type.googleapis.com/google.rpc.Help","links":[{"description":"Google developers console API activation","url":"https://console.developers.google.com/apis/api/compute.googleapis.com/overview?project=211204916402"}]}]}}
[debug] [2026-05-27T03:24:44.862Z] unable to look up default compute service account. Falling back to 211204916402-compute@developer.gserviceaccount.com. Error: {"name":"FirebaseError","children":[],"context":{"body":{"error":{"code":403,"message":"Compute Engine API has not been used in project 211204916402 before or it is disabled. Enable it by visiting https://console.developers.google.com/apis/api/compute.googleapis.com/overview?project=211204916402 then retry. If you enabled this API recently, wait a few minutes for the action to propagate to our systems and retry.","errors":[{"message":"Compute Engine API has not been used in project 211204916402 before or it is disabled. Enable it by visiting https://console.developers.google.com/apis/api/compute.googleapis.com/overview?project=211204916402 then retry. If you enabled this API recently, wait a few minutes for the action to propagate to our systems and retry.","domain":"usageLimits","reason":"accessNotConfigured","extendedHelp":"https://console.developers.google.com"}],"status":"PERMISSION_DENIED","details":[{"@type":"type.googleapis.com/google.rpc.ErrorInfo","reason":"SERVICE_DISABLED","domain":"googleapis.com","metadata":{"service":"compute.googleapis.com","serviceTitle":"Compute Engine API","containerInfo":"211204916402","consumer":"projects/211204916402","activationUrl":"https://console.developers.google.com/apis/api/compute.googleapis.com/overview?project=211204916402"}},{"@type":"type.googleapis.com/google.rpc.LocalizedMessage","locale":"en-US","message":"Compute Engine API has not been used in project 211204916402 before or it is disabled. Enable it by visiting https://console.developers.google.com/apis/api/compute.googleapis.com/overview?project=211204916402 then retry. If you enabled this API recently, wait a few minutes for the action to propagate to our systems and retry."},{"@type":"type.googleapis.com/google.rpc.Help","links":[{"description":"Google developers console API activation","url":"https://console.developers.google.com/apis/api/compute.googleapis.com/overview?project=211204916402"}]}]}},"response":{"statusCode":403}},"exit":1,"message":"Request to https://compute.googleapis.com/compute/v1/projects/211204916402 had HTTP Error: 403, Compute Engine API has not been used in project 211204916402 before or it is disabled. Enable it by visiting https://console.developers.google.com/apis/api/compute.googleapis.com/overview?project=211204916402 then retry. If you enabled this API recently, wait a few minutes for the action to propagate to our systems and retry.","status":403}
[debug] [2026-05-27T03:24:44.863Z] Checked if tokens are valid: true, expires at: 1779854270104
[debug] [2026-05-27T03:24:44.864Z] Checked if tokens are valid: true, expires at: 1779854270104
[debug] [2026-05-27T03:24:44.864Z] >>> [apiv2][query] GET https://cloudscheduler.googleapis.com/v1/projects/reachthesoul-prod/locations/asia-southeast1/jobs/firebase-schedule-cleanupExpiredOrgData-asia-southeast1 [none]
[debug] [2026-05-27T03:24:45.111Z] <<< [apiv2][status] PATCH https://cloudfunctions.googleapis.com/v2/projects/reachthesoul-prod/locations/asia-southeast1/functions/webhookCall 200
[debug] [2026-05-27T03:24:45.111Z] <<< [apiv2][body] PATCH https://cloudfunctions.googleapis.com/v2/projects/reachthesoul-prod/locations/asia-southeast1/functions/webhookCall {"name":"projects/reachthesoul-prod/locations/asia-southeast1/operations/operation-1779852283617-652c4271e2152-839bcf0e-2fd9e2f0","metadata":{"@type":"type.googleapis.com/google.cloud.functions.v2.OperationMetadata","createTime":"2026-05-27T03:24:45.117011639Z","target":"projects/reachthesoul-prod/locations/asia-southeast1/functions/webhookCall","verb":"update","cancelRequested":false,"apiVersion":"v2"},"done":false}
[debug] [2026-05-27T03:24:45.111Z] Checked if tokens are valid: true, expires at: 1779854270104
[debug] [2026-05-27T03:24:45.112Z] Checked if tokens are valid: true, expires at: 1779854270104
[debug] [2026-05-27T03:24:45.112Z] >>> [apiv2][query] GET https://cloudfunctions.googleapis.com/v2/projects/reachthesoul-prod/locations/asia-southeast1/operations/operation-1779852283617-652c4271e2152-839bcf0e-2fd9e2f0 [none]
[debug] [2026-05-27T03:24:45.113Z] <<< [apiv2][status] PATCH https://cloudfunctions.googleapis.com/v2/projects/reachthesoul-prod/locations/asia-southeast1/functions/webhookInstagram 200
[debug] [2026-05-27T03:24:45.114Z] <<< [apiv2][body] PATCH https://cloudfunctions.googleapis.com/v2/projects/reachthesoul-prod/locations/asia-southeast1/functions/webhookInstagram {"name":"projects/reachthesoul-prod/locations/asia-southeast1/operations/operation-1779852283617-652c4271e21f5-6c3e1923-e234db55","metadata":{"@type":"type.googleapis.com/google.cloud.functions.v2.OperationMetadata","createTime":"2026-05-27T03:24:45.114022977Z","target":"projects/reachthesoul-prod/locations/asia-southeast1/functions/webhookInstagram","verb":"update","cancelRequested":false,"apiVersion":"v2"},"done":false}
[debug] [2026-05-27T03:24:45.114Z] Checked if tokens are valid: true, expires at: 1779854270104
[debug] [2026-05-27T03:24:45.114Z] Checked if tokens are valid: true, expires at: 1779854270104
[debug] [2026-05-27T03:24:45.115Z] >>> [apiv2][query] GET https://cloudfunctions.googleapis.com/v2/projects/reachthesoul-prod/locations/asia-southeast1/operations/operation-1779852283617-652c4271e21f5-6c3e1923-e234db55 [none]
[debug] [2026-05-27T03:24:45.122Z] <<< [apiv2][status] PATCH https://cloudfunctions.googleapis.com/v2/projects/reachthesoul-prod/locations/asia-southeast1/functions/webhookFonnte 200
[debug] [2026-05-27T03:24:45.123Z] <<< [apiv2][body] PATCH https://cloudfunctions.googleapis.com/v2/projects/reachthesoul-prod/locations/asia-southeast1/functions/webhookFonnte {"name":"projects/reachthesoul-prod/locations/asia-southeast1/operations/operation-1779852283614-652c4271e14ee-6a9f6578-486858f8","metadata":{"@type":"type.googleapis.com/google.cloud.functions.v2.OperationMetadata","createTime":"2026-05-27T03:24:45.118406311Z","target":"projects/reachthesoul-prod/locations/asia-southeast1/functions/webhookFonnte","verb":"update","cancelRequested":false,"apiVersion":"v2"},"done":false}
[debug] [2026-05-27T03:24:45.123Z] Checked if tokens are valid: true, expires at: 1779854270104
[debug] [2026-05-27T03:24:45.123Z] Checked if tokens are valid: true, expires at: 1779854270104
[debug] [2026-05-27T03:24:45.124Z] >>> [apiv2][query] GET https://cloudfunctions.googleapis.com/v2/projects/reachthesoul-prod/locations/asia-southeast1/operations/operation-1779852283614-652c4271e14ee-6a9f6578-486858f8 [none]
[debug] [2026-05-27T03:24:45.154Z] <<< [apiv2][status] PATCH https://cloudfunctions.googleapis.com/v2/projects/reachthesoul-prod/locations/asia-southeast1/functions/onMessageCreated 200
[debug] [2026-05-27T03:24:45.154Z] <<< [apiv2][body] PATCH https://cloudfunctions.googleapis.com/v2/projects/reachthesoul-prod/locations/asia-southeast1/functions/onMessageCreated {"name":"projects/reachthesoul-prod/locations/asia-southeast1/operations/operation-1779852283402-652c4271ada63-e198a058-b4f55c72","metadata":{"@type":"type.googleapis.com/google.cloud.functions.v2.OperationMetadata","createTime":"2026-05-27T03:24:45.157976022Z","target":"projects/reachthesoul-prod/locations/asia-southeast1/functions/onMessageCreated","verb":"update","cancelRequested":false,"apiVersion":"v2"},"done":false}
[debug] [2026-05-27T03:24:45.155Z] Checked if tokens are valid: true, expires at: 1779854270104
[debug] [2026-05-27T03:24:45.155Z] Checked if tokens are valid: true, expires at: 1779854270104
[debug] [2026-05-27T03:24:45.155Z] >>> [apiv2][query] GET https://cloudfunctions.googleapis.com/v2/projects/reachthesoul-prod/locations/asia-southeast1/operations/operation-1779852283402-652c4271ada63-e198a058-b4f55c72 [none]
[debug] [2026-05-27T03:24:45.219Z] <<< [apiv2][status] GET https://cloudfunctions.googleapis.com/v2/projects/reachthesoul-prod/locations/asia-southeast1/operations/operation-1779852283614-652c4271e14ee-6a9f6578-486858f8 200
[debug] [2026-05-27T03:24:45.220Z] <<< [apiv2][body] GET https://cloudfunctions.googleapis.com/v2/projects/reachthesoul-prod/locations/asia-southeast1/operations/operation-1779852283614-652c4271e14ee-6a9f6578-486858f8 {"name":"projects/reachthesoul-prod/locations/asia-southeast1/operations/operation-1779852283614-652c4271e14ee-6a9f6578-486858f8","metadata":{"@type":"type.googleapis.com/google.cloud.functions.v2.OperationMetadata","createTime":"2026-05-27T03:24:45.118406311Z","target":"projects/reachthesoul-prod/locations/asia-southeast1/functions/webhookFonnte","verb":"update","cancelRequested":false,"apiVersion":"v2"},"done":false}
[debug] [2026-05-27T03:24:45.222Z] <<< [apiv2][status] GET https://cloudfunctions.googleapis.com/v2/projects/reachthesoul-prod/locations/asia-southeast1/operations/operation-1779852283617-652c4271e21f5-6c3e1923-e234db55 200
[debug] [2026-05-27T03:24:45.223Z] <<< [apiv2][body] GET https://cloudfunctions.googleapis.com/v2/projects/reachthesoul-prod/locations/asia-southeast1/operations/operation-1779852283617-652c4271e21f5-6c3e1923-e234db55 {"name":"projects/reachthesoul-prod/locations/asia-southeast1/operations/operation-1779852283617-652c4271e21f5-6c3e1923-e234db55","metadata":{"@type":"type.googleapis.com/google.cloud.functions.v2.OperationMetadata","createTime":"2026-05-27T03:24:45.114022977Z","target":"projects/reachthesoul-prod/locations/asia-southeast1/functions/webhookInstagram","verb":"update","cancelRequested":false,"apiVersion":"v2"},"done":false}
[debug] [2026-05-27T03:24:45.224Z] <<< [apiv2][status] GET https://cloudfunctions.googleapis.com/v2/projects/reachthesoul-prod/locations/asia-southeast1/operations/operation-1779852283617-652c4271e2152-839bcf0e-2fd9e2f0 200
[debug] [2026-05-27T03:24:45.225Z] <<< [apiv2][body] GET https://cloudfunctions.googleapis.com/v2/projects/reachthesoul-prod/locations/asia-southeast1/operations/operation-1779852283617-652c4271e2152-839bcf0e-2fd9e2f0 {"name":"projects/reachthesoul-prod/locations/asia-southeast1/operations/operation-1779852283617-652c4271e2152-839bcf0e-2fd9e2f0","metadata":{"@type":"type.googleapis.com/google.cloud.functions.v2.OperationMetadata","createTime":"2026-05-27T03:24:45.117011639Z","target":"projects/reachthesoul-prod/locations/asia-southeast1/functions/webhookCall","verb":"update","cancelRequested":false,"apiVersion":"v2"},"done":false}
[debug] [2026-05-27T03:24:45.274Z] <<< [apiv2][status] GET https://cloudfunctions.googleapis.com/v2/projects/reachthesoul-prod/locations/asia-southeast1/operations/operation-1779852283402-652c4271ada63-e198a058-b4f55c72 200
[debug] [2026-05-27T03:24:45.275Z] <<< [apiv2][body] GET https://cloudfunctions.googleapis.com/v2/projects/reachthesoul-prod/locations/asia-southeast1/operations/operation-1779852283402-652c4271ada63-e198a058-b4f55c72 {"name":"projects/reachthesoul-prod/locations/asia-southeast1/operations/operation-1779852283402-652c4271ada63-e198a058-b4f55c72","metadata":{"@type":"type.googleapis.com/google.cloud.functions.v2.OperationMetadata","createTime":"2026-05-27T03:24:45.157976022Z","target":"projects/reachthesoul-prod/locations/asia-southeast1/functions/onMessageCreated","verb":"update","cancelRequested":false,"apiVersion":"v2"},"done":false}
[debug] [2026-05-27T03:24:45.276Z] <<< [apiv2][status] GET https://cloudscheduler.googleapis.com/v1/projects/reachthesoul-prod/locations/asia-southeast1/jobs/firebase-schedule-cleanupExpiredOrgData-asia-southeast1 404
[debug] [2026-05-27T03:24:45.276Z] <<< [apiv2][body] GET https://cloudscheduler.googleapis.com/v1/projects/reachthesoul-prod/locations/asia-southeast1/jobs/firebase-schedule-cleanupExpiredOrgData-asia-southeast1 {"error":{"code":404,"message":"Job not found.","status":"NOT_FOUND"}}
[debug] [2026-05-27T03:24:45.277Z] Checked if tokens are valid: true, expires at: 1779854270104
[debug] [2026-05-27T03:24:45.277Z] Checked if tokens are valid: true, expires at: 1779854270104
[debug] [2026-05-27T03:24:45.277Z] >>> [apiv2][query] POST https://cloudscheduler.googleapis.com/v1/projects/reachthesoul-prod/locations/asia-southeast1/jobs [none]
[debug] [2026-05-27T03:24:45.277Z] >>> [apiv2][body] POST https://cloudscheduler.googleapis.com/v1/projects/reachthesoul-prod/locations/asia-southeast1/jobs {"timeZone":"Asia/Jakarta","name":"projects/reachthesoul-prod/locations/asia-southeast1/jobs/firebase-schedule-cleanupExpiredOrgData-asia-southeast1","httpTarget":{"uri":"https://asia-southeast1-reachthesoul-prod.cloudfunctions.net/cleanupExpiredOrgData","httpMethod":"POST","oidcToken":{"serviceAccountEmail":"211204916402-compute@developer.gserviceaccount.com"}},"schedule":"0 3 * * *","attemptDeadline":null}
[debug] [2026-05-27T03:24:45.733Z] [update-default-asia-southeast1-webhookFonnte] Retrying task index 0
[debug] [2026-05-27T03:24:45.734Z] Checked if tokens are valid: true, expires at: 1779854270104
[debug] [2026-05-27T03:24:45.735Z] Checked if tokens are valid: true, expires at: 1779854270104
[debug] [2026-05-27T03:24:45.735Z] >>> [apiv2][query] GET https://cloudfunctions.googleapis.com/v2/projects/reachthesoul-prod/locations/asia-southeast1/operations/operation-1779852283614-652c4271e14ee-6a9f6578-486858f8 [none]
[debug] [2026-05-27T03:24:45.737Z] [update-default-asia-southeast1-webhookInstagram] Retrying task index 0
[debug] [2026-05-27T03:24:45.737Z] Checked if tokens are valid: true, expires at: 1779854270104
[debug] [2026-05-27T03:24:45.737Z] Checked if tokens are valid: true, expires at: 1779854270104
[debug] [2026-05-27T03:24:45.737Z] >>> [apiv2][query] GET https://cloudfunctions.googleapis.com/v2/projects/reachthesoul-prod/locations/asia-southeast1/operations/operation-1779852283617-652c4271e21f5-6c3e1923-e234db55 [none]
[debug] [2026-05-27T03:24:45.738Z] [update-default-asia-southeast1-webhookCall] Retrying task index 0
[debug] [2026-05-27T03:24:45.738Z] Checked if tokens are valid: true, expires at: 1779854270104
[debug] [2026-05-27T03:24:45.738Z] Checked if tokens are valid: true, expires at: 1779854270104
[debug] [2026-05-27T03:24:45.738Z] >>> [apiv2][query] GET https://cloudfunctions.googleapis.com/v2/projects/reachthesoul-prod/locations/asia-southeast1/operations/operation-1779852283617-652c4271e2152-839bcf0e-2fd9e2f0 [none]
[debug] [2026-05-27T03:24:45.744Z] <<< [apiv2][status] PATCH https://cloudfunctions.googleapis.com/v2/projects/reachthesoul-prod/locations/asia-southeast1/functions/webhookFacebook 200
[debug] [2026-05-27T03:24:45.744Z] <<< [apiv2][body] PATCH https://cloudfunctions.googleapis.com/v2/projects/reachthesoul-prod/locations/asia-southeast1/functions/webhookFacebook {"name":"projects/reachthesoul-prod/locations/asia-southeast1/operations/operation-1779852283617-652c4271e2143-5439d32d-f7cb4e71","metadata":{"@type":"type.googleapis.com/google.cloud.functions.v2.OperationMetadata","createTime":"2026-05-27T03:24:45.724705634Z","target":"projects/reachthesoul-prod/locations/asia-southeast1/functions/webhookFacebook","verb":"update","cancelRequested":false,"apiVersion":"v2"},"done":false}
[debug] [2026-05-27T03:24:45.744Z] Checked if tokens are valid: true, expires at: 1779854270104
[debug] [2026-05-27T03:24:45.745Z] Checked if tokens are valid: true, expires at: 1779854270104
[debug] [2026-05-27T03:24:45.745Z] >>> [apiv2][query] GET https://cloudfunctions.googleapis.com/v2/projects/reachthesoul-prod/locations/asia-southeast1/operations/operation-1779852283617-652c4271e2143-5439d32d-f7cb4e71 [none]
[debug] [2026-05-27T03:24:45.778Z] [update-default-asia-southeast1-onMessageCreated] Retrying task index 0
[debug] [2026-05-27T03:24:45.779Z] Checked if tokens are valid: true, expires at: 1779854270104
[debug] [2026-05-27T03:24:45.779Z] Checked if tokens are valid: true, expires at: 1779854270104
[debug] [2026-05-27T03:24:45.779Z] >>> [apiv2][query] GET https://cloudfunctions.googleapis.com/v2/projects/reachthesoul-prod/locations/asia-southeast1/operations/operation-1779852283402-652c4271ada63-e198a058-b4f55c72 [none]
[debug] [2026-05-27T03:24:45.784Z] <<< [apiv2][status] PATCH https://cloudfunctions.googleapis.com/v2/projects/reachthesoul-prod/locations/asia-southeast1/functions/webhookWhatsapp 200
[debug] [2026-05-27T03:24:45.785Z] <<< [apiv2][body] PATCH https://cloudfunctions.googleapis.com/v2/projects/reachthesoul-prod/locations/asia-southeast1/functions/webhookWhatsapp {"name":"projects/reachthesoul-prod/locations/asia-southeast1/operations/operation-1779852283618-652c4271e2620-f0261711-d174e61f","metadata":{"@type":"type.googleapis.com/google.cloud.functions.v2.OperationMetadata","createTime":"2026-05-27T03:24:45.781606461Z","target":"projects/reachthesoul-prod/locations/asia-southeast1/functions/webhookWhatsapp","verb":"update","cancelRequested":false,"apiVersion":"v2"},"done":false}
[debug] [2026-05-27T03:24:45.785Z] Checked if tokens are valid: true, expires at: 1779854270104
[debug] [2026-05-27T03:24:45.786Z] Checked if tokens are valid: true, expires at: 1779854270104
[debug] [2026-05-27T03:24:45.786Z] >>> [apiv2][query] GET https://cloudfunctions.googleapis.com/v2/projects/reachthesoul-prod/locations/asia-southeast1/operations/operation-1779852283618-652c4271e2620-f0261711-d174e61f [none]
[debug] [2026-05-27T03:24:46.024Z] <<< [apiv2][status] GET https://cloudfunctions.googleapis.com/v2/projects/reachthesoul-prod/locations/asia-southeast1/operations/operation-1779852283402-652c4271ada63-e198a058-b4f55c72 200
[debug] [2026-05-27T03:24:46.024Z] <<< [apiv2][body] GET https://cloudfunctions.googleapis.com/v2/projects/reachthesoul-prod/locations/asia-southeast1/operations/operation-1779852283402-652c4271ada63-e198a058-b4f55c72 {"name":"projects/reachthesoul-prod/locations/asia-southeast1/operations/operation-1779852283402-652c4271ada63-e198a058-b4f55c72","metadata":{"@type":"type.googleapis.com/google.cloud.functions.v2.OperationMetadata","createTime":"2026-05-27T03:24:45.157976022Z","target":"projects/reachthesoul-prod/locations/asia-southeast1/functions/onMessageCreated","verb":"update","cancelRequested":false,"apiVersion":"v2","requestResource":{"@type":"type.googleapis.com/google.cloud.functions.v2.Function","name":"projects/reachthesoul-prod/locations/asia-southeast1/functions/onMessageCreated","buildConfig":{"runtime":"nodejs22","entryPoint":"onMessageCreated","source":{"storageSource":{"bucket":"gcf-v2-sources-211204916402-asia-southeast1","object":"onMessageCreated/function-source.zip","generation":"1779852285093934"}},"environmentVariables":{"GOOGLE_NODE_RUN_SCRIPTS":""},"dockerRepository":"projects/reachthesoul-prod/locations/asia-southeast1/repositories/gcf-artifacts","sourceProvenance":{"resolvedStorageSource":{"bucket":"gcf-v2-sources-211204916402-asia-southeast1","object":"onMessageCreated/function-source.zip","generation":"1778844507711445"}},"dockerRegistry":"ARTIFACT_REGISTRY","sourceToken":"Cltwcm9qZWN0cy8yMTEyMDQ5MTY0MDIvbG9jYXRpb25zL2FzaWEtc291dGhlYXN0MS9idWlsZHMvZjgxYzJmOTctMWY0OS00Y2EyLTkyMWItZjUwZTdjZGU5ZjBlEocBYXNpYS1zb3V0aGVhc3QxLWRvY2tlci5wa2cuZGV2L3JlYWNodGhlc291bC1wcm9kL2djZi1hcnRpZmFjdHMvcmVhY2h0aGVzb3VsLS1wcm9kX19hc2lhLS1zb3V0aGVhc3QxX19jbGVhbnVwX2V4cGlyZWRfb3JnX2RhdGE6dmVyc2lvbl8xGLKJreaSBiJUcHJvamVjdHMvcmVhY2h0aGVzb3VsLXByb2QvbG9jYXRpb25zL2FzaWEtc291dGhlYXN0MS9mdW5jdGlvbnMvY2xlYW51cEV4cGlyZWRPcmdEYXRhKgwI8cfZ0AYQwPmpxAMyCG5vZGVqczIyOnoKI2djci5pby9nYWUtcnVudGltZXMvbm9kZWpzMjI6c3RhYmxlElNhc2lhLXNvdXRoZWFzdDEtZG9ja2VyLnBrZy5kZXYvc2VydmVybGVzcy1ydW50aW1lcy9nb29nbGUtMjItZnVsbC9ydW50aW1lcy9ub2RlanMyMkAB","serviceAccount":"projects/reachthesoul-prod/serviceAccounts/211204916402-compute@developer.gserviceaccount.com","automaticUpdatePolicy":{}},"serviceConfig":{"service":"projects/reachthesoul-prod/locations/asia-southeast1/services/onmessagecreated","timeoutSeconds":60,"environmentVariables":{"FIREBASE_CONFIG":"{\"projectId\":\"reachthesoul-prod\",\"storageBucket\":\"reachthesoul-prod.firebasestorage.app\"}","GCLOUD_PROJECT":"reachthesoul-prod","EVENTARC_CLOUD_EVENT_SOURCE":"projects/reachthesoul-prod/locations/asia-southeast1/services/onMessageCreated","FUNCTION_SIGNATURE_TYPE":"cloudevent","FUNCTION_TARGET":"onMessageCreated","LOG_EXECUTION_ID":"true"},"ingressSettings":"ALLOW_ALL","uri":"https://onmessagecreated-6ue3udhyaq-as.a.run.app","serviceAccountEmail":"211204916402-compute@developer.gserviceaccount.com","availableMemory":"256Mi","allTrafficOnLatestRevision":true,"revision":"onmessagecreated-00013-haj","maxInstanceRequestConcurrency":80,"availableCpu":"1"},"eventTrigger":{"trigger":"projects/reachthesoul-prod/locations/asia-southeast1/triggers/onmessagecreated-809731","triggerRegion":"asia-southeast1","eventType":"google.cloud.firestore.document.v1.created","eventFilters":[{"attribute":"database","value":"(default)"},{"attribute":"namespace","value":"(default)"},{"attribute":"document","value":"tickets/{ticketId}/messages/{messageId}","operator":"match-path-pattern"}],"pubsubTopic":"projects/reachthesoul-prod/topics/eventarc-asia-southeast1-onmessagecreated-809731-464","serviceAccountEmail":"211204916402-compute@developer.gserviceaccount.com","retryPolicy":"RETRY_POLICY_DO_NOT_RETRY"},"state":"ACTIVE","labels":{"deployment-tool":"cli-firebase","firebase-functions-hash":"d949fbdd3354df20e5db571c3a33cc7933af4469"},"environment":"GEN_2","url":"https://asia-southeast1-reachthesoul-prod.cloudfunctions.net/onMessageCreated","satisfiesPzs":true,"satisfiesPzi":true},"stages":[{"name":"BUILD","message":"Reusing build","state":"COMPLETE","resource":"projects/211204916402/locations/asia-southeast1/builds/f81c2f97-1f49-4ca2-921b-f50e7cde9f0e"},{"name":"SERVICE","state":"NOT_STARTED"},{"name":"TRIGGER","state":"NOT_STARTED"}],"sourceToken":"Cltwcm9qZWN0cy8yMTEyMDQ5MTY0MDIvbG9jYXRpb25zL2FzaWEtc291dGhlYXN0MS9idWlsZHMvZjgxYzJmOTctMWY0OS00Y2EyLTkyMWItZjUwZTdjZGU5ZjBlEocBYXNpYS1zb3V0aGVhc3QxLWRvY2tlci5wa2cuZGV2L3JlYWNodGhlc291bC1wcm9kL2djZi1hcnRpZmFjdHMvcmVhY2h0aGVzb3VsLS1wcm9kX19hc2lhLS1zb3V0aGVhc3QxX19jbGVhbnVwX2V4cGlyZWRfb3JnX2RhdGE6dmVyc2lvbl8xGLKJreaSBiJUcHJvamVjdHMvcmVhY2h0aGVzb3VsLXByb2QvbG9jYXRpb25zL2FzaWEtc291dGhlYXN0MS9mdW5jdGlvbnMvY2xlYW51cEV4cGlyZWRPcmdEYXRhKgwI8cfZ0AYQwPmpxAMyCG5vZGVqczIyOnoKI2djci5pby9nYWUtcnVudGltZXMvbm9kZWpzMjI6c3RhYmxlElNhc2lhLXNvdXRoZWFzdDEtZG9ja2VyLnBrZy5kZXYvc2VydmVybGVzcy1ydW50aW1lcy9nb29nbGUtMjItZnVsbC9ydW50aW1lcy9ub2RlanMyMkAB","operationType":"UPDATE_FUNCTION","buildName":"projects/211204916402/locations/asia-southeast1/builds/f81c2f97-1f49-4ca2-921b-f50e7cde9f0e"},"done":false}
[debug] [2026-05-27T03:24:46.024Z] Got source token Cltwcm9qZWN0cy8yMTEyMDQ5MTY0MDIvbG9jYXRpb25zL2FzaWEtc291dGhlYXN0MS9idWlsZHMvZjgxYzJmOTctMWY0OS00Y2EyLTkyMWItZjUwZTdjZGU5ZjBlEocBYXNpYS1zb3V0aGVhc3QxLWRvY2tlci5wa2cuZGV2L3JlYWNodGhlc291bC1wcm9kL2djZi1hcnRpZmFjdHMvcmVhY2h0aGVzb3VsLS1wcm9kX19hc2lhLS1zb3V0aGVhc3QxX19jbGVhbnVwX2V4cGlyZWRfb3JnX2RhdGE6dmVyc2lvbl8xGLKJreaSBiJUcHJvamVjdHMvcmVhY2h0aGVzb3VsLXByb2QvbG9jYXRpb25zL2FzaWEtc291dGhlYXN0MS9mdW5jdGlvbnMvY2xlYW51cEV4cGlyZWRPcmdEYXRhKgwI8cfZ0AYQwPmpxAMyCG5vZGVqczIyOnoKI2djci5pby9nYWUtcnVudGltZXMvbm9kZWpzMjI6c3RhYmxlElNhc2lhLXNvdXRoZWFzdDEtZG9ja2VyLnBrZy5kZXYvc2VydmVybGVzcy1ydW50aW1lcy9nb29nbGUtMjItZnVsbC9ydW50aW1lcy9ub2RlanMyMkAB for region asia-southeast1
[debug] [2026-05-27T03:24:46.027Z] <<< [apiv2][status] GET https://cloudfunctions.googleapis.com/v2/projects/reachthesoul-prod/locations/asia-southeast1/operations/operation-1779852283617-652c4271e2143-5439d32d-f7cb4e71 200
[debug] [2026-05-27T03:24:46.028Z] <<< [apiv2][body] GET https://cloudfunctions.googleapis.com/v2/projects/reachthesoul-prod/locations/asia-southeast1/operations/operation-1779852283617-652c4271e2143-5439d32d-f7cb4e71 {"name":"projects/reachthesoul-prod/locations/asia-southeast1/operations/operation-1779852283617-652c4271e2143-5439d32d-f7cb4e71","metadata":{"@type":"type.googleapis.com/google.cloud.functions.v2.OperationMetadata","createTime":"2026-05-27T03:24:45.724705634Z","target":"projects/reachthesoul-prod/locations/asia-southeast1/functions/webhookFacebook","verb":"update","cancelRequested":false,"apiVersion":"v2","requestResource":{"@type":"type.googleapis.com/google.cloud.functions.v2.Function","name":"projects/reachthesoul-prod/locations/asia-southeast1/functions/webhookFacebook","buildConfig":{"runtime":"nodejs22","entryPoint":"webhookFacebook","source":{"storageSource":{"bucket":"gcf-v2-sources-211204916402-asia-southeast1","object":"webhookFacebook/function-source.zip","generation":"1779852285664153"}},"environmentVariables":{"GOOGLE_NODE_RUN_SCRIPTS":""},"dockerRepository":"projects/reachthesoul-prod/locations/asia-southeast1/repositories/gcf-artifacts","sourceProvenance":{"resolvedStorageSource":{"bucket":"gcf-v2-sources-211204916402-asia-southeast1","object":"webhookFacebook/function-source.zip","generation":"1778844573427234"}},"dockerRegistry":"ARTIFACT_REGISTRY","sourceToken":"Cltwcm9qZWN0cy8yMTEyMDQ5MTY0MDIvbG9jYXRpb25zL2FzaWEtc291dGhlYXN0MS9idWlsZHMvZjgxYzJmOTctMWY0OS00Y2EyLTkyMWItZjUwZTdjZGU5ZjBlEocBYXNpYS1zb3V0aGVhc3QxLWRvY2tlci5wa2cuZGV2L3JlYWNodGhlc291bC1wcm9kL2djZi1hcnRpZmFjdHMvcmVhY2h0aGVzb3VsLS1wcm9kX19hc2lhLS1zb3V0aGVhc3QxX19jbGVhbnVwX2V4cGlyZWRfb3JnX2RhdGE6dmVyc2lvbl8xGLKJreaSBiJUcHJvamVjdHMvcmVhY2h0aGVzb3VsLXByb2QvbG9jYXRpb25zL2FzaWEtc291dGhlYXN0MS9mdW5jdGlvbnMvY2xlYW51cEV4cGlyZWRPcmdEYXRhKgwI8cfZ0AYQwPmpxAMyCG5vZGVqczIyOnoKI2djci5pby9nYWUtcnVudGltZXMvbm9kZWpzMjI6c3RhYmxlElNhc2lhLXNvdXRoZWFzdDEtZG9ja2VyLnBrZy5kZXYvc2VydmVybGVzcy1ydW50aW1lcy9nb29nbGUtMjItZnVsbC9ydW50aW1lcy9ub2RlanMyMkAB","serviceAccount":"projects/reachthesoul-prod/serviceAccounts/211204916402-compute@developer.gserviceaccount.com","automaticUpdatePolicy":{}},"serviceConfig":{"service":"projects/reachthesoul-prod/locations/asia-southeast1/services/webhookfacebook","timeoutSeconds":60,"environmentVariables":{"FIREBASE_CONFIG":"{\"projectId\":\"reachthesoul-prod\",\"storageBucket\":\"reachthesoul-prod.firebasestorage.app\"}","GCLOUD_PROJECT":"reachthesoul-prod","EVENTARC_CLOUD_EVENT_SOURCE":"projects/reachthesoul-prod/locations/asia-southeast1/services/webhookFacebook","FUNCTION_TARGET":"webhookFacebook","LOG_EXECUTION_ID":"true","FUNCTION_SIGNATURE_TYPE":"http"},"ingressSettings":"ALLOW_ALL","uri":"https://webhookfacebook-6ue3udhyaq-as.a.run.app","serviceAccountEmail":"211204916402-compute@developer.gserviceaccount.com","availableMemory":"256Mi","allTrafficOnLatestRevision":true,"revision":"webhookfacebook-00013-yac","maxInstanceRequestConcurrency":80,"availableCpu":"1"},"state":"ACTIVE","labels":{"deployment-tool":"cloudfunctions","firebase-functions-hash":"d949fbdd3354df20e5db571c3a33cc7933af4469"},"environment":"GEN_2","url":"https://asia-southeast1-reachthesoul-prod.cloudfunctions.net/webhookFacebook","satisfiesPzs":true,"satisfiesPzi":true},"stages":[{"name":"BUILD","message":"Reusing build","state":"COMPLETE","resource":"projects/211204916402/locations/asia-southeast1/builds/f81c2f97-1f49-4ca2-921b-f50e7cde9f0e"},{"name":"SERVICE","state":"NOT_STARTED"}],"sourceToken":"Cltwcm9qZWN0cy8yMTEyMDQ5MTY0MDIvbG9jYXRpb25zL2FzaWEtc291dGhlYXN0MS9idWlsZHMvZjgxYzJmOTctMWY0OS00Y2EyLTkyMWItZjUwZTdjZGU5ZjBlEocBYXNpYS1zb3V0aGVhc3QxLWRvY2tlci5wa2cuZGV2L3JlYWNodGhlc291bC1wcm9kL2djZi1hcnRpZmFjdHMvcmVhY2h0aGVzb3VsLS1wcm9kX19hc2lhLS1zb3V0aGVhc3QxX19jbGVhbnVwX2V4cGlyZWRfb3JnX2RhdGE6dmVyc2lvbl8xGLKJreaSBiJUcHJvamVjdHMvcmVhY2h0aGVzb3VsLXByb2QvbG9jYXRpb25zL2FzaWEtc291dGhlYXN0MS9mdW5jdGlvbnMvY2xlYW51cEV4cGlyZWRPcmdEYXRhKgwI8cfZ0AYQwPmpxAMyCG5vZGVqczIyOnoKI2djci5pby9nYWUtcnVudGltZXMvbm9kZWpzMjI6c3RhYmxlElNhc2lhLXNvdXRoZWFzdDEtZG9ja2VyLnBrZy5kZXYvc2VydmVybGVzcy1ydW50aW1lcy9nb29nbGUtMjItZnVsbC9ydW50aW1lcy9ub2RlanMyMkAB","operationType":"UPDATE_FUNCTION","buildName":"projects/211204916402/locations/asia-southeast1/builds/f81c2f97-1f49-4ca2-921b-f50e7cde9f0e"},"done":false}
[debug] [2026-05-27T03:24:46.028Z] Got source token Cltwcm9qZWN0cy8yMTEyMDQ5MTY0MDIvbG9jYXRpb25zL2FzaWEtc291dGhlYXN0MS9idWlsZHMvZjgxYzJmOTctMWY0OS00Y2EyLTkyMWItZjUwZTdjZGU5ZjBlEocBYXNpYS1zb3V0aGVhc3QxLWRvY2tlci5wa2cuZGV2L3JlYWNodGhlc291bC1wcm9kL2djZi1hcnRpZmFjdHMvcmVhY2h0aGVzb3VsLS1wcm9kX19hc2lhLS1zb3V0aGVhc3QxX19jbGVhbnVwX2V4cGlyZWRfb3JnX2RhdGE6dmVyc2lvbl8xGLKJreaSBiJUcHJvamVjdHMvcmVhY2h0aGVzb3VsLXByb2QvbG9jYXRpb25zL2FzaWEtc291dGhlYXN0MS9mdW5jdGlvbnMvY2xlYW51cEV4cGlyZWRPcmdEYXRhKgwI8cfZ0AYQwPmpxAMyCG5vZGVqczIyOnoKI2djci5pby9nYWUtcnVudGltZXMvbm9kZWpzMjI6c3RhYmxlElNhc2lhLXNvdXRoZWFzdDEtZG9ja2VyLnBrZy5kZXYvc2VydmVybGVzcy1ydW50aW1lcy9nb29nbGUtMjItZnVsbC9ydW50aW1lcy9ub2RlanMyMkAB for region asia-southeast1
[debug] [2026-05-27T03:24:46.030Z] <<< [apiv2][status] GET https://cloudfunctions.googleapis.com/v2/projects/reachthesoul-prod/locations/asia-southeast1/operations/operation-1779852283617-652c4271e21f5-6c3e1923-e234db55 200
[debug] [2026-05-27T03:24:46.031Z] <<< [apiv2][body] GET https://cloudfunctions.googleapis.com/v2/projects/reachthesoul-prod/locations/asia-southeast1/operations/operation-1779852283617-652c4271e21f5-6c3e1923-e234db55 {"name":"projects/reachthesoul-prod/locations/asia-southeast1/operations/operation-1779852283617-652c4271e21f5-6c3e1923-e234db55","metadata":{"@type":"type.googleapis.com/google.cloud.functions.v2.OperationMetadata","createTime":"2026-05-27T03:24:45.114022977Z","target":"projects/reachthesoul-prod/locations/asia-southeast1/functions/webhookInstagram","verb":"update","cancelRequested":false,"apiVersion":"v2","requestResource":{"@type":"type.googleapis.com/google.cloud.functions.v2.Function","name":"projects/reachthesoul-prod/locations/asia-southeast1/functions/webhookInstagram","buildConfig":{"runtime":"nodejs22","entryPoint":"webhookInstagram","source":{"storageSource":{"bucket":"gcf-v2-sources-211204916402-asia-southeast1","object":"webhookInstagram/function-source.zip","generation":"1779852285022737"}},"environmentVariables":{"GOOGLE_NODE_RUN_SCRIPTS":""},"dockerRepository":"projects/reachthesoul-prod/locations/asia-southeast1/repositories/gcf-artifacts","sourceProvenance":{"resolvedStorageSource":{"bucket":"gcf-v2-sources-211204916402-asia-southeast1","object":"webhookInstagram/function-source.zip","generation":"1778844573176425"}},"dockerRegistry":"ARTIFACT_REGISTRY","sourceToken":"Cltwcm9qZWN0cy8yMTEyMDQ5MTY0MDIvbG9jYXRpb25zL2FzaWEtc291dGhlYXN0MS9idWlsZHMvZjgxYzJmOTctMWY0OS00Y2EyLTkyMWItZjUwZTdjZGU5ZjBlEocBYXNpYS1zb3V0aGVhc3QxLWRvY2tlci5wa2cuZGV2L3JlYWNodGhlc291bC1wcm9kL2djZi1hcnRpZmFjdHMvcmVhY2h0aGVzb3VsLS1wcm9kX19hc2lhLS1zb3V0aGVhc3QxX19jbGVhbnVwX2V4cGlyZWRfb3JnX2RhdGE6dmVyc2lvbl8xGLKJreaSBiJUcHJvamVjdHMvcmVhY2h0aGVzb3VsLXByb2QvbG9jYXRpb25zL2FzaWEtc291dGhlYXN0MS9mdW5jdGlvbnMvY2xlYW51cEV4cGlyZWRPcmdEYXRhKgwI8cfZ0AYQwPmpxAMyCG5vZGVqczIyOnoKI2djci5pby9nYWUtcnVudGltZXMvbm9kZWpzMjI6c3RhYmxlElNhc2lhLXNvdXRoZWFzdDEtZG9ja2VyLnBrZy5kZXYvc2VydmVybGVzcy1ydW50aW1lcy9nb29nbGUtMjItZnVsbC9ydW50aW1lcy9ub2RlanMyMkAB","serviceAccount":"projects/reachthesoul-prod/serviceAccounts/211204916402-compute@developer.gserviceaccount.com","automaticUpdatePolicy":{}},"serviceConfig":{"service":"projects/reachthesoul-prod/locations/asia-southeast1/services/webhookinstagram","timeoutSeconds":60,"environmentVariables":{"FIREBASE_CONFIG":"{\"projectId\":\"reachthesoul-prod\",\"storageBucket\":\"reachthesoul-prod.firebasestorage.app\"}","GCLOUD_PROJECT":"reachthesoul-prod","EVENTARC_CLOUD_EVENT_SOURCE":"projects/reachthesoul-prod/locations/asia-southeast1/services/webhookInstagram","FUNCTION_TARGET":"webhookInstagram","LOG_EXECUTION_ID":"true","FUNCTION_SIGNATURE_TYPE":"http"},"ingressSettings":"ALLOW_ALL","uri":"https://webhookinstagram-6ue3udhyaq-as.a.run.app","serviceAccountEmail":"211204916402-compute@developer.gserviceaccount.com","availableMemory":"256Mi","allTrafficOnLatestRevision":true,"revision":"webhookinstagram-00013-sim","maxInstanceRequestConcurrency":80,"availableCpu":"1"},"state":"ACTIVE","labels":{"deployment-tool":"cloudfunctions","firebase-functions-hash":"d949fbdd3354df20e5db571c3a33cc7933af4469"},"environment":"GEN_2","url":"https://asia-southeast1-reachthesoul-prod.cloudfunctions.net/webhookInstagram","satisfiesPzs":true,"satisfiesPzi":true},"stages":[{"name":"BUILD","message":"Reusing build","state":"COMPLETE","resource":"projects/211204916402/locations/asia-southeast1/builds/f81c2f97-1f49-4ca2-921b-f50e7cde9f0e"},{"name":"SERVICE","state":"NOT_STARTED"}],"sourceToken":"Cltwcm9qZWN0cy8yMTEyMDQ5MTY0MDIvbG9jYXRpb25zL2FzaWEtc291dGhlYXN0MS9idWlsZHMvZjgxYzJmOTctMWY0OS00Y2EyLTkyMWItZjUwZTdjZGU5ZjBlEocBYXNpYS1zb3V0aGVhc3QxLWRvY2tlci5wa2cuZGV2L3JlYWNodGhlc291bC1wcm9kL2djZi1hcnRpZmFjdHMvcmVhY2h0aGVzb3VsLS1wcm9kX19hc2lhLS1zb3V0aGVhc3QxX19jbGVhbnVwX2V4cGlyZWRfb3JnX2RhdGE6dmVyc2lvbl8xGLKJreaSBiJUcHJvamVjdHMvcmVhY2h0aGVzb3VsLXByb2QvbG9jYXRpb25zL2FzaWEtc291dGhlYXN0MS9mdW5jdGlvbnMvY2xlYW51cEV4cGlyZWRPcmdEYXRhKgwI8cfZ0AYQwPmpxAMyCG5vZGVqczIyOnoKI2djci5pby9nYWUtcnVudGltZXMvbm9kZWpzMjI6c3RhYmxlElNhc2lhLXNvdXRoZWFzdDEtZG9ja2VyLnBrZy5kZXYvc2VydmVybGVzcy1ydW50aW1lcy9nb29nbGUtMjItZnVsbC9ydW50aW1lcy9ub2RlanMyMkAB","operationType":"UPDATE_FUNCTION","buildName":"projects/211204916402/locations/asia-southeast1/builds/f81c2f97-1f49-4ca2-921b-f50e7cde9f0e"},"done":false}
[debug] [2026-05-27T03:24:46.031Z] Got source token Cltwcm9qZWN0cy8yMTEyMDQ5MTY0MDIvbG9jYXRpb25zL2FzaWEtc291dGhlYXN0MS9idWlsZHMvZjgxYzJmOTctMWY0OS00Y2EyLTkyMWItZjUwZTdjZGU5ZjBlEocBYXNpYS1zb3V0aGVhc3QxLWRvY2tlci5wa2cuZGV2L3JlYWNodGhlc291bC1wcm9kL2djZi1hcnRpZmFjdHMvcmVhY2h0aGVzb3VsLS1wcm9kX19hc2lhLS1zb3V0aGVhc3QxX19jbGVhbnVwX2V4cGlyZWRfb3JnX2RhdGE6dmVyc2lvbl8xGLKJreaSBiJUcHJvamVjdHMvcmVhY2h0aGVzb3VsLXByb2QvbG9jYXRpb25zL2FzaWEtc291dGhlYXN0MS9mdW5jdGlvbnMvY2xlYW51cEV4cGlyZWRPcmdEYXRhKgwI8cfZ0AYQwPmpxAMyCG5vZGVqczIyOnoKI2djci5pby9nYWUtcnVudGltZXMvbm9kZWpzMjI6c3RhYmxlElNhc2lhLXNvdXRoZWFzdDEtZG9ja2VyLnBrZy5kZXYvc2VydmVybGVzcy1ydW50aW1lcy9nb29nbGUtMjItZnVsbC9ydW50aW1lcy9ub2RlanMyMkAB for region asia-southeast1
[debug] [2026-05-27T03:24:46.033Z] <<< [apiv2][status] GET https://cloudfunctions.googleapis.com/v2/projects/reachthesoul-prod/locations/asia-southeast1/operations/operation-1779852283618-652c4271e2620-f0261711-d174e61f 200
[debug] [2026-05-27T03:24:46.034Z] <<< [apiv2][body] GET https://cloudfunctions.googleapis.com/v2/projects/reachthesoul-prod/locations/asia-southeast1/operations/operation-1779852283618-652c4271e2620-f0261711-d174e61f {"name":"projects/reachthesoul-prod/locations/asia-southeast1/operations/operation-1779852283618-652c4271e2620-f0261711-d174e61f","metadata":{"@type":"type.googleapis.com/google.cloud.functions.v2.OperationMetadata","createTime":"2026-05-27T03:24:45.781606461Z","target":"projects/reachthesoul-prod/locations/asia-southeast1/functions/webhookWhatsapp","verb":"update","cancelRequested":false,"apiVersion":"v2","requestResource":{"@type":"type.googleapis.com/google.cloud.functions.v2.Function","name":"projects/reachthesoul-prod/locations/asia-southeast1/functions/webhookWhatsapp","buildConfig":{"runtime":"nodejs22","entryPoint":"webhookWhatsapp","source":{"storageSource":{"bucket":"gcf-v2-sources-211204916402-asia-southeast1","object":"webhookWhatsapp/function-source.zip","generation":"1779852285717655"}},"environmentVariables":{"GOOGLE_NODE_RUN_SCRIPTS":""},"dockerRepository":"projects/reachthesoul-prod/locations/asia-southeast1/repositories/gcf-artifacts","sourceProvenance":{"resolvedStorageSource":{"bucket":"gcf-v2-sources-211204916402-asia-southeast1","object":"webhookWhatsapp/function-source.zip","generation":"1778844573025903"}},"dockerRegistry":"ARTIFACT_REGISTRY","sourceToken":"Cltwcm9qZWN0cy8yMTEyMDQ5MTY0MDIvbG9jYXRpb25zL2FzaWEtc291dGhlYXN0MS9idWlsZHMvZjgxYzJmOTctMWY0OS00Y2EyLTkyMWItZjUwZTdjZGU5ZjBlEocBYXNpYS1zb3V0aGVhc3QxLWRvY2tlci5wa2cuZGV2L3JlYWNodGhlc291bC1wcm9kL2djZi1hcnRpZmFjdHMvcmVhY2h0aGVzb3VsLS1wcm9kX19hc2lhLS1zb3V0aGVhc3QxX19jbGVhbnVwX2V4cGlyZWRfb3JnX2RhdGE6dmVyc2lvbl8xGLKJreaSBiJUcHJvamVjdHMvcmVhY2h0aGVzb3VsLXByb2QvbG9jYXRpb25zL2FzaWEtc291dGhlYXN0MS9mdW5jdGlvbnMvY2xlYW51cEV4cGlyZWRPcmdEYXRhKgwI8cfZ0AYQwPmpxAMyCG5vZGVqczIyOnoKI2djci5pby9nYWUtcnVudGltZXMvbm9kZWpzMjI6c3RhYmxlElNhc2lhLXNvdXRoZWFzdDEtZG9ja2VyLnBrZy5kZXYvc2VydmVybGVzcy1ydW50aW1lcy9nb29nbGUtMjItZnVsbC9ydW50aW1lcy9ub2RlanMyMkAB","serviceAccount":"projects/reachthesoul-prod/serviceAccounts/211204916402-compute@developer.gserviceaccount.com","automaticUpdatePolicy":{}},"serviceConfig":{"service":"projects/reachthesoul-prod/locations/asia-southeast1/services/webhookwhatsapp","timeoutSeconds":60,"environmentVariables":{"FIREBASE_CONFIG":"{\"projectId\":\"reachthesoul-prod\",\"storageBucket\":\"reachthesoul-prod.firebasestorage.app\"}","GCLOUD_PROJECT":"reachthesoul-prod","EVENTARC_CLOUD_EVENT_SOURCE":"projects/reachthesoul-prod/locations/asia-southeast1/services/webhookWhatsapp","FUNCTION_TARGET":"webhookWhatsapp","LOG_EXECUTION_ID":"true","FUNCTION_SIGNATURE_TYPE":"http"},"ingressSettings":"ALLOW_ALL","uri":"https://webhookwhatsapp-6ue3udhyaq-as.a.run.app","serviceAccountEmail":"211204916402-compute@developer.gserviceaccount.com","availableMemory":"256Mi","allTrafficOnLatestRevision":true,"revision":"webhookwhatsapp-00013-qoj","maxInstanceRequestConcurrency":80,"availableCpu":"1"},"state":"ACTIVE","labels":{"deployment-tool":"cli-firebase","firebase-functions-hash":"d949fbdd3354df20e5db571c3a33cc7933af4469"},"environment":"GEN_2","url":"https://asia-southeast1-reachthesoul-prod.cloudfunctions.net/webhookWhatsapp","satisfiesPzs":true,"satisfiesPzi":true},"stages":[{"name":"BUILD","state":"NOT_STARTED"},{"name":"SERVICE","state":"NOT_STARTED"}],"sourceToken":"Cltwcm9qZWN0cy8yMTEyMDQ5MTY0MDIvbG9jYXRpb25zL2FzaWEtc291dGhlYXN0MS9idWlsZHMvZjgxYzJmOTctMWY0OS00Y2EyLTkyMWItZjUwZTdjZGU5ZjBlEocBYXNpYS1zb3V0aGVhc3QxLWRvY2tlci5wa2cuZGV2L3JlYWNodGhlc291bC1wcm9kL2djZi1hcnRpZmFjdHMvcmVhY2h0aGVzb3VsLS1wcm9kX19hc2lhLS1zb3V0aGVhc3QxX19jbGVhbnVwX2V4cGlyZWRfb3JnX2RhdGE6dmVyc2lvbl8xGLKJreaSBiJUcHJvamVjdHMvcmVhY2h0aGVzb3VsLXByb2QvbG9jYXRpb25zL2FzaWEtc291dGhlYXN0MS9mdW5jdGlvbnMvY2xlYW51cEV4cGlyZWRPcmdEYXRhKgwI8cfZ0AYQwPmpxAMyCG5vZGVqczIyOnoKI2djci5pby9nYWUtcnVudGltZXMvbm9kZWpzMjI6c3RhYmxlElNhc2lhLXNvdXRoZWFzdDEtZG9ja2VyLnBrZy5kZXYvc2VydmVybGVzcy1ydW50aW1lcy9nb29nbGUtMjItZnVsbC9ydW50aW1lcy9ub2RlanMyMkAB","operationType":"UPDATE_FUNCTION"},"done":false}
[debug] [2026-05-27T03:24:46.034Z] Got source token Cltwcm9qZWN0cy8yMTEyMDQ5MTY0MDIvbG9jYXRpb25zL2FzaWEtc291dGhlYXN0MS9idWlsZHMvZjgxYzJmOTctMWY0OS00Y2EyLTkyMWItZjUwZTdjZGU5ZjBlEocBYXNpYS1zb3V0aGVhc3QxLWRvY2tlci5wa2cuZGV2L3JlYWNodGhlc291bC1wcm9kL2djZi1hcnRpZmFjdHMvcmVhY2h0aGVzb3VsLS1wcm9kX19hc2lhLS1zb3V0aGVhc3QxX19jbGVhbnVwX2V4cGlyZWRfb3JnX2RhdGE6dmVyc2lvbl8xGLKJreaSBiJUcHJvamVjdHMvcmVhY2h0aGVzb3VsLXByb2QvbG9jYXRpb25zL2FzaWEtc291dGhlYXN0MS9mdW5jdGlvbnMvY2xlYW51cEV4cGlyZWRPcmdEYXRhKgwI8cfZ0AYQwPmpxAMyCG5vZGVqczIyOnoKI2djci5pby9nYWUtcnVudGltZXMvbm9kZWpzMjI6c3RhYmxlElNhc2lhLXNvdXRoZWFzdDEtZG9ja2VyLnBrZy5kZXYvc2VydmVybGVzcy1ydW50aW1lcy9nb29nbGUtMjItZnVsbC9ydW50aW1lcy9ub2RlanMyMkAB for region asia-southeast1
[debug] [2026-05-27T03:24:46.036Z] <<< [apiv2][status] GET https://cloudfunctions.googleapis.com/v2/projects/reachthesoul-prod/locations/asia-southeast1/operations/operation-1779852283617-652c4271e2152-839bcf0e-2fd9e2f0 200
[debug] [2026-05-27T03:24:46.036Z] <<< [apiv2][body] GET https://cloudfunctions.googleapis.com/v2/projects/reachthesoul-prod/locations/asia-southeast1/operations/operation-1779852283617-652c4271e2152-839bcf0e-2fd9e2f0 {"name":"projects/reachthesoul-prod/locations/asia-southeast1/operations/operation-1779852283617-652c4271e2152-839bcf0e-2fd9e2f0","metadata":{"@type":"type.googleapis.com/google.cloud.functions.v2.OperationMetadata","createTime":"2026-05-27T03:24:45.117011639Z","target":"projects/reachthesoul-prod/locations/asia-southeast1/functions/webhookCall","verb":"update","cancelRequested":false,"apiVersion":"v2","requestResource":{"@type":"type.googleapis.com/google.cloud.functions.v2.Function","name":"projects/reachthesoul-prod/locations/asia-southeast1/functions/webhookCall","buildConfig":{"runtime":"nodejs22","entryPoint":"webhookCall","source":{"storageSource":{"bucket":"gcf-v2-sources-211204916402-asia-southeast1","object":"webhookCall/function-source.zip","generation":"1779852285016751"}},"environmentVariables":{"GOOGLE_NODE_RUN_SCRIPTS":""},"dockerRepository":"projects/reachthesoul-prod/locations/asia-southeast1/repositories/gcf-artifacts","sourceProvenance":{"resolvedStorageSource":{"bucket":"gcf-v2-sources-211204916402-asia-southeast1","object":"webhookCall/function-source.zip","generation":"1778844573476764"}},"dockerRegistry":"ARTIFACT_REGISTRY","sourceToken":"Cltwcm9qZWN0cy8yMTEyMDQ5MTY0MDIvbG9jYXRpb25zL2FzaWEtc291dGhlYXN0MS9idWlsZHMvZjgxYzJmOTctMWY0OS00Y2EyLTkyMWItZjUwZTdjZGU5ZjBlEocBYXNpYS1zb3V0aGVhc3QxLWRvY2tlci5wa2cuZGV2L3JlYWNodGhlc291bC1wcm9kL2djZi1hcnRpZmFjdHMvcmVhY2h0aGVzb3VsLS1wcm9kX19hc2lhLS1zb3V0aGVhc3QxX19jbGVhbnVwX2V4cGlyZWRfb3JnX2RhdGE6dmVyc2lvbl8xGLKJreaSBiJUcHJvamVjdHMvcmVhY2h0aGVzb3VsLXByb2QvbG9jYXRpb25zL2FzaWEtc291dGhlYXN0MS9mdW5jdGlvbnMvY2xlYW51cEV4cGlyZWRPcmdEYXRhKgwI8cfZ0AYQwPmpxAMyCG5vZGVqczIyOnoKI2djci5pby9nYWUtcnVudGltZXMvbm9kZWpzMjI6c3RhYmxlElNhc2lhLXNvdXRoZWFzdDEtZG9ja2VyLnBrZy5kZXYvc2VydmVybGVzcy1ydW50aW1lcy9nb29nbGUtMjItZnVsbC9ydW50aW1lcy9ub2RlanMyMkAB","serviceAccount":"projects/reachthesoul-prod/serviceAccounts/211204916402-compute@developer.gserviceaccount.com","automaticUpdatePolicy":{}},"serviceConfig":{"service":"projects/reachthesoul-prod/locations/asia-southeast1/services/webhookcall","timeoutSeconds":60,"environmentVariables":{"FIREBASE_CONFIG":"{\"projectId\":\"reachthesoul-prod\",\"storageBucket\":\"reachthesoul-prod.firebasestorage.app\"}","GCLOUD_PROJECT":"reachthesoul-prod","EVENTARC_CLOUD_EVENT_SOURCE":"projects/reachthesoul-prod/locations/asia-southeast1/services/webhookCall","FUNCTION_TARGET":"webhookCall","LOG_EXECUTION_ID":"true","FUNCTION_SIGNATURE_TYPE":"http"},"ingressSettings":"ALLOW_ALL","uri":"https://webhookcall-6ue3udhyaq-as.a.run.app","serviceAccountEmail":"211204916402-compute@developer.gserviceaccount.com","availableMemory":"256Mi","allTrafficOnLatestRevision":true,"revision":"webhookcall-00013-nil","maxInstanceRequestConcurrency":80,"availableCpu":"1"},"state":"ACTIVE","labels":{"deployment-tool":"cloudfunctions","firebase-functions-hash":"d949fbdd3354df20e5db571c3a33cc7933af4469"},"environment":"GEN_2","url":"https://asia-southeast1-reachthesoul-prod.cloudfunctions.net/webhookCall","satisfiesPzs":true,"satisfiesPzi":true},"stages":[{"name":"BUILD","message":"Reusing build","state":"COMPLETE","resource":"projects/211204916402/locations/asia-southeast1/builds/f81c2f97-1f49-4ca2-921b-f50e7cde9f0e"},{"name":"SERVICE","state":"NOT_STARTED"}],"sourceToken":"Cltwcm9qZWN0cy8yMTEyMDQ5MTY0MDIvbG9jYXRpb25zL2FzaWEtc291dGhlYXN0MS9idWlsZHMvZjgxYzJmOTctMWY0OS00Y2EyLTkyMWItZjUwZTdjZGU5ZjBlEocBYXNpYS1zb3V0aGVhc3QxLWRvY2tlci5wa2cuZGV2L3JlYWNodGhlc291bC1wcm9kL2djZi1hcnRpZmFjdHMvcmVhY2h0aGVzb3VsLS1wcm9kX19hc2lhLS1zb3V0aGVhc3QxX19jbGVhbnVwX2V4cGlyZWRfb3JnX2RhdGE6dmVyc2lvbl8xGLKJreaSBiJUcHJvamVjdHMvcmVhY2h0aGVzb3VsLXByb2QvbG9jYXRpb25zL2FzaWEtc291dGhlYXN0MS9mdW5jdGlvbnMvY2xlYW51cEV4cGlyZWRPcmdEYXRhKgwI8cfZ0AYQwPmpxAMyCG5vZGVqczIyOnoKI2djci5pby9nYWUtcnVudGltZXMvbm9kZWpzMjI6c3RhYmxlElNhc2lhLXNvdXRoZWFzdDEtZG9ja2VyLnBrZy5kZXYvc2VydmVybGVzcy1ydW50aW1lcy9nb29nbGUtMjItZnVsbC9ydW50aW1lcy9ub2RlanMyMkAB","operationType":"UPDATE_FUNCTION","buildName":"projects/211204916402/locations/asia-southeast1/builds/f81c2f97-1f49-4ca2-921b-f50e7cde9f0e"},"done":false}
[debug] [2026-05-27T03:24:46.037Z] Got source token Cltwcm9qZWN0cy8yMTEyMDQ5MTY0MDIvbG9jYXRpb25zL2FzaWEtc291dGhlYXN0MS9idWlsZHMvZjgxYzJmOTctMWY0OS00Y2EyLTkyMWItZjUwZTdjZGU5ZjBlEocBYXNpYS1zb3V0aGVhc3QxLWRvY2tlci5wa2cuZGV2L3JlYWNodGhlc291bC1wcm9kL2djZi1hcnRpZmFjdHMvcmVhY2h0aGVzb3VsLS1wcm9kX19hc2lhLS1zb3V0aGVhc3QxX19jbGVhbnVwX2V4cGlyZWRfb3JnX2RhdGE6dmVyc2lvbl8xGLKJreaSBiJUcHJvamVjdHMvcmVhY2h0aGVzb3VsLXByb2QvbG9jYXRpb25zL2FzaWEtc291dGhlYXN0MS9mdW5jdGlvbnMvY2xlYW51cEV4cGlyZWRPcmdEYXRhKgwI8cfZ0AYQwPmpxAMyCG5vZGVqczIyOnoKI2djci5pby9nYWUtcnVudGltZXMvbm9kZWpzMjI6c3RhYmxlElNhc2lhLXNvdXRoZWFzdDEtZG9ja2VyLnBrZy5kZXYvc2VydmVybGVzcy1ydW50aW1lcy9nb29nbGUtMjItZnVsbC9ydW50aW1lcy9ub2RlanMyMkAB for region asia-southeast1
[debug] [2026-05-27T03:24:46.037Z] <<< [apiv2][status] GET https://cloudfunctions.googleapis.com/v2/projects/reachthesoul-prod/locations/asia-southeast1/operations/operation-1779852283614-652c4271e14ee-6a9f6578-486858f8 200
[debug] [2026-05-27T03:24:46.037Z] <<< [apiv2][body] GET https://cloudfunctions.googleapis.com/v2/projects/reachthesoul-prod/locations/asia-southeast1/operations/operation-1779852283614-652c4271e14ee-6a9f6578-486858f8 {"name":"projects/reachthesoul-prod/locations/asia-southeast1/operations/operation-1779852283614-652c4271e14ee-6a9f6578-486858f8","metadata":{"@type":"type.googleapis.com/google.cloud.functions.v2.OperationMetadata","createTime":"2026-05-27T03:24:45.118406311Z","target":"projects/reachthesoul-prod/locations/asia-southeast1/functions/webhookFonnte","verb":"update","cancelRequested":false,"apiVersion":"v2","requestResource":{"@type":"type.googleapis.com/google.cloud.functions.v2.Function","name":"projects/reachthesoul-prod/locations/asia-southeast1/functions/webhookFonnte","buildConfig":{"runtime":"nodejs22","entryPoint":"webhookFonnte","source":{"storageSource":{"bucket":"gcf-v2-sources-211204916402-asia-southeast1","object":"webhookFonnte/function-source.zip","generation":"1779852285055049"}},"environmentVariables":{"GOOGLE_NODE_RUN_SCRIPTS":""},"dockerRepository":"projects/reachthesoul-prod/locations/asia-southeast1/repositories/gcf-artifacts","sourceProvenance":{"resolvedStorageSource":{"bucket":"gcf-v2-sources-211204916402-asia-southeast1","object":"webhookFonnte/function-source.zip","generation":"1778844573162688"}},"dockerRegistry":"ARTIFACT_REGISTRY","sourceToken":"Cltwcm9qZWN0cy8yMTEyMDQ5MTY0MDIvbG9jYXRpb25zL2FzaWEtc291dGhlYXN0MS9idWlsZHMvZjgxYzJmOTctMWY0OS00Y2EyLTkyMWItZjUwZTdjZGU5ZjBlEocBYXNpYS1zb3V0aGVhc3QxLWRvY2tlci5wa2cuZGV2L3JlYWNodGhlc291bC1wcm9kL2djZi1hcnRpZmFjdHMvcmVhY2h0aGVzb3VsLS1wcm9kX19hc2lhLS1zb3V0aGVhc3QxX19jbGVhbnVwX2V4cGlyZWRfb3JnX2RhdGE6dmVyc2lvbl8xGLKJreaSBiJUcHJvamVjdHMvcmVhY2h0aGVzb3VsLXByb2QvbG9jYXRpb25zL2FzaWEtc291dGhlYXN0MS9mdW5jdGlvbnMvY2xlYW51cEV4cGlyZWRPcmdEYXRhKgwI8cfZ0AYQwPmpxAMyCG5vZGVqczIyOnoKI2djci5pby9nYWUtcnVudGltZXMvbm9kZWpzMjI6c3RhYmxlElNhc2lhLXNvdXRoZWFzdDEtZG9ja2VyLnBrZy5kZXYvc2VydmVybGVzcy1ydW50aW1lcy9nb29nbGUtMjItZnVsbC9ydW50aW1lcy9ub2RlanMyMkAB","serviceAccount":"projects/reachthesoul-prod/serviceAccounts/211204916402-compute@developer.gserviceaccount.com","automaticUpdatePolicy":{}},"serviceConfig":{"service":"projects/reachthesoul-prod/locations/asia-southeast1/services/webhookfonnte","timeoutSeconds":60,"environmentVariables":{"FIREBASE_CONFIG":"{\"projectId\":\"reachthesoul-prod\",\"storageBucket\":\"reachthesoul-prod.firebasestorage.app\"}","GCLOUD_PROJECT":"reachthesoul-prod","EVENTARC_CLOUD_EVENT_SOURCE":"projects/reachthesoul-prod/locations/asia-southeast1/services/webhookFonnte","FUNCTION_TARGET":"webhookFonnte","LOG_EXECUTION_ID":"true","FUNCTION_SIGNATURE_TYPE":"http"},"ingressSettings":"ALLOW_ALL","uri":"https://webhookfonnte-6ue3udhyaq-as.a.run.app","serviceAccountEmail":"211204916402-compute@developer.gserviceaccount.com","availableMemory":"256Mi","allTrafficOnLatestRevision":true,"revision":"webhookfonnte-00013-xof","maxInstanceRequestConcurrency":80,"availableCpu":"1"},"state":"ACTIVE","labels":{"deployment-tool":"cloudfunctions","firebase-functions-hash":"d949fbdd3354df20e5db571c3a33cc7933af4469"},"environment":"GEN_2","url":"https://asia-southeast1-reachthesoul-prod.cloudfunctions.net/webhookFonnte","satisfiesPzs":true,"satisfiesPzi":true},"stages":[{"name":"BUILD","message":"Reusing build","state":"COMPLETE","resource":"projects/211204916402/locations/asia-southeast1/builds/f81c2f97-1f49-4ca2-921b-f50e7cde9f0e"},{"name":"SERVICE","state":"NOT_STARTED"}],"sourceToken":"Cltwcm9qZWN0cy8yMTEyMDQ5MTY0MDIvbG9jYXRpb25zL2FzaWEtc291dGhlYXN0MS9idWlsZHMvZjgxYzJmOTctMWY0OS00Y2EyLTkyMWItZjUwZTdjZGU5ZjBlEocBYXNpYS1zb3V0aGVhc3QxLWRvY2tlci5wa2cuZGV2L3JlYWNodGhlc291bC1wcm9kL2djZi1hcnRpZmFjdHMvcmVhY2h0aGVzb3VsLS1wcm9kX19hc2lhLS1zb3V0aGVhc3QxX19jbGVhbnVwX2V4cGlyZWRfb3JnX2RhdGE6dmVyc2lvbl8xGLKJreaSBiJUcHJvamVjdHMvcmVhY2h0aGVzb3VsLXByb2QvbG9jYXRpb25zL2FzaWEtc291dGhlYXN0MS9mdW5jdGlvbnMvY2xlYW51cEV4cGlyZWRPcmdEYXRhKgwI8cfZ0AYQwPmpxAMyCG5vZGVqczIyOnoKI2djci5pby9nYWUtcnVudGltZXMvbm9kZWpzMjI6c3RhYmxlElNhc2lhLXNvdXRoZWFzdDEtZG9ja2VyLnBrZy5kZXYvc2VydmVybGVzcy1ydW50aW1lcy9nb29nbGUtMjItZnVsbC9ydW50aW1lcy9ub2RlanMyMkAB","operationType":"UPDATE_FUNCTION","buildName":"projects/211204916402/locations/asia-southeast1/builds/f81c2f97-1f49-4ca2-921b-f50e7cde9f0e"},"done":false}
[debug] [2026-05-27T03:24:46.037Z] Got source token Cltwcm9qZWN0cy8yMTEyMDQ5MTY0MDIvbG9jYXRpb25zL2FzaWEtc291dGhlYXN0MS9idWlsZHMvZjgxYzJmOTctMWY0OS00Y2EyLTkyMWItZjUwZTdjZGU5ZjBlEocBYXNpYS1zb3V0aGVhc3QxLWRvY2tlci5wa2cuZGV2L3JlYWNodGhlc291bC1wcm9kL2djZi1hcnRpZmFjdHMvcmVhY2h0aGVzb3VsLS1wcm9kX19hc2lhLS1zb3V0aGVhc3QxX19jbGVhbnVwX2V4cGlyZWRfb3JnX2RhdGE6dmVyc2lvbl8xGLKJreaSBiJUcHJvamVjdHMvcmVhY2h0aGVzb3VsLXByb2QvbG9jYXRpb25zL2FzaWEtc291dGhlYXN0MS9mdW5jdGlvbnMvY2xlYW51cEV4cGlyZWRPcmdEYXRhKgwI8cfZ0AYQwPmpxAMyCG5vZGVqczIyOnoKI2djci5pby9nYWUtcnVudGltZXMvbm9kZWpzMjI6c3RhYmxlElNhc2lhLXNvdXRoZWFzdDEtZG9ja2VyLnBrZy5kZXYvc2VydmVybGVzcy1ydW50aW1lcy9nb29nbGUtMjItZnVsbC9ydW50aW1lcy9ub2RlanMyMkAB for region asia-southeast1
[debug] [2026-05-27T03:24:46.487Z] <<< [apiv2][status] PATCH https://cloudfunctions.googleapis.com/v2/projects/reachthesoul-prod/locations/asia-southeast1/functions/onRespondentMessage 200
[debug] [2026-05-27T03:24:46.487Z] <<< [apiv2][body] PATCH https://cloudfunctions.googleapis.com/v2/projects/reachthesoul-prod/locations/asia-southeast1/functions/onRespondentMessage {"name":"projects/reachthesoul-prod/locations/asia-southeast1/operations/operation-1779852283617-652c4271e2144-b873c98f-877cf05a","metadata":{"@type":"type.googleapis.com/google.cloud.functions.v2.OperationMetadata","createTime":"2026-05-27T03:24:46.482638726Z","target":"projects/reachthesoul-prod/locations/asia-southeast1/functions/onRespondentMessage","verb":"update","cancelRequested":false,"apiVersion":"v2"},"done":false}
[debug] [2026-05-27T03:24:46.487Z] Checked if tokens are valid: true, expires at: 1779854270104
[debug] [2026-05-27T03:24:46.487Z] Checked if tokens are valid: true, expires at: 1779854270104
[debug] [2026-05-27T03:24:46.488Z] >>> [apiv2][query] GET https://cloudfunctions.googleapis.com/v2/projects/reachthesoul-prod/locations/asia-southeast1/operations/operation-1779852283617-652c4271e2144-b873c98f-877cf05a [none]
[debug] [2026-05-27T03:24:46.533Z] [update-default-asia-southeast1-webhookFacebook] Retrying task index 0
[debug] [2026-05-27T03:24:46.534Z] Checked if tokens are valid: true, expires at: 1779854270104
[debug] [2026-05-27T03:24:46.534Z] Checked if tokens are valid: true, expires at: 1779854270104
[debug] [2026-05-27T03:24:46.535Z] >>> [apiv2][query] GET https://cloudfunctions.googleapis.com/v2/projects/reachthesoul-prod/locations/asia-southeast1/operations/operation-1779852283617-652c4271e2143-5439d32d-f7cb4e71 [none]
[debug] [2026-05-27T03:24:46.537Z] [update-default-asia-southeast1-webhookWhatsapp] Retrying task index 0
[debug] [2026-05-27T03:24:46.538Z] Checked if tokens are valid: true, expires at: 1779854270104
[debug] [2026-05-27T03:24:46.539Z] Checked if tokens are valid: true, expires at: 1779854270104
[debug] [2026-05-27T03:24:46.540Z] >>> [apiv2][query] GET https://cloudfunctions.googleapis.com/v2/projects/reachthesoul-prod/locations/asia-southeast1/operations/operation-1779852283618-652c4271e2620-f0261711-d174e61f [none]
[debug] [2026-05-27T03:24:46.591Z] <<< [apiv2][status] GET https://cloudfunctions.googleapis.com/v2/projects/reachthesoul-prod/locations/asia-southeast1/operations/operation-1779852283617-652c4271e2144-b873c98f-877cf05a 200
[debug] [2026-05-27T03:24:46.592Z] <<< [apiv2][body] GET https://cloudfunctions.googleapis.com/v2/projects/reachthesoul-prod/locations/asia-southeast1/operations/operation-1779852283617-652c4271e2144-b873c98f-877cf05a {"name":"projects/reachthesoul-prod/locations/asia-southeast1/operations/operation-1779852283617-652c4271e2144-b873c98f-877cf05a","metadata":{"@type":"type.googleapis.com/google.cloud.functions.v2.OperationMetadata","createTime":"2026-05-27T03:24:46.482638726Z","target":"projects/reachthesoul-prod/locations/asia-southeast1/functions/onRespondentMessage","verb":"update","cancelRequested":false,"apiVersion":"v2"},"done":false}
[debug] [2026-05-27T03:24:46.651Z] <<< [apiv2][status] GET https://cloudfunctions.googleapis.com/v2/projects/reachthesoul-prod/locations/asia-southeast1/operations/operation-1779852283618-652c4271e2620-f0261711-d174e61f 200
[debug] [2026-05-27T03:24:46.651Z] <<< [apiv2][body] GET https://cloudfunctions.googleapis.com/v2/projects/reachthesoul-prod/locations/asia-southeast1/operations/operation-1779852283618-652c4271e2620-f0261711-d174e61f {"name":"projects/reachthesoul-prod/locations/asia-southeast1/operations/operation-1779852283618-652c4271e2620-f0261711-d174e61f","metadata":{"@type":"type.googleapis.com/google.cloud.functions.v2.OperationMetadata","createTime":"2026-05-27T03:24:45.781606461Z","target":"projects/reachthesoul-prod/locations/asia-southeast1/functions/webhookWhatsapp","verb":"update","cancelRequested":false,"apiVersion":"v2","requestResource":{"@type":"type.googleapis.com/google.cloud.functions.v2.Function","name":"projects/reachthesoul-prod/locations/asia-southeast1/functions/webhookWhatsapp","buildConfig":{"runtime":"nodejs22","entryPoint":"webhookWhatsapp","source":{"storageSource":{"bucket":"gcf-v2-sources-211204916402-asia-southeast1","object":"webhookWhatsapp/function-source.zip","generation":"1779852285717655"}},"environmentVariables":{"GOOGLE_NODE_RUN_SCRIPTS":""},"dockerRepository":"projects/reachthesoul-prod/locations/asia-southeast1/repositories/gcf-artifacts","sourceProvenance":{"resolvedStorageSource":{"bucket":"gcf-v2-sources-211204916402-asia-southeast1","object":"webhookWhatsapp/function-source.zip","generation":"1778844573025903"}},"dockerRegistry":"ARTIFACT_REGISTRY","sourceToken":"Cltwcm9qZWN0cy8yMTEyMDQ5MTY0MDIvbG9jYXRpb25zL2FzaWEtc291dGhlYXN0MS9idWlsZHMvZjgxYzJmOTctMWY0OS00Y2EyLTkyMWItZjUwZTdjZGU5ZjBlEocBYXNpYS1zb3V0aGVhc3QxLWRvY2tlci5wa2cuZGV2L3JlYWNodGhlc291bC1wcm9kL2djZi1hcnRpZmFjdHMvcmVhY2h0aGVzb3VsLS1wcm9kX19hc2lhLS1zb3V0aGVhc3QxX19jbGVhbnVwX2V4cGlyZWRfb3JnX2RhdGE6dmVyc2lvbl8xGLKJreaSBiJUcHJvamVjdHMvcmVhY2h0aGVzb3VsLXByb2QvbG9jYXRpb25zL2FzaWEtc291dGhlYXN0MS9mdW5jdGlvbnMvY2xlYW51cEV4cGlyZWRPcmdEYXRhKgwI8cfZ0AYQwPmpxAMyCG5vZGVqczIyOnoKI2djci5pby9nYWUtcnVudGltZXMvbm9kZWpzMjI6c3RhYmxlElNhc2lhLXNvdXRoZWFzdDEtZG9ja2VyLnBrZy5kZXYvc2VydmVybGVzcy1ydW50aW1lcy9nb29nbGUtMjItZnVsbC9ydW50aW1lcy9ub2RlanMyMkAB","serviceAccount":"projects/reachthesoul-prod/serviceAccounts/211204916402-compute@developer.gserviceaccount.com","automaticUpdatePolicy":{}},"serviceConfig":{"service":"projects/reachthesoul-prod/locations/asia-southeast1/services/webhookwhatsapp","timeoutSeconds":60,"environmentVariables":{"FIREBASE_CONFIG":"{\"projectId\":\"reachthesoul-prod\",\"storageBucket\":\"reachthesoul-prod.firebasestorage.app\"}","GCLOUD_PROJECT":"reachthesoul-prod","EVENTARC_CLOUD_EVENT_SOURCE":"projects/reachthesoul-prod/locations/asia-southeast1/services/webhookWhatsapp","FUNCTION_TARGET":"webhookWhatsapp","LOG_EXECUTION_ID":"true","FUNCTION_SIGNATURE_TYPE":"http"},"ingressSettings":"ALLOW_ALL","uri":"https://webhookwhatsapp-6ue3udhyaq-as.a.run.app","serviceAccountEmail":"211204916402-compute@developer.gserviceaccount.com","availableMemory":"256Mi","allTrafficOnLatestRevision":true,"revision":"webhookwhatsapp-00013-qoj","maxInstanceRequestConcurrency":80,"availableCpu":"1"},"state":"ACTIVE","labels":{"deployment-tool":"cli-firebase","firebase-functions-hash":"d949fbdd3354df20e5db571c3a33cc7933af4469"},"environment":"GEN_2","url":"https://asia-southeast1-reachthesoul-prod.cloudfunctions.net/webhookWhatsapp","satisfiesPzs":true,"satisfiesPzi":true},"stages":[{"name":"BUILD","message":"Reusing build","state":"COMPLETE","resource":"projects/211204916402/locations/asia-southeast1/builds/f81c2f97-1f49-4ca2-921b-f50e7cde9f0e"},{"name":"SERVICE","state":"NOT_STARTED"}],"sourceToken":"Cltwcm9qZWN0cy8yMTEyMDQ5MTY0MDIvbG9jYXRpb25zL2FzaWEtc291dGhlYXN0MS9idWlsZHMvZjgxYzJmOTctMWY0OS00Y2EyLTkyMWItZjUwZTdjZGU5ZjBlEocBYXNpYS1zb3V0aGVhc3QxLWRvY2tlci5wa2cuZGV2L3JlYWNodGhlc291bC1wcm9kL2djZi1hcnRpZmFjdHMvcmVhY2h0aGVzb3VsLS1wcm9kX19hc2lhLS1zb3V0aGVhc3QxX19jbGVhbnVwX2V4cGlyZWRfb3JnX2RhdGE6dmVyc2lvbl8xGLKJreaSBiJUcHJvamVjdHMvcmVhY2h0aGVzb3VsLXByb2QvbG9jYXRpb25zL2FzaWEtc291dGhlYXN0MS9mdW5jdGlvbnMvY2xlYW51cEV4cGlyZWRPcmdEYXRhKgwI8cfZ0AYQwPmpxAMyCG5vZGVqczIyOnoKI2djci5pby9nYWUtcnVudGltZXMvbm9kZWpzMjI6c3RhYmxlElNhc2lhLXNvdXRoZWFzdDEtZG9ja2VyLnBrZy5kZXYvc2VydmVybGVzcy1ydW50aW1lcy9nb29nbGUtMjItZnVsbC9ydW50aW1lcy9ub2RlanMyMkAB","operationType":"UPDATE_FUNCTION","buildName":"projects/211204916402/locations/asia-southeast1/builds/f81c2f97-1f49-4ca2-921b-f50e7cde9f0e"},"done":false}
[debug] [2026-05-27T03:24:46.651Z] Got source token Cltwcm9qZWN0cy8yMTEyMDQ5MTY0MDIvbG9jYXRpb25zL2FzaWEtc291dGhlYXN0MS9idWlsZHMvZjgxYzJmOTctMWY0OS00Y2EyLTkyMWItZjUwZTdjZGU5ZjBlEocBYXNpYS1zb3V0aGVhc3QxLWRvY2tlci5wa2cuZGV2L3JlYWNodGhlc291bC1wcm9kL2djZi1hcnRpZmFjdHMvcmVhY2h0aGVzb3VsLS1wcm9kX19hc2lhLS1zb3V0aGVhc3QxX19jbGVhbnVwX2V4cGlyZWRfb3JnX2RhdGE6dmVyc2lvbl8xGLKJreaSBiJUcHJvamVjdHMvcmVhY2h0aGVzb3VsLXByb2QvbG9jYXRpb25zL2FzaWEtc291dGhlYXN0MS9mdW5jdGlvbnMvY2xlYW51cEV4cGlyZWRPcmdEYXRhKgwI8cfZ0AYQwPmpxAMyCG5vZGVqczIyOnoKI2djci5pby9nYWUtcnVudGltZXMvbm9kZWpzMjI6c3RhYmxlElNhc2lhLXNvdXRoZWFzdDEtZG9ja2VyLnBrZy5kZXYvc2VydmVybGVzcy1ydW50aW1lcy9nb29nbGUtMjItZnVsbC9ydW50aW1lcy9ub2RlanMyMkAB for region asia-southeast1
[debug] [2026-05-27T03:24:46.653Z] <<< [apiv2][status] GET https://cloudfunctions.googleapis.com/v2/projects/reachthesoul-prod/locations/asia-southeast1/operations/operation-1779852283617-652c4271e2143-5439d32d-f7cb4e71 200
[debug] [2026-05-27T03:24:46.653Z] <<< [apiv2][body] GET https://cloudfunctions.googleapis.com/v2/projects/reachthesoul-prod/locations/asia-southeast1/operations/operation-1779852283617-652c4271e2143-5439d32d-f7cb4e71 {"name":"projects/reachthesoul-prod/locations/asia-southeast1/operations/operation-1779852283617-652c4271e2143-5439d32d-f7cb4e71","metadata":{"@type":"type.googleapis.com/google.cloud.functions.v2.OperationMetadata","createTime":"2026-05-27T03:24:45.724705634Z","target":"projects/reachthesoul-prod/locations/asia-southeast1/functions/webhookFacebook","verb":"update","cancelRequested":false,"apiVersion":"v2","requestResource":{"@type":"type.googleapis.com/google.cloud.functions.v2.Function","name":"projects/reachthesoul-prod/locations/asia-southeast1/functions/webhookFacebook","buildConfig":{"runtime":"nodejs22","entryPoint":"webhookFacebook","source":{"storageSource":{"bucket":"gcf-v2-sources-211204916402-asia-southeast1","object":"webhookFacebook/function-source.zip","generation":"1779852285664153"}},"environmentVariables":{"GOOGLE_NODE_RUN_SCRIPTS":""},"dockerRepository":"projects/reachthesoul-prod/locations/asia-southeast1/repositories/gcf-artifacts","sourceProvenance":{"resolvedStorageSource":{"bucket":"gcf-v2-sources-211204916402-asia-southeast1","object":"webhookFacebook/function-source.zip","generation":"1778844573427234"}},"dockerRegistry":"ARTIFACT_REGISTRY","sourceToken":"Cltwcm9qZWN0cy8yMTEyMDQ5MTY0MDIvbG9jYXRpb25zL2FzaWEtc291dGhlYXN0MS9idWlsZHMvZjgxYzJmOTctMWY0OS00Y2EyLTkyMWItZjUwZTdjZGU5ZjBlEocBYXNpYS1zb3V0aGVhc3QxLWRvY2tlci5wa2cuZGV2L3JlYWNodGhlc291bC1wcm9kL2djZi1hcnRpZmFjdHMvcmVhY2h0aGVzb3VsLS1wcm9kX19hc2lhLS1zb3V0aGVhc3QxX19jbGVhbnVwX2V4cGlyZWRfb3JnX2RhdGE6dmVyc2lvbl8xGLKJreaSBiJUcHJvamVjdHMvcmVhY2h0aGVzb3VsLXByb2QvbG9jYXRpb25zL2FzaWEtc291dGhlYXN0MS9mdW5jdGlvbnMvY2xlYW51cEV4cGlyZWRPcmdEYXRhKgwI8cfZ0AYQwPmpxAMyCG5vZGVqczIyOnoKI2djci5pby9nYWUtcnVudGltZXMvbm9kZWpzMjI6c3RhYmxlElNhc2lhLXNvdXRoZWFzdDEtZG9ja2VyLnBrZy5kZXYvc2VydmVybGVzcy1ydW50aW1lcy9nb29nbGUtMjItZnVsbC9ydW50aW1lcy9ub2RlanMyMkAB","serviceAccount":"projects/reachthesoul-prod/serviceAccounts/211204916402-compute@developer.gserviceaccount.com","automaticUpdatePolicy":{}},"serviceConfig":{"service":"projects/reachthesoul-prod/locations/asia-southeast1/services/webhookfacebook","timeoutSeconds":60,"environmentVariables":{"FIREBASE_CONFIG":"{\"projectId\":\"reachthesoul-prod\",\"storageBucket\":\"reachthesoul-prod.firebasestorage.app\"}","GCLOUD_PROJECT":"reachthesoul-prod","EVENTARC_CLOUD_EVENT_SOURCE":"projects/reachthesoul-prod/locations/asia-southeast1/services/webhookFacebook","FUNCTION_TARGET":"webhookFacebook","LOG_EXECUTION_ID":"true","FUNCTION_SIGNATURE_TYPE":"http"},"ingressSettings":"ALLOW_ALL","uri":"https://webhookfacebook-6ue3udhyaq-as.a.run.app","serviceAccountEmail":"211204916402-compute@developer.gserviceaccount.com","availableMemory":"256Mi","allTrafficOnLatestRevision":true,"revision":"webhookfacebook-00013-yac","maxInstanceRequestConcurrency":80,"availableCpu":"1"},"state":"ACTIVE","labels":{"deployment-tool":"cloudfunctions","firebase-functions-hash":"d949fbdd3354df20e5db571c3a33cc7933af4469"},"environment":"GEN_2","url":"https://asia-southeast1-reachthesoul-prod.cloudfunctions.net/webhookFacebook","satisfiesPzs":true,"satisfiesPzi":true},"stages":[{"name":"BUILD","message":"Reusing build","state":"COMPLETE","resource":"projects/211204916402/locations/asia-southeast1/builds/f81c2f97-1f49-4ca2-921b-f50e7cde9f0e"},{"name":"SERVICE","state":"NOT_STARTED"}],"sourceToken":"Cltwcm9qZWN0cy8yMTEyMDQ5MTY0MDIvbG9jYXRpb25zL2FzaWEtc291dGhlYXN0MS9idWlsZHMvZjgxYzJmOTctMWY0OS00Y2EyLTkyMWItZjUwZTdjZGU5ZjBlEocBYXNpYS1zb3V0aGVhc3QxLWRvY2tlci5wa2cuZGV2L3JlYWNodGhlc291bC1wcm9kL2djZi1hcnRpZmFjdHMvcmVhY2h0aGVzb3VsLS1wcm9kX19hc2lhLS1zb3V0aGVhc3QxX19jbGVhbnVwX2V4cGlyZWRfb3JnX2RhdGE6dmVyc2lvbl8xGLKJreaSBiJUcHJvamVjdHMvcmVhY2h0aGVzb3VsLXByb2QvbG9jYXRpb25zL2FzaWEtc291dGhlYXN0MS9mdW5jdGlvbnMvY2xlYW51cEV4cGlyZWRPcmdEYXRhKgwI8cfZ0AYQwPmpxAMyCG5vZGVqczIyOnoKI2djci5pby9nYWUtcnVudGltZXMvbm9kZWpzMjI6c3RhYmxlElNhc2lhLXNvdXRoZWFzdDEtZG9ja2VyLnBrZy5kZXYvc2VydmVybGVzcy1ydW50aW1lcy9nb29nbGUtMjItZnVsbC9ydW50aW1lcy9ub2RlanMyMkAB","operationType":"UPDATE_FUNCTION","buildName":"projects/211204916402/locations/asia-southeast1/builds/f81c2f97-1f49-4ca2-921b-f50e7cde9f0e"},"done":false}
[debug] [2026-05-27T03:24:46.654Z] Got source token Cltwcm9qZWN0cy8yMTEyMDQ5MTY0MDIvbG9jYXRpb25zL2FzaWEtc291dGhlYXN0MS9idWlsZHMvZjgxYzJmOTctMWY0OS00Y2EyLTkyMWItZjUwZTdjZGU5ZjBlEocBYXNpYS1zb3V0aGVhc3QxLWRvY2tlci5wa2cuZGV2L3JlYWNodGhlc291bC1wcm9kL2djZi1hcnRpZmFjdHMvcmVhY2h0aGVzb3VsLS1wcm9kX19hc2lhLS1zb3V0aGVhc3QxX19jbGVhbnVwX2V4cGlyZWRfb3JnX2RhdGE6dmVyc2lvbl8xGLKJreaSBiJUcHJvamVjdHMvcmVhY2h0aGVzb3VsLXByb2QvbG9jYXRpb25zL2FzaWEtc291dGhlYXN0MS9mdW5jdGlvbnMvY2xlYW51cEV4cGlyZWRPcmdEYXRhKgwI8cfZ0AYQwPmpxAMyCG5vZGVqczIyOnoKI2djci5pby9nYWUtcnVudGltZXMvbm9kZWpzMjI6c3RhYmxlElNhc2lhLXNvdXRoZWFzdDEtZG9ja2VyLnBrZy5kZXYvc2VydmVybGVzcy1ydW50aW1lcy9nb29nbGUtMjItZnVsbC9ydW50aW1lcy9ub2RlanMyMkAB for region asia-southeast1
[debug] [2026-05-27T03:24:47.034Z] [update-default-asia-southeast1-onMessageCreated] Retrying task index 0
[debug] [2026-05-27T03:24:47.035Z] Checked if tokens are valid: true, expires at: 1779854270104
[debug] [2026-05-27T03:24:47.035Z] Checked if tokens are valid: true, expires at: 1779854270104
[debug] [2026-05-27T03:24:47.036Z] >>> [apiv2][query] GET https://cloudfunctions.googleapis.com/v2/projects/reachthesoul-prod/locations/asia-southeast1/operations/operation-1779852283402-652c4271ada63-e198a058-b4f55c72 [none]
[debug] [2026-05-27T03:24:47.037Z] [update-default-asia-southeast1-webhookInstagram] Retrying task index 0
[debug] [2026-05-27T03:24:47.038Z] Checked if tokens are valid: true, expires at: 1779854270104
[debug] [2026-05-27T03:24:47.038Z] Checked if tokens are valid: true, expires at: 1779854270104
[debug] [2026-05-27T03:24:47.038Z] >>> [apiv2][query] GET https://cloudfunctions.googleapis.com/v2/projects/reachthesoul-prod/locations/asia-southeast1/operations/operation-1779852283617-652c4271e21f5-6c3e1923-e234db55 [none]
[debug] [2026-05-27T03:24:47.040Z] [update-default-asia-southeast1-webhookCall] Retrying task index 0
[debug] [2026-05-27T03:24:47.040Z] Checked if tokens are valid: true, expires at: 1779854270104
[debug] [2026-05-27T03:24:47.040Z] Checked if tokens are valid: true, expires at: 1779854270104
[debug] [2026-05-27T03:24:47.040Z] >>> [apiv2][query] GET https://cloudfunctions.googleapis.com/v2/projects/reachthesoul-prod/locations/asia-southeast1/operations/operation-1779852283617-652c4271e2152-839bcf0e-2fd9e2f0 [none]
[debug] [2026-05-27T03:24:47.041Z] [update-default-asia-southeast1-webhookFonnte] Retrying task index 0
[debug] [2026-05-27T03:24:47.041Z] Checked if tokens are valid: true, expires at: 1779854270104
[debug] [2026-05-27T03:24:47.041Z] Checked if tokens are valid: true, expires at: 1779854270104
[debug] [2026-05-27T03:24:47.041Z] >>> [apiv2][query] GET https://cloudfunctions.googleapis.com/v2/projects/reachthesoul-prod/locations/asia-southeast1/operations/operation-1779852283614-652c4271e14ee-6a9f6578-486858f8 [none]
[debug] [2026-05-27T03:24:47.097Z] [update-default-asia-southeast1-onRespondentMessage] Retrying task index 0
[debug] [2026-05-27T03:24:47.098Z] Checked if tokens are valid: true, expires at: 1779854270104
[debug] [2026-05-27T03:24:47.098Z] Checked if tokens are valid: true, expires at: 1779854270104
[debug] [2026-05-27T03:24:47.099Z] >>> [apiv2][query] GET https://cloudfunctions.googleapis.com/v2/projects/reachthesoul-prod/locations/asia-southeast1/operations/operation-1779852283617-652c4271e2144-b873c98f-877cf05a [none]
[debug] [2026-05-27T03:24:47.123Z] <<< [apiv2][status] GET https://cloudfunctions.googleapis.com/v2/projects/reachthesoul-prod/locations/asia-southeast1/operations/operation-1779852283617-652c4271e21f5-6c3e1923-e234db55 200
[debug] [2026-05-27T03:24:47.124Z] <<< [apiv2][body] GET https://cloudfunctions.googleapis.com/v2/projects/reachthesoul-prod/locations/asia-southeast1/operations/operation-1779852283617-652c4271e21f5-6c3e1923-e234db55 {"name":"projects/reachthesoul-prod/locations/asia-southeast1/operations/operation-1779852283617-652c4271e21f5-6c3e1923-e234db55","metadata":{"@type":"type.googleapis.com/google.cloud.functions.v2.OperationMetadata","createTime":"2026-05-27T03:24:45.114022977Z","target":"projects/reachthesoul-prod/locations/asia-southeast1/functions/webhookInstagram","verb":"update","cancelRequested":false,"apiVersion":"v2","requestResource":{"@type":"type.googleapis.com/google.cloud.functions.v2.Function","name":"projects/reachthesoul-prod/locations/asia-southeast1/functions/webhookInstagram","buildConfig":{"runtime":"nodejs22","entryPoint":"webhookInstagram","source":{"storageSource":{"bucket":"gcf-v2-sources-211204916402-asia-southeast1","object":"webhookInstagram/function-source.zip","generation":"1779852285022737"}},"environmentVariables":{"GOOGLE_NODE_RUN_SCRIPTS":""},"dockerRepository":"projects/reachthesoul-prod/locations/asia-southeast1/repositories/gcf-artifacts","sourceProvenance":{"resolvedStorageSource":{"bucket":"gcf-v2-sources-211204916402-asia-southeast1","object":"webhookInstagram/function-source.zip","generation":"1778844573176425"}},"dockerRegistry":"ARTIFACT_REGISTRY","sourceToken":"Cltwcm9qZWN0cy8yMTEyMDQ5MTY0MDIvbG9jYXRpb25zL2FzaWEtc291dGhlYXN0MS9idWlsZHMvZjgxYzJmOTctMWY0OS00Y2EyLTkyMWItZjUwZTdjZGU5ZjBlEocBYXNpYS1zb3V0aGVhc3QxLWRvY2tlci5wa2cuZGV2L3JlYWNodGhlc291bC1wcm9kL2djZi1hcnRpZmFjdHMvcmVhY2h0aGVzb3VsLS1wcm9kX19hc2lhLS1zb3V0aGVhc3QxX19jbGVhbnVwX2V4cGlyZWRfb3JnX2RhdGE6dmVyc2lvbl8xGLKJreaSBiJUcHJvamVjdHMvcmVhY2h0aGVzb3VsLXByb2QvbG9jYXRpb25zL2FzaWEtc291dGhlYXN0MS9mdW5jdGlvbnMvY2xlYW51cEV4cGlyZWRPcmdEYXRhKgwI8cfZ0AYQwPmpxAMyCG5vZGVqczIyOnoKI2djci5pby9nYWUtcnVudGltZXMvbm9kZWpzMjI6c3RhYmxlElNhc2lhLXNvdXRoZWFzdDEtZG9ja2VyLnBrZy5kZXYvc2VydmVybGVzcy1ydW50aW1lcy9nb29nbGUtMjItZnVsbC9ydW50aW1lcy9ub2RlanMyMkAB","serviceAccount":"projects/reachthesoul-prod/serviceAccounts/211204916402-compute@developer.gserviceaccount.com","automaticUpdatePolicy":{}},"serviceConfig":{"service":"projects/reachthesoul-prod/locations/asia-southeast1/services/webhookinstagram","timeoutSeconds":60,"environmentVariables":{"FIREBASE_CONFIG":"{\"projectId\":\"reachthesoul-prod\",\"storageBucket\":\"reachthesoul-prod.firebasestorage.app\"}","GCLOUD_PROJECT":"reachthesoul-prod","EVENTARC_CLOUD_EVENT_SOURCE":"projects/reachthesoul-prod/locations/asia-southeast1/services/webhookInstagram","FUNCTION_TARGET":"webhookInstagram","LOG_EXECUTION_ID":"true","FUNCTION_SIGNATURE_TYPE":"http"},"ingressSettings":"ALLOW_ALL","uri":"https://webhookinstagram-6ue3udhyaq-as.a.run.app","serviceAccountEmail":"211204916402-compute@developer.gserviceaccount.com","availableMemory":"256Mi","allTrafficOnLatestRevision":true,"revision":"webhookinstagram-00013-sim","maxInstanceRequestConcurrency":80,"availableCpu":"1"},"state":"ACTIVE","labels":{"deployment-tool":"cloudfunctions","firebase-functions-hash":"d949fbdd3354df20e5db571c3a33cc7933af4469"},"environment":"GEN_2","url":"https://asia-southeast1-reachthesoul-prod.cloudfunctions.net/webhookInstagram","satisfiesPzs":true,"satisfiesPzi":true},"stages":[{"name":"BUILD","message":"Reusing build","state":"COMPLETE","resource":"projects/211204916402/locations/asia-southeast1/builds/f81c2f97-1f49-4ca2-921b-f50e7cde9f0e"},{"name":"SERVICE","message":"Updating Cloud Run service","state":"IN_PROGRESS","resource":"projects/reachthesoul-prod/locations/asia-southeast1/services/webhookinstagram","resourceUri":"https://console.cloud.google.com/run/detail/asia-southeast1/webhookinstagram?project=reachthesoul-prod","stateMessages":[{"severity":"INFO","type":"CloudRunServiceNewRevisionTrafficInfo","message":"A new revision will be deployed serving with 100% traffic."}]}],"sourceToken":"Cltwcm9qZWN0cy8yMTEyMDQ5MTY0MDIvbG9jYXRpb25zL2FzaWEtc291dGhlYXN0MS9idWlsZHMvZjgxYzJmOTctMWY0OS00Y2EyLTkyMWItZjUwZTdjZGU5ZjBlEocBYXNpYS1zb3V0aGVhc3QxLWRvY2tlci5wa2cuZGV2L3JlYWNodGhlc291bC1wcm9kL2djZi1hcnRpZmFjdHMvcmVhY2h0aGVzb3VsLS1wcm9kX19hc2lhLS1zb3V0aGVhc3QxX19jbGVhbnVwX2V4cGlyZWRfb3JnX2RhdGE6dmVyc2lvbl8xGLKJreaSBiJUcHJvamVjdHMvcmVhY2h0aGVzb3VsLXByb2QvbG9jYXRpb25zL2FzaWEtc291dGhlYXN0MS9mdW5jdGlvbnMvY2xlYW51cEV4cGlyZWRPcmdEYXRhKgwI8cfZ0AYQwPmpxAMyCG5vZGVqczIyOnoKI2djci5pby9nYWUtcnVudGltZXMvbm9kZWpzMjI6c3RhYmxlElNhc2lhLXNvdXRoZWFzdDEtZG9ja2VyLnBrZy5kZXYvc2VydmVybGVzcy1ydW50aW1lcy9nb29nbGUtMjItZnVsbC9ydW50aW1lcy9ub2RlanMyMkAB","operationType":"UPDATE_FUNCTION","buildName":"projects/211204916402/locations/asia-southeast1/builds/f81c2f97-1f49-4ca2-921b-f50e7cde9f0e"},"done":false}
[debug] [2026-05-27T03:24:47.124Z] Got source token Cltwcm9qZWN0cy8yMTEyMDQ5MTY0MDIvbG9jYXRpb25zL2FzaWEtc291dGhlYXN0MS9idWlsZHMvZjgxYzJmOTctMWY0OS00Y2EyLTkyMWItZjUwZTdjZGU5ZjBlEocBYXNpYS1zb3V0aGVhc3QxLWRvY2tlci5wa2cuZGV2L3JlYWNodGhlc291bC1wcm9kL2djZi1hcnRpZmFjdHMvcmVhY2h0aGVzb3VsLS1wcm9kX19hc2lhLS1zb3V0aGVhc3QxX19jbGVhbnVwX2V4cGlyZWRfb3JnX2RhdGE6dmVyc2lvbl8xGLKJreaSBiJUcHJvamVjdHMvcmVhY2h0aGVzb3VsLXByb2QvbG9jYXRpb25zL2FzaWEtc291dGhlYXN0MS9mdW5jdGlvbnMvY2xlYW51cEV4cGlyZWRPcmdEYXRhKgwI8cfZ0AYQwPmpxAMyCG5vZGVqczIyOnoKI2djci5pby9nYWUtcnVudGltZXMvbm9kZWpzMjI6c3RhYmxlElNhc2lhLXNvdXRoZWFzdDEtZG9ja2VyLnBrZy5kZXYvc2VydmVybGVzcy1ydW50aW1lcy9nb29nbGUtMjItZnVsbC9ydW50aW1lcy9ub2RlanMyMkAB for region asia-southeast1
[debug] [2026-05-27T03:24:47.126Z] <<< [apiv2][status] GET https://cloudfunctions.googleapis.com/v2/projects/reachthesoul-prod/locations/asia-southeast1/operations/operation-1779852283614-652c4271e14ee-6a9f6578-486858f8 200
[debug] [2026-05-27T03:24:47.126Z] <<< [apiv2][body] GET https://cloudfunctions.googleapis.com/v2/projects/reachthesoul-prod/locations/asia-southeast1/operations/operation-1779852283614-652c4271e14ee-6a9f6578-486858f8 {"name":"projects/reachthesoul-prod/locations/asia-southeast1/operations/operation-1779852283614-652c4271e14ee-6a9f6578-486858f8","metadata":{"@type":"type.googleapis.com/google.cloud.functions.v2.OperationMetadata","createTime":"2026-05-27T03:24:45.118406311Z","target":"projects/reachthesoul-prod/locations/asia-southeast1/functions/webhookFonnte","verb":"update","cancelRequested":false,"apiVersion":"v2","requestResource":{"@type":"type.googleapis.com/google.cloud.functions.v2.Function","name":"projects/reachthesoul-prod/locations/asia-southeast1/functions/webhookFonnte","buildConfig":{"runtime":"nodejs22","entryPoint":"webhookFonnte","source":{"storageSource":{"bucket":"gcf-v2-sources-211204916402-asia-southeast1","object":"webhookFonnte/function-source.zip","generation":"1779852285055049"}},"environmentVariables":{"GOOGLE_NODE_RUN_SCRIPTS":""},"dockerRepository":"projects/reachthesoul-prod/locations/asia-southeast1/repositories/gcf-artifacts","sourceProvenance":{"resolvedStorageSource":{"bucket":"gcf-v2-sources-211204916402-asia-southeast1","object":"webhookFonnte/function-source.zip","generation":"1778844573162688"}},"dockerRegistry":"ARTIFACT_REGISTRY","sourceToken":"Cltwcm9qZWN0cy8yMTEyMDQ5MTY0MDIvbG9jYXRpb25zL2FzaWEtc291dGhlYXN0MS9idWlsZHMvZjgxYzJmOTctMWY0OS00Y2EyLTkyMWItZjUwZTdjZGU5ZjBlEocBYXNpYS1zb3V0aGVhc3QxLWRvY2tlci5wa2cuZGV2L3JlYWNodGhlc291bC1wcm9kL2djZi1hcnRpZmFjdHMvcmVhY2h0aGVzb3VsLS1wcm9kX19hc2lhLS1zb3V0aGVhc3QxX19jbGVhbnVwX2V4cGlyZWRfb3JnX2RhdGE6dmVyc2lvbl8xGLKJreaSBiJUcHJvamVjdHMvcmVhY2h0aGVzb3VsLXByb2QvbG9jYXRpb25zL2FzaWEtc291dGhlYXN0MS9mdW5jdGlvbnMvY2xlYW51cEV4cGlyZWRPcmdEYXRhKgwI8cfZ0AYQwPmpxAMyCG5vZGVqczIyOnoKI2djci5pby9nYWUtcnVudGltZXMvbm9kZWpzMjI6c3RhYmxlElNhc2lhLXNvdXRoZWFzdDEtZG9ja2VyLnBrZy5kZXYvc2VydmVybGVzcy1ydW50aW1lcy9nb29nbGUtMjItZnVsbC9ydW50aW1lcy9ub2RlanMyMkAB","serviceAccount":"projects/reachthesoul-prod/serviceAccounts/211204916402-compute@developer.gserviceaccount.com","automaticUpdatePolicy":{}},"serviceConfig":{"service":"projects/reachthesoul-prod/locations/asia-southeast1/services/webhookfonnte","timeoutSeconds":60,"environmentVariables":{"FIREBASE_CONFIG":"{\"projectId\":\"reachthesoul-prod\",\"storageBucket\":\"reachthesoul-prod.firebasestorage.app\"}","GCLOUD_PROJECT":"reachthesoul-prod","EVENTARC_CLOUD_EVENT_SOURCE":"projects/reachthesoul-prod/locations/asia-southeast1/services/webhookFonnte","FUNCTION_TARGET":"webhookFonnte","LOG_EXECUTION_ID":"true","FUNCTION_SIGNATURE_TYPE":"http"},"ingressSettings":"ALLOW_ALL","uri":"https://webhookfonnte-6ue3udhyaq-as.a.run.app","serviceAccountEmail":"211204916402-compute@developer.gserviceaccount.com","availableMemory":"256Mi","allTrafficOnLatestRevision":true,"revision":"webhookfonnte-00013-xof","maxInstanceRequestConcurrency":80,"availableCpu":"1"},"state":"ACTIVE","labels":{"deployment-tool":"cloudfunctions","firebase-functions-hash":"d949fbdd3354df20e5db571c3a33cc7933af4469"},"environment":"GEN_2","url":"https://asia-southeast1-reachthesoul-prod.cloudfunctions.net/webhookFonnte","satisfiesPzs":true,"satisfiesPzi":true},"stages":[{"name":"BUILD","message":"Reusing build","state":"COMPLETE","resource":"projects/211204916402/locations/asia-southeast1/builds/f81c2f97-1f49-4ca2-921b-f50e7cde9f0e"},{"name":"SERVICE","message":"Updating Cloud Run service","state":"IN_PROGRESS","resource":"projects/reachthesoul-prod/locations/asia-southeast1/services/webhookfonnte","resourceUri":"https://console.cloud.google.com/run/detail/asia-southeast1/webhookfonnte?project=reachthesoul-prod","stateMessages":[{"severity":"INFO","type":"CloudRunServiceNewRevisionTrafficInfo","message":"A new revision will be deployed serving with 100% traffic."}]}],"sourceToken":"Cltwcm9qZWN0cy8yMTEyMDQ5MTY0MDIvbG9jYXRpb25zL2FzaWEtc291dGhlYXN0MS9idWlsZHMvZjgxYzJmOTctMWY0OS00Y2EyLTkyMWItZjUwZTdjZGU5ZjBlEocBYXNpYS1zb3V0aGVhc3QxLWRvY2tlci5wa2cuZGV2L3JlYWNodGhlc291bC1wcm9kL2djZi1hcnRpZmFjdHMvcmVhY2h0aGVzb3VsLS1wcm9kX19hc2lhLS1zb3V0aGVhc3QxX19jbGVhbnVwX2V4cGlyZWRfb3JnX2RhdGE6dmVyc2lvbl8xGLKJreaSBiJUcHJvamVjdHMvcmVhY2h0aGVzb3VsLXByb2QvbG9jYXRpb25zL2FzaWEtc291dGhlYXN0MS9mdW5jdGlvbnMvY2xlYW51cEV4cGlyZWRPcmdEYXRhKgwI8cfZ0AYQwPmpxAMyCG5vZGVqczIyOnoKI2djci5pby9nYWUtcnVudGltZXMvbm9kZWpzMjI6c3RhYmxlElNhc2lhLXNvdXRoZWFzdDEtZG9ja2VyLnBrZy5kZXYvc2VydmVybGVzcy1ydW50aW1lcy9nb29nbGUtMjItZnVsbC9ydW50aW1lcy9ub2RlanMyMkAB","operationType":"UPDATE_FUNCTION","buildName":"projects/211204916402/locations/asia-southeast1/builds/f81c2f97-1f49-4ca2-921b-f50e7cde9f0e"},"done":false}
[debug] [2026-05-27T03:24:47.126Z] Got source token Cltwcm9qZWN0cy8yMTEyMDQ5MTY0MDIvbG9jYXRpb25zL2FzaWEtc291dGhlYXN0MS9idWlsZHMvZjgxYzJmOTctMWY0OS00Y2EyLTkyMWItZjUwZTdjZGU5ZjBlEocBYXNpYS1zb3V0aGVhc3QxLWRvY2tlci5wa2cuZGV2L3JlYWNodGhlc291bC1wcm9kL2djZi1hcnRpZmFjdHMvcmVhY2h0aGVzb3VsLS1wcm9kX19hc2lhLS1zb3V0aGVhc3QxX19jbGVhbnVwX2V4cGlyZWRfb3JnX2RhdGE6dmVyc2lvbl8xGLKJreaSBiJUcHJvamVjdHMvcmVhY2h0aGVzb3VsLXByb2QvbG9jYXRpb25zL2FzaWEtc291dGhlYXN0MS9mdW5jdGlvbnMvY2xlYW51cEV4cGlyZWRPcmdEYXRhKgwI8cfZ0AYQwPmpxAMyCG5vZGVqczIyOnoKI2djci5pby9nYWUtcnVudGltZXMvbm9kZWpzMjI6c3RhYmxlElNhc2lhLXNvdXRoZWFzdDEtZG9ja2VyLnBrZy5kZXYvc2VydmVybGVzcy1ydW50aW1lcy9nb29nbGUtMjItZnVsbC9ydW50aW1lcy9ub2RlanMyMkAB for region asia-southeast1
[debug] [2026-05-27T03:24:47.127Z] <<< [apiv2][status] GET https://cloudfunctions.googleapis.com/v2/projects/reachthesoul-prod/locations/asia-southeast1/operations/operation-1779852283402-652c4271ada63-e198a058-b4f55c72 200
[debug] [2026-05-27T03:24:47.128Z] <<< [apiv2][body] GET https://cloudfunctions.googleapis.com/v2/projects/reachthesoul-prod/locations/asia-southeast1/operations/operation-1779852283402-652c4271ada63-e198a058-b4f55c72 {"name":"projects/reachthesoul-prod/locations/asia-southeast1/operations/operation-1779852283402-652c4271ada63-e198a058-b4f55c72","metadata":{"@type":"type.googleapis.com/google.cloud.functions.v2.OperationMetadata","createTime":"2026-05-27T03:24:45.157976022Z","target":"projects/reachthesoul-prod/locations/asia-southeast1/functions/onMessageCreated","verb":"update","cancelRequested":false,"apiVersion":"v2","requestResource":{"@type":"type.googleapis.com/google.cloud.functions.v2.Function","name":"projects/reachthesoul-prod/locations/asia-southeast1/functions/onMessageCreated","buildConfig":{"runtime":"nodejs22","entryPoint":"onMessageCreated","source":{"storageSource":{"bucket":"gcf-v2-sources-211204916402-asia-southeast1","object":"onMessageCreated/function-source.zip","generation":"1779852285093934"}},"environmentVariables":{"GOOGLE_NODE_RUN_SCRIPTS":""},"dockerRepository":"projects/reachthesoul-prod/locations/asia-southeast1/repositories/gcf-artifacts","sourceProvenance":{"resolvedStorageSource":{"bucket":"gcf-v2-sources-211204916402-asia-southeast1","object":"onMessageCreated/function-source.zip","generation":"1778844507711445"}},"dockerRegistry":"ARTIFACT_REGISTRY","sourceToken":"Cltwcm9qZWN0cy8yMTEyMDQ5MTY0MDIvbG9jYXRpb25zL2FzaWEtc291dGhlYXN0MS9idWlsZHMvZjgxYzJmOTctMWY0OS00Y2EyLTkyMWItZjUwZTdjZGU5ZjBlEocBYXNpYS1zb3V0aGVhc3QxLWRvY2tlci5wa2cuZGV2L3JlYWNodGhlc291bC1wcm9kL2djZi1hcnRpZmFjdHMvcmVhY2h0aGVzb3VsLS1wcm9kX19hc2lhLS1zb3V0aGVhc3QxX19jbGVhbnVwX2V4cGlyZWRfb3JnX2RhdGE6dmVyc2lvbl8xGLKJreaSBiJUcHJvamVjdHMvcmVhY2h0aGVzb3VsLXByb2QvbG9jYXRpb25zL2FzaWEtc291dGhlYXN0MS9mdW5jdGlvbnMvY2xlYW51cEV4cGlyZWRPcmdEYXRhKgwI8cfZ0AYQwPmpxAMyCG5vZGVqczIyOnoKI2djci5pby9nYWUtcnVudGltZXMvbm9kZWpzMjI6c3RhYmxlElNhc2lhLXNvdXRoZWFzdDEtZG9ja2VyLnBrZy5kZXYvc2VydmVybGVzcy1ydW50aW1lcy9nb29nbGUtMjItZnVsbC9ydW50aW1lcy9ub2RlanMyMkAB","serviceAccount":"projects/reachthesoul-prod/serviceAccounts/211204916402-compute@developer.gserviceaccount.com","automaticUpdatePolicy":{}},"serviceConfig":{"service":"projects/reachthesoul-prod/locations/asia-southeast1/services/onmessagecreated","timeoutSeconds":60,"environmentVariables":{"FIREBASE_CONFIG":"{\"projectId\":\"reachthesoul-prod\",\"storageBucket\":\"reachthesoul-prod.firebasestorage.app\"}","GCLOUD_PROJECT":"reachthesoul-prod","EVENTARC_CLOUD_EVENT_SOURCE":"projects/reachthesoul-prod/locations/asia-southeast1/services/onMessageCreated","FUNCTION_SIGNATURE_TYPE":"cloudevent","FUNCTION_TARGET":"onMessageCreated","LOG_EXECUTION_ID":"true"},"ingressSettings":"ALLOW_ALL","uri":"https://onmessagecreated-6ue3udhyaq-as.a.run.app","serviceAccountEmail":"211204916402-compute@developer.gserviceaccount.com","availableMemory":"256Mi","allTrafficOnLatestRevision":true,"revision":"onmessagecreated-00013-haj","maxInstanceRequestConcurrency":80,"availableCpu":"1"},"eventTrigger":{"trigger":"projects/reachthesoul-prod/locations/asia-southeast1/triggers/onmessagecreated-809731","triggerRegion":"asia-southeast1","eventType":"google.cloud.firestore.document.v1.created","eventFilters":[{"attribute":"database","value":"(default)"},{"attribute":"namespace","value":"(default)"},{"attribute":"document","value":"tickets/{ticketId}/messages/{messageId}","operator":"match-path-pattern"}],"pubsubTopic":"projects/reachthesoul-prod/topics/eventarc-asia-southeast1-onmessagecreated-809731-464","serviceAccountEmail":"211204916402-compute@developer.gserviceaccount.com","retryPolicy":"RETRY_POLICY_DO_NOT_RETRY"},"state":"ACTIVE","labels":{"deployment-tool":"cli-firebase","firebase-functions-hash":"d949fbdd3354df20e5db571c3a33cc7933af4469"},"environment":"GEN_2","url":"https://asia-southeast1-reachthesoul-prod.cloudfunctions.net/onMessageCreated","satisfiesPzs":true,"satisfiesPzi":true},"stages":[{"name":"BUILD","message":"Reusing build","state":"COMPLETE","resource":"projects/211204916402/locations/asia-southeast1/builds/f81c2f97-1f49-4ca2-921b-f50e7cde9f0e"},{"name":"SERVICE","message":"Updating Cloud Run service","state":"IN_PROGRESS","resource":"projects/reachthesoul-prod/locations/asia-southeast1/services/onmessagecreated","resourceUri":"https://console.cloud.google.com/run/detail/asia-southeast1/onmessagecreated?project=reachthesoul-prod","stateMessages":[{"severity":"INFO","type":"CloudRunServiceNewRevisionTrafficInfo","message":"A new revision will be deployed serving with 100% traffic."}]},{"name":"TRIGGER","state":"NOT_STARTED"}],"sourceToken":"Cltwcm9qZWN0cy8yMTEyMDQ5MTY0MDIvbG9jYXRpb25zL2FzaWEtc291dGhlYXN0MS9idWlsZHMvZjgxYzJmOTctMWY0OS00Y2EyLTkyMWItZjUwZTdjZGU5ZjBlEocBYXNpYS1zb3V0aGVhc3QxLWRvY2tlci5wa2cuZGV2L3JlYWNodGhlc291bC1wcm9kL2djZi1hcnRpZmFjdHMvcmVhY2h0aGVzb3VsLS1wcm9kX19hc2lhLS1zb3V0aGVhc3QxX19jbGVhbnVwX2V4cGlyZWRfb3JnX2RhdGE6dmVyc2lvbl8xGLKJreaSBiJUcHJvamVjdHMvcmVhY2h0aGVzb3VsLXByb2QvbG9jYXRpb25zL2FzaWEtc291dGhlYXN0MS9mdW5jdGlvbnMvY2xlYW51cEV4cGlyZWRPcmdEYXRhKgwI8cfZ0AYQwPmpxAMyCG5vZGVqczIyOnoKI2djci5pby9nYWUtcnVudGltZXMvbm9kZWpzMjI6c3RhYmxlElNhc2lhLXNvdXRoZWFzdDEtZG9ja2VyLnBrZy5kZXYvc2VydmVybGVzcy1ydW50aW1lcy9nb29nbGUtMjItZnVsbC9ydW50aW1lcy9ub2RlanMyMkAB","operationType":"UPDATE_FUNCTION","buildName":"projects/211204916402/locations/asia-southeast1/builds/f81c2f97-1f49-4ca2-921b-f50e7cde9f0e"},"done":false}
[debug] [2026-05-27T03:24:47.128Z] Got source token Cltwcm9qZWN0cy8yMTEyMDQ5MTY0MDIvbG9jYXRpb25zL2FzaWEtc291dGhlYXN0MS9idWlsZHMvZjgxYzJmOTctMWY0OS00Y2EyLTkyMWItZjUwZTdjZGU5ZjBlEocBYXNpYS1zb3V0aGVhc3QxLWRvY2tlci5wa2cuZGV2L3JlYWNodGhlc291bC1wcm9kL2djZi1hcnRpZmFjdHMvcmVhY2h0aGVzb3VsLS1wcm9kX19hc2lhLS1zb3V0aGVhc3QxX19jbGVhbnVwX2V4cGlyZWRfb3JnX2RhdGE6dmVyc2lvbl8xGLKJreaSBiJUcHJvamVjdHMvcmVhY2h0aGVzb3VsLXByb2QvbG9jYXRpb25zL2FzaWEtc291dGhlYXN0MS9mdW5jdGlvbnMvY2xlYW51cEV4cGlyZWRPcmdEYXRhKgwI8cfZ0AYQwPmpxAMyCG5vZGVqczIyOnoKI2djci5pby9nYWUtcnVudGltZXMvbm9kZWpzMjI6c3RhYmxlElNhc2lhLXNvdXRoZWFzdDEtZG9ja2VyLnBrZy5kZXYvc2VydmVybGVzcy1ydW50aW1lcy9nb29nbGUtMjItZnVsbC9ydW50aW1lcy9ub2RlanMyMkAB for region asia-southeast1
[debug] [2026-05-27T03:24:47.137Z] <<< [apiv2][status] GET https://cloudfunctions.googleapis.com/v2/projects/reachthesoul-prod/locations/asia-southeast1/operations/operation-1779852283617-652c4271e2152-839bcf0e-2fd9e2f0 200
[debug] [2026-05-27T03:24:47.137Z] <<< [apiv2][body] GET https://cloudfunctions.googleapis.com/v2/projects/reachthesoul-prod/locations/asia-southeast1/operations/operation-1779852283617-652c4271e2152-839bcf0e-2fd9e2f0 {"name":"projects/reachthesoul-prod/locations/asia-southeast1/operations/operation-1779852283617-652c4271e2152-839bcf0e-2fd9e2f0","metadata":{"@type":"type.googleapis.com/google.cloud.functions.v2.OperationMetadata","createTime":"2026-05-27T03:24:45.117011639Z","target":"projects/reachthesoul-prod/locations/asia-southeast1/functions/webhookCall","verb":"update","cancelRequested":false,"apiVersion":"v2","requestResource":{"@type":"type.googleapis.com/google.cloud.functions.v2.Function","name":"projects/reachthesoul-prod/locations/asia-southeast1/functions/webhookCall","buildConfig":{"runtime":"nodejs22","entryPoint":"webhookCall","source":{"storageSource":{"bucket":"gcf-v2-sources-211204916402-asia-southeast1","object":"webhookCall/function-source.zip","generation":"1779852285016751"}},"environmentVariables":{"GOOGLE_NODE_RUN_SCRIPTS":""},"dockerRepository":"projects/reachthesoul-prod/locations/asia-southeast1/repositories/gcf-artifacts","sourceProvenance":{"resolvedStorageSource":{"bucket":"gcf-v2-sources-211204916402-asia-southeast1","object":"webhookCall/function-source.zip","generation":"1778844573476764"}},"dockerRegistry":"ARTIFACT_REGISTRY","sourceToken":"Cltwcm9qZWN0cy8yMTEyMDQ5MTY0MDIvbG9jYXRpb25zL2FzaWEtc291dGhlYXN0MS9idWlsZHMvZjgxYzJmOTctMWY0OS00Y2EyLTkyMWItZjUwZTdjZGU5ZjBlEocBYXNpYS1zb3V0aGVhc3QxLWRvY2tlci5wa2cuZGV2L3JlYWNodGhlc291bC1wcm9kL2djZi1hcnRpZmFjdHMvcmVhY2h0aGVzb3VsLS1wcm9kX19hc2lhLS1zb3V0aGVhc3QxX19jbGVhbnVwX2V4cGlyZWRfb3JnX2RhdGE6dmVyc2lvbl8xGLKJreaSBiJUcHJvamVjdHMvcmVhY2h0aGVzb3VsLXByb2QvbG9jYXRpb25zL2FzaWEtc291dGhlYXN0MS9mdW5jdGlvbnMvY2xlYW51cEV4cGlyZWRPcmdEYXRhKgwI8cfZ0AYQwPmpxAMyCG5vZGVqczIyOnoKI2djci5pby9nYWUtcnVudGltZXMvbm9kZWpzMjI6c3RhYmxlElNhc2lhLXNvdXRoZWFzdDEtZG9ja2VyLnBrZy5kZXYvc2VydmVybGVzcy1ydW50aW1lcy9nb29nbGUtMjItZnVsbC9ydW50aW1lcy9ub2RlanMyMkAB","serviceAccount":"projects/reachthesoul-prod/serviceAccounts/211204916402-compute@developer.gserviceaccount.com","automaticUpdatePolicy":{}},"serviceConfig":{"service":"projects/reachthesoul-prod/locations/asia-southeast1/services/webhookcall","timeoutSeconds":60,"environmentVariables":{"FIREBASE_CONFIG":"{\"projectId\":\"reachthesoul-prod\",\"storageBucket\":\"reachthesoul-prod.firebasestorage.app\"}","GCLOUD_PROJECT":"reachthesoul-prod","EVENTARC_CLOUD_EVENT_SOURCE":"projects/reachthesoul-prod/locations/asia-southeast1/services/webhookCall","FUNCTION_TARGET":"webhookCall","LOG_EXECUTION_ID":"true","FUNCTION_SIGNATURE_TYPE":"http"},"ingressSettings":"ALLOW_ALL","uri":"https://webhookcall-6ue3udhyaq-as.a.run.app","serviceAccountEmail":"211204916402-compute@developer.gserviceaccount.com","availableMemory":"256Mi","allTrafficOnLatestRevision":true,"revision":"webhookcall-00013-nil","maxInstanceRequestConcurrency":80,"availableCpu":"1"},"state":"ACTIVE","labels":{"deployment-tool":"cloudfunctions","firebase-functions-hash":"d949fbdd3354df20e5db571c3a33cc7933af4469"},"environment":"GEN_2","url":"https://asia-southeast1-reachthesoul-prod.cloudfunctions.net/webhookCall","satisfiesPzs":true,"satisfiesPzi":true},"stages":[{"name":"BUILD","message":"Reusing build","state":"COMPLETE","resource":"projects/211204916402/locations/asia-southeast1/builds/f81c2f97-1f49-4ca2-921b-f50e7cde9f0e"},{"name":"SERVICE","message":"Updating Cloud Run service","state":"IN_PROGRESS","resource":"projects/reachthesoul-prod/locations/asia-southeast1/services/webhookcall","resourceUri":"https://console.cloud.google.com/run/detail/asia-southeast1/webhookcall?project=reachthesoul-prod","stateMessages":[{"severity":"INFO","type":"CloudRunServiceNewRevisionTrafficInfo","message":"A new revision will be deployed serving with 100% traffic."}]}],"sourceToken":"Cltwcm9qZWN0cy8yMTEyMDQ5MTY0MDIvbG9jYXRpb25zL2FzaWEtc291dGhlYXN0MS9idWlsZHMvZjgxYzJmOTctMWY0OS00Y2EyLTkyMWItZjUwZTdjZGU5ZjBlEocBYXNpYS1zb3V0aGVhc3QxLWRvY2tlci5wa2cuZGV2L3JlYWNodGhlc291bC1wcm9kL2djZi1hcnRpZmFjdHMvcmVhY2h0aGVzb3VsLS1wcm9kX19hc2lhLS1zb3V0aGVhc3QxX19jbGVhbnVwX2V4cGlyZWRfb3JnX2RhdGE6dmVyc2lvbl8xGLKJreaSBiJUcHJvamVjdHMvcmVhY2h0aGVzb3VsLXByb2QvbG9jYXRpb25zL2FzaWEtc291dGhlYXN0MS9mdW5jdGlvbnMvY2xlYW51cEV4cGlyZWRPcmdEYXRhKgwI8cfZ0AYQwPmpxAMyCG5vZGVqczIyOnoKI2djci5pby9nYWUtcnVudGltZXMvbm9kZWpzMjI6c3RhYmxlElNhc2lhLXNvdXRoZWFzdDEtZG9ja2VyLnBrZy5kZXYvc2VydmVybGVzcy1ydW50aW1lcy9nb29nbGUtMjItZnVsbC9ydW50aW1lcy9ub2RlanMyMkAB","operationType":"UPDATE_FUNCTION","buildName":"projects/211204916402/locations/asia-southeast1/builds/f81c2f97-1f49-4ca2-921b-f50e7cde9f0e"},"done":false}
[debug] [2026-05-27T03:24:47.137Z] Got source token Cltwcm9qZWN0cy8yMTEyMDQ5MTY0MDIvbG9jYXRpb25zL2FzaWEtc291dGhlYXN0MS9idWlsZHMvZjgxYzJmOTctMWY0OS00Y2EyLTkyMWItZjUwZTdjZGU5ZjBlEocBYXNpYS1zb3V0aGVhc3QxLWRvY2tlci5wa2cuZGV2L3JlYWNodGhlc291bC1wcm9kL2djZi1hcnRpZmFjdHMvcmVhY2h0aGVzb3VsLS1wcm9kX19hc2lhLS1zb3V0aGVhc3QxX19jbGVhbnVwX2V4cGlyZWRfb3JnX2RhdGE6dmVyc2lvbl8xGLKJreaSBiJUcHJvamVjdHMvcmVhY2h0aGVzb3VsLXByb2QvbG9jYXRpb25zL2FzaWEtc291dGhlYXN0MS9mdW5jdGlvbnMvY2xlYW51cEV4cGlyZWRPcmdEYXRhKgwI8cfZ0AYQwPmpxAMyCG5vZGVqczIyOnoKI2djci5pby9nYWUtcnVudGltZXMvbm9kZWpzMjI6c3RhYmxlElNhc2lhLXNvdXRoZWFzdDEtZG9ja2VyLnBrZy5kZXYvc2VydmVybGVzcy1ydW50aW1lcy9nb29nbGUtMjItZnVsbC9ydW50aW1lcy9ub2RlanMyMkAB for region asia-southeast1
[debug] [2026-05-27T03:24:47.453Z] <<< [apiv2][status] GET https://cloudfunctions.googleapis.com/v2/projects/reachthesoul-prod/locations/asia-southeast1/operations/operation-1779852283617-652c4271e2144-b873c98f-877cf05a 200
[debug] [2026-05-27T03:24:47.453Z] <<< [apiv2][body] GET https://cloudfunctions.googleapis.com/v2/projects/reachthesoul-prod/locations/asia-southeast1/operations/operation-1779852283617-652c4271e2144-b873c98f-877cf05a {"name":"projects/reachthesoul-prod/locations/asia-southeast1/operations/operation-1779852283617-652c4271e2144-b873c98f-877cf05a","metadata":{"@type":"type.googleapis.com/google.cloud.functions.v2.OperationMetadata","createTime":"2026-05-27T03:24:46.482638726Z","target":"projects/reachthesoul-prod/locations/asia-southeast1/functions/onRespondentMessage","verb":"update","cancelRequested":false,"apiVersion":"v2","requestResource":{"@type":"type.googleapis.com/google.cloud.functions.v2.Function","name":"projects/reachthesoul-prod/locations/asia-southeast1/functions/onRespondentMessage","buildConfig":{"runtime":"nodejs22","entryPoint":"onRespondentMessage","source":{"storageSource":{"bucket":"gcf-v2-sources-211204916402-asia-southeast1","object":"onRespondentMessage/function-source.zip","generation":"1779852286411827"}},"environmentVariables":{"GOOGLE_NODE_RUN_SCRIPTS":""},"dockerRepository":"projects/reachthesoul-prod/locations/asia-southeast1/repositories/gcf-artifacts","sourceProvenance":{"resolvedStorageSource":{"bucket":"gcf-v2-sources-211204916402-asia-southeast1","object":"onRespondentMessage/function-source.zip","generation":"1778844573772210"}},"dockerRegistry":"ARTIFACT_REGISTRY","sourceToken":"Cltwcm9qZWN0cy8yMTEyMDQ5MTY0MDIvbG9jYXRpb25zL2FzaWEtc291dGhlYXN0MS9idWlsZHMvZjgxYzJmOTctMWY0OS00Y2EyLTkyMWItZjUwZTdjZGU5ZjBlEocBYXNpYS1zb3V0aGVhc3QxLWRvY2tlci5wa2cuZGV2L3JlYWNodGhlc291bC1wcm9kL2djZi1hcnRpZmFjdHMvcmVhY2h0aGVzb3VsLS1wcm9kX19hc2lhLS1zb3V0aGVhc3QxX19jbGVhbnVwX2V4cGlyZWRfb3JnX2RhdGE6dmVyc2lvbl8xGLKJreaSBiJUcHJvamVjdHMvcmVhY2h0aGVzb3VsLXByb2QvbG9jYXRpb25zL2FzaWEtc291dGhlYXN0MS9mdW5jdGlvbnMvY2xlYW51cEV4cGlyZWRPcmdEYXRhKgwI8cfZ0AYQwPmpxAMyCG5vZGVqczIyOnoKI2djci5pby9nYWUtcnVudGltZXMvbm9kZWpzMjI6c3RhYmxlElNhc2lhLXNvdXRoZWFzdDEtZG9ja2VyLnBrZy5kZXYvc2VydmVybGVzcy1ydW50aW1lcy9nb29nbGUtMjItZnVsbC9ydW50aW1lcy9ub2RlanMyMkAB","serviceAccount":"projects/reachthesoul-prod/serviceAccounts/211204916402-compute@developer.gserviceaccount.com","automaticUpdatePolicy":{}},"serviceConfig":{"service":"projects/reachthesoul-prod/locations/asia-southeast1/services/onrespondentmessage","timeoutSeconds":60,"environmentVariables":{"FIREBASE_CONFIG":"{\"projectId\":\"reachthesoul-prod\",\"storageBucket\":\"reachthesoul-prod.firebasestorage.app\"}","GCLOUD_PROJECT":"reachthesoul-prod","EVENTARC_CLOUD_EVENT_SOURCE":"projects/reachthesoul-prod/locations/asia-southeast1/services/onRespondentMessage","FUNCTION_SIGNATURE_TYPE":"cloudevent","FUNCTION_TARGET":"onRespondentMessage","LOG_EXECUTION_ID":"true"},"ingressSettings":"ALLOW_ALL","uri":"https://onrespondentmessage-6ue3udhyaq-as.a.run.app","serviceAccountEmail":"211204916402-compute@developer.gserviceaccount.com","availableMemory":"256Mi","allTrafficOnLatestRevision":true,"revision":"onrespondentmessage-00013-rab","maxInstanceRequestConcurrency":80,"availableCpu":"1"},"eventTrigger":{"trigger":"projects/reachthesoul-prod/locations/asia-southeast1/triggers/onrespondentmessage-242121","triggerRegion":"asia-southeast1","eventType":"google.cloud.firestore.document.v1.created","eventFilters":[{"attribute":"database","value":"(default)"},{"attribute":"namespace","value":"(default)"},{"attribute":"document","value":"tickets/{ticketId}/messages/{messageId}","operator":"match-path-pattern"}],"pubsubTopic":"projects/reachthesoul-prod/topics/eventarc-asia-southeast1-onrespondentmessage-242121-914","serviceAccountEmail":"211204916402-compute@developer.gserviceaccount.com","retryPolicy":"RETRY_POLICY_DO_NOT_RETRY"},"state":"ACTIVE","labels":{"deployment-tool":"cli-firebase","firebase-functions-hash":"d949fbdd3354df20e5db571c3a33cc7933af4469"},"environment":"GEN_2","url":"https://asia-southeast1-reachthesoul-prod.cloudfunctions.net/onRespondentMessage","satisfiesPzs":true,"satisfiesPzi":true},"stages":[{"name":"BUILD","message":"Reusing build","state":"COMPLETE","resource":"projects/211204916402/locations/asia-southeast1/builds/f81c2f97-1f49-4ca2-921b-f50e7cde9f0e"},{"name":"SERVICE","state":"NOT_STARTED"},{"name":"TRIGGER","state":"NOT_STARTED"}],"sourceToken":"Cltwcm9qZWN0cy8yMTEyMDQ5MTY0MDIvbG9jYXRpb25zL2FzaWEtc291dGhlYXN0MS9idWlsZHMvZjgxYzJmOTctMWY0OS00Y2EyLTkyMWItZjUwZTdjZGU5ZjBlEocBYXNpYS1zb3V0aGVhc3QxLWRvY2tlci5wa2cuZGV2L3JlYWNodGhlc291bC1wcm9kL2djZi1hcnRpZmFjdHMvcmVhY2h0aGVzb3VsLS1wcm9kX19hc2lhLS1zb3V0aGVhc3QxX19jbGVhbnVwX2V4cGlyZWRfb3JnX2RhdGE6dmVyc2lvbl8xGLKJreaSBiJUcHJvamVjdHMvcmVhY2h0aGVzb3VsLXByb2QvbG9jYXRpb25zL2FzaWEtc291dGhlYXN0MS9mdW5jdGlvbnMvY2xlYW51cEV4cGlyZWRPcmdEYXRhKgwI8cfZ0AYQwPmpxAMyCG5vZGVqczIyOnoKI2djci5pby9nYWUtcnVudGltZXMvbm9kZWpzMjI6c3RhYmxlElNhc2lhLXNvdXRoZWFzdDEtZG9ja2VyLnBrZy5kZXYvc2VydmVybGVzcy1ydW50aW1lcy9nb29nbGUtMjItZnVsbC9ydW50aW1lcy9ub2RlanMyMkAB","operationType":"UPDATE_FUNCTION","buildName":"projects/211204916402/locations/asia-southeast1/builds/f81c2f97-1f49-4ca2-921b-f50e7cde9f0e"},"done":false}
[debug] [2026-05-27T03:24:47.454Z] Got source token Cltwcm9qZWN0cy8yMTEyMDQ5MTY0MDIvbG9jYXRpb25zL2FzaWEtc291dGhlYXN0MS9idWlsZHMvZjgxYzJmOTctMWY0OS00Y2EyLTkyMWItZjUwZTdjZGU5ZjBlEocBYXNpYS1zb3V0aGVhc3QxLWRvY2tlci5wa2cuZGV2L3JlYWNodGhlc291bC1wcm9kL2djZi1hcnRpZmFjdHMvcmVhY2h0aGVzb3VsLS1wcm9kX19hc2lhLS1zb3V0aGVhc3QxX19jbGVhbnVwX2V4cGlyZWRfb3JnX2RhdGE6dmVyc2lvbl8xGLKJreaSBiJUcHJvamVjdHMvcmVhY2h0aGVzb3VsLXByb2QvbG9jYXRpb25zL2FzaWEtc291dGhlYXN0MS9mdW5jdGlvbnMvY2xlYW51cEV4cGlyZWRPcmdEYXRhKgwI8cfZ0AYQwPmpxAMyCG5vZGVqczIyOnoKI2djci5pby9nYWUtcnVudGltZXMvbm9kZWpzMjI6c3RhYmxlElNhc2lhLXNvdXRoZWFzdDEtZG9ja2VyLnBrZy5kZXYvc2VydmVybGVzcy1ydW50aW1lcy9nb29nbGUtMjItZnVsbC9ydW50aW1lcy9ub2RlanMyMkAB for region asia-southeast1
[debug] [2026-05-27T03:24:47.666Z] [update-default-asia-southeast1-webhookWhatsapp] Retrying task index 0
[debug] [2026-05-27T03:24:47.668Z] Checked if tokens are valid: true, expires at: 1779854270104
[debug] [2026-05-27T03:24:47.668Z] Checked if tokens are valid: true, expires at: 1779854270104
[debug] [2026-05-27T03:24:47.669Z] >>> [apiv2][query] GET https://cloudfunctions.googleapis.com/v2/projects/reachthesoul-prod/locations/asia-southeast1/operations/operation-1779852283618-652c4271e2620-f0261711-d174e61f [none]
[debug] [2026-05-27T03:24:47.670Z] [update-default-asia-southeast1-webhookFacebook] Retrying task index 0
[debug] [2026-05-27T03:24:47.671Z] Checked if tokens are valid: true, expires at: 1779854270104
[debug] [2026-05-27T03:24:47.672Z] Checked if tokens are valid: true, expires at: 1779854270104
[debug] [2026-05-27T03:24:47.672Z] >>> [apiv2][query] GET https://cloudfunctions.googleapis.com/v2/projects/reachthesoul-prod/locations/asia-southeast1/operations/operation-1779852283617-652c4271e2143-5439d32d-f7cb4e71 [none]
[debug] [2026-05-27T03:24:47.754Z] <<< [apiv2][status] GET https://cloudfunctions.googleapis.com/v2/projects/reachthesoul-prod/locations/asia-southeast1/operations/operation-1779852283618-652c4271e2620-f0261711-d174e61f 200
[debug] [2026-05-27T03:24:47.754Z] <<< [apiv2][body] GET https://cloudfunctions.googleapis.com/v2/projects/reachthesoul-prod/locations/asia-southeast1/operations/operation-1779852283618-652c4271e2620-f0261711-d174e61f {"name":"projects/reachthesoul-prod/locations/asia-southeast1/operations/operation-1779852283618-652c4271e2620-f0261711-d174e61f","metadata":{"@type":"type.googleapis.com/google.cloud.functions.v2.OperationMetadata","createTime":"2026-05-27T03:24:45.781606461Z","target":"projects/reachthesoul-prod/locations/asia-southeast1/functions/webhookWhatsapp","verb":"update","cancelRequested":false,"apiVersion":"v2","requestResource":{"@type":"type.googleapis.com/google.cloud.functions.v2.Function","name":"projects/reachthesoul-prod/locations/asia-southeast1/functions/webhookWhatsapp","buildConfig":{"runtime":"nodejs22","entryPoint":"webhookWhatsapp","source":{"storageSource":{"bucket":"gcf-v2-sources-211204916402-asia-southeast1","object":"webhookWhatsapp/function-source.zip","generation":"1779852285717655"}},"environmentVariables":{"GOOGLE_NODE_RUN_SCRIPTS":""},"dockerRepository":"projects/reachthesoul-prod/locations/asia-southeast1/repositories/gcf-artifacts","sourceProvenance":{"resolvedStorageSource":{"bucket":"gcf-v2-sources-211204916402-asia-southeast1","object":"webhookWhatsapp/function-source.zip","generation":"1778844573025903"}},"dockerRegistry":"ARTIFACT_REGISTRY","sourceToken":"Cltwcm9qZWN0cy8yMTEyMDQ5MTY0MDIvbG9jYXRpb25zL2FzaWEtc291dGhlYXN0MS9idWlsZHMvZjgxYzJmOTctMWY0OS00Y2EyLTkyMWItZjUwZTdjZGU5ZjBlEocBYXNpYS1zb3V0aGVhc3QxLWRvY2tlci5wa2cuZGV2L3JlYWNodGhlc291bC1wcm9kL2djZi1hcnRpZmFjdHMvcmVhY2h0aGVzb3VsLS1wcm9kX19hc2lhLS1zb3V0aGVhc3QxX19jbGVhbnVwX2V4cGlyZWRfb3JnX2RhdGE6dmVyc2lvbl8xGLKJreaSBiJUcHJvamVjdHMvcmVhY2h0aGVzb3VsLXByb2QvbG9jYXRpb25zL2FzaWEtc291dGhlYXN0MS9mdW5jdGlvbnMvY2xlYW51cEV4cGlyZWRPcmdEYXRhKgwI8cfZ0AYQwPmpxAMyCG5vZGVqczIyOnoKI2djci5pby9nYWUtcnVudGltZXMvbm9kZWpzMjI6c3RhYmxlElNhc2lhLXNvdXRoZWFzdDEtZG9ja2VyLnBrZy5kZXYvc2VydmVybGVzcy1ydW50aW1lcy9nb29nbGUtMjItZnVsbC9ydW50aW1lcy9ub2RlanMyMkAB","serviceAccount":"projects/reachthesoul-prod/serviceAccounts/211204916402-compute@developer.gserviceaccount.com","automaticUpdatePolicy":{}},"serviceConfig":{"service":"projects/reachthesoul-prod/locations/asia-southeast1/services/webhookwhatsapp","timeoutSeconds":60,"environmentVariables":{"FIREBASE_CONFIG":"{\"projectId\":\"reachthesoul-prod\",\"storageBucket\":\"reachthesoul-prod.firebasestorage.app\"}","GCLOUD_PROJECT":"reachthesoul-prod","EVENTARC_CLOUD_EVENT_SOURCE":"projects/reachthesoul-prod/locations/asia-southeast1/services/webhookWhatsapp","FUNCTION_TARGET":"webhookWhatsapp","LOG_EXECUTION_ID":"true","FUNCTION_SIGNATURE_TYPE":"http"},"ingressSettings":"ALLOW_ALL","uri":"https://webhookwhatsapp-6ue3udhyaq-as.a.run.app","serviceAccountEmail":"211204916402-compute@developer.gserviceaccount.com","availableMemory":"256Mi","allTrafficOnLatestRevision":true,"revision":"webhookwhatsapp-00013-qoj","maxInstanceRequestConcurrency":80,"availableCpu":"1"},"state":"ACTIVE","labels":{"deployment-tool":"cli-firebase","firebase-functions-hash":"d949fbdd3354df20e5db571c3a33cc7933af4469"},"environment":"GEN_2","url":"https://asia-southeast1-reachthesoul-prod.cloudfunctions.net/webhookWhatsapp","satisfiesPzs":true,"satisfiesPzi":true},"stages":[{"name":"BUILD","message":"Reusing build","state":"COMPLETE","resource":"projects/211204916402/locations/asia-southeast1/builds/f81c2f97-1f49-4ca2-921b-f50e7cde9f0e"},{"name":"SERVICE","message":"Updating Cloud Run service","state":"IN_PROGRESS","resource":"projects/reachthesoul-prod/locations/asia-southeast1/services/webhookwhatsapp","resourceUri":"https://console.cloud.google.com/run/detail/asia-southeast1/webhookwhatsapp?project=reachthesoul-prod","stateMessages":[{"severity":"INFO","type":"CloudRunServiceNewRevisionTrafficInfo","message":"A new revision will be deployed serving with 100% traffic."}]}],"sourceToken":"Cltwcm9qZWN0cy8yMTEyMDQ5MTY0MDIvbG9jYXRpb25zL2FzaWEtc291dGhlYXN0MS9idWlsZHMvZjgxYzJmOTctMWY0OS00Y2EyLTkyMWItZjUwZTdjZGU5ZjBlEocBYXNpYS1zb3V0aGVhc3QxLWRvY2tlci5wa2cuZGV2L3JlYWNodGhlc291bC1wcm9kL2djZi1hcnRpZmFjdHMvcmVhY2h0aGVzb3VsLS1wcm9kX19hc2lhLS1zb3V0aGVhc3QxX19jbGVhbnVwX2V4cGlyZWRfb3JnX2RhdGE6dmVyc2lvbl8xGLKJreaSBiJUcHJvamVjdHMvcmVhY2h0aGVzb3VsLXByb2QvbG9jYXRpb25zL2FzaWEtc291dGhlYXN0MS9mdW5jdGlvbnMvY2xlYW51cEV4cGlyZWRPcmdEYXRhKgwI8cfZ0AYQwPmpxAMyCG5vZGVqczIyOnoKI2djci5pby9nYWUtcnVudGltZXMvbm9kZWpzMjI6c3RhYmxlElNhc2lhLXNvdXRoZWFzdDEtZG9ja2VyLnBrZy5kZXYvc2VydmVybGVzcy1ydW50aW1lcy9nb29nbGUtMjItZnVsbC9ydW50aW1lcy9ub2RlanMyMkAB","operationType":"UPDATE_FUNCTION","buildName":"projects/211204916402/locations/asia-southeast1/builds/f81c2f97-1f49-4ca2-921b-f50e7cde9f0e"},"done":false}
[debug] [2026-05-27T03:24:47.755Z] Got source token Cltwcm9qZWN0cy8yMTEyMDQ5MTY0MDIvbG9jYXRpb25zL2FzaWEtc291dGhlYXN0MS9idWlsZHMvZjgxYzJmOTctMWY0OS00Y2EyLTkyMWItZjUwZTdjZGU5ZjBlEocBYXNpYS1zb3V0aGVhc3QxLWRvY2tlci5wa2cuZGV2L3JlYWNodGhlc291bC1wcm9kL2djZi1hcnRpZmFjdHMvcmVhY2h0aGVzb3VsLS1wcm9kX19hc2lhLS1zb3V0aGVhc3QxX19jbGVhbnVwX2V4cGlyZWRfb3JnX2RhdGE6dmVyc2lvbl8xGLKJreaSBiJUcHJvamVjdHMvcmVhY2h0aGVzb3VsLXByb2QvbG9jYXRpb25zL2FzaWEtc291dGhlYXN0MS9mdW5jdGlvbnMvY2xlYW51cEV4cGlyZWRPcmdEYXRhKgwI8cfZ0AYQwPmpxAMyCG5vZGVqczIyOnoKI2djci5pby9nYWUtcnVudGltZXMvbm9kZWpzMjI6c3RhYmxlElNhc2lhLXNvdXRoZWFzdDEtZG9ja2VyLnBrZy5kZXYvc2VydmVybGVzcy1ydW50aW1lcy9nb29nbGUtMjItZnVsbC9ydW50aW1lcy9ub2RlanMyMkAB for region asia-southeast1
[debug] [2026-05-27T03:24:47.775Z] <<< [apiv2][status] GET https://cloudfunctions.googleapis.com/v2/projects/reachthesoul-prod/locations/asia-southeast1/operations/operation-1779852283617-652c4271e2143-5439d32d-f7cb4e71 200
[debug] [2026-05-27T03:24:47.775Z] <<< [apiv2][body] GET https://cloudfunctions.googleapis.com/v2/projects/reachthesoul-prod/locations/asia-southeast1/operations/operation-1779852283617-652c4271e2143-5439d32d-f7cb4e71 {"name":"projects/reachthesoul-prod/locations/asia-southeast1/operations/operation-1779852283617-652c4271e2143-5439d32d-f7cb4e71","metadata":{"@type":"type.googleapis.com/google.cloud.functions.v2.OperationMetadata","createTime":"2026-05-27T03:24:45.724705634Z","target":"projects/reachthesoul-prod/locations/asia-southeast1/functions/webhookFacebook","verb":"update","cancelRequested":false,"apiVersion":"v2","requestResource":{"@type":"type.googleapis.com/google.cloud.functions.v2.Function","name":"projects/reachthesoul-prod/locations/asia-southeast1/functions/webhookFacebook","buildConfig":{"runtime":"nodejs22","entryPoint":"webhookFacebook","source":{"storageSource":{"bucket":"gcf-v2-sources-211204916402-asia-southeast1","object":"webhookFacebook/function-source.zip","generation":"1779852285664153"}},"environmentVariables":{"GOOGLE_NODE_RUN_SCRIPTS":""},"dockerRepository":"projects/reachthesoul-prod/locations/asia-southeast1/repositories/gcf-artifacts","sourceProvenance":{"resolvedStorageSource":{"bucket":"gcf-v2-sources-211204916402-asia-southeast1","object":"webhookFacebook/function-source.zip","generation":"1778844573427234"}},"dockerRegistry":"ARTIFACT_REGISTRY","sourceToken":"Cltwcm9qZWN0cy8yMTEyMDQ5MTY0MDIvbG9jYXRpb25zL2FzaWEtc291dGhlYXN0MS9idWlsZHMvZjgxYzJmOTctMWY0OS00Y2EyLTkyMWItZjUwZTdjZGU5ZjBlEocBYXNpYS1zb3V0aGVhc3QxLWRvY2tlci5wa2cuZGV2L3JlYWNodGhlc291bC1wcm9kL2djZi1hcnRpZmFjdHMvcmVhY2h0aGVzb3VsLS1wcm9kX19hc2lhLS1zb3V0aGVhc3QxX19jbGVhbnVwX2V4cGlyZWRfb3JnX2RhdGE6dmVyc2lvbl8xGLKJreaSBiJUcHJvamVjdHMvcmVhY2h0aGVzb3VsLXByb2QvbG9jYXRpb25zL2FzaWEtc291dGhlYXN0MS9mdW5jdGlvbnMvY2xlYW51cEV4cGlyZWRPcmdEYXRhKgwI8cfZ0AYQwPmpxAMyCG5vZGVqczIyOnoKI2djci5pby9nYWUtcnVudGltZXMvbm9kZWpzMjI6c3RhYmxlElNhc2lhLXNvdXRoZWFzdDEtZG9ja2VyLnBrZy5kZXYvc2VydmVybGVzcy1ydW50aW1lcy9nb29nbGUtMjItZnVsbC9ydW50aW1lcy9ub2RlanMyMkAB","serviceAccount":"projects/reachthesoul-prod/serviceAccounts/211204916402-compute@developer.gserviceaccount.com","automaticUpdatePolicy":{}},"serviceConfig":{"service":"projects/reachthesoul-prod/locations/asia-southeast1/services/webhookfacebook","timeoutSeconds":60,"environmentVariables":{"FIREBASE_CONFIG":"{\"projectId\":\"reachthesoul-prod\",\"storageBucket\":\"reachthesoul-prod.firebasestorage.app\"}","GCLOUD_PROJECT":"reachthesoul-prod","EVENTARC_CLOUD_EVENT_SOURCE":"projects/reachthesoul-prod/locations/asia-southeast1/services/webhookFacebook","FUNCTION_TARGET":"webhookFacebook","LOG_EXECUTION_ID":"true","FUNCTION_SIGNATURE_TYPE":"http"},"ingressSettings":"ALLOW_ALL","uri":"https://webhookfacebook-6ue3udhyaq-as.a.run.app","serviceAccountEmail":"211204916402-compute@developer.gserviceaccount.com","availableMemory":"256Mi","allTrafficOnLatestRevision":true,"revision":"webhookfacebook-00013-yac","maxInstanceRequestConcurrency":80,"availableCpu":"1"},"state":"ACTIVE","labels":{"deployment-tool":"cloudfunctions","firebase-functions-hash":"d949fbdd3354df20e5db571c3a33cc7933af4469"},"environment":"GEN_2","url":"https://asia-southeast1-reachthesoul-prod.cloudfunctions.net/webhookFacebook","satisfiesPzs":true,"satisfiesPzi":true},"stages":[{"name":"BUILD","message":"Reusing build","state":"COMPLETE","resource":"projects/211204916402/locations/asia-southeast1/builds/f81c2f97-1f49-4ca2-921b-f50e7cde9f0e"},{"name":"SERVICE","message":"Updating Cloud Run service","state":"IN_PROGRESS","resource":"projects/reachthesoul-prod/locations/asia-southeast1/services/webhookfacebook","resourceUri":"https://console.cloud.google.com/run/detail/asia-southeast1/webhookfacebook?project=reachthesoul-prod","stateMessages":[{"severity":"INFO","type":"CloudRunServiceNewRevisionTrafficInfo","message":"A new revision will be deployed serving with 100% traffic."}]}],"sourceToken":"Cltwcm9qZWN0cy8yMTEyMDQ5MTY0MDIvbG9jYXRpb25zL2FzaWEtc291dGhlYXN0MS9idWlsZHMvZjgxYzJmOTctMWY0OS00Y2EyLTkyMWItZjUwZTdjZGU5ZjBlEocBYXNpYS1zb3V0aGVhc3QxLWRvY2tlci5wa2cuZGV2L3JlYWNodGhlc291bC1wcm9kL2djZi1hcnRpZmFjdHMvcmVhY2h0aGVzb3VsLS1wcm9kX19hc2lhLS1zb3V0aGVhc3QxX19jbGVhbnVwX2V4cGlyZWRfb3JnX2RhdGE6dmVyc2lvbl8xGLKJreaSBiJUcHJvamVjdHMvcmVhY2h0aGVzb3VsLXByb2QvbG9jYXRpb25zL2FzaWEtc291dGhlYXN0MS9mdW5jdGlvbnMvY2xlYW51cEV4cGlyZWRPcmdEYXRhKgwI8cfZ0AYQwPmpxAMyCG5vZGVqczIyOnoKI2djci5pby9nYWUtcnVudGltZXMvbm9kZWpzMjI6c3RhYmxlElNhc2lhLXNvdXRoZWFzdDEtZG9ja2VyLnBrZy5kZXYvc2VydmVybGVzcy1ydW50aW1lcy9nb29nbGUtMjItZnVsbC9ydW50aW1lcy9ub2RlanMyMkAB","operationType":"UPDATE_FUNCTION","buildName":"projects/211204916402/locations/asia-southeast1/builds/f81c2f97-1f49-4ca2-921b-f50e7cde9f0e"},"done":false}
[debug] [2026-05-27T03:24:47.776Z] Got source token Cltwcm9qZWN0cy8yMTEyMDQ5MTY0MDIvbG9jYXRpb25zL2FzaWEtc291dGhlYXN0MS9idWlsZHMvZjgxYzJmOTctMWY0OS00Y2EyLTkyMWItZjUwZTdjZGU5ZjBlEocBYXNpYS1zb3V0aGVhc3QxLWRvY2tlci5wa2cuZGV2L3JlYWNodGhlc291bC1wcm9kL2djZi1hcnRpZmFjdHMvcmVhY2h0aGVzb3VsLS1wcm9kX19hc2lhLS1zb3V0aGVhc3QxX19jbGVhbnVwX2V4cGlyZWRfb3JnX2RhdGE6dmVyc2lvbl8xGLKJreaSBiJUcHJvamVjdHMvcmVhY2h0aGVzb3VsLXByb2QvbG9jYXRpb25zL2FzaWEtc291dGhlYXN0MS9mdW5jdGlvbnMvY2xlYW51cEV4cGlyZWRPcmdEYXRhKgwI8cfZ0AYQwPmpxAMyCG5vZGVqczIyOnoKI2djci5pby9nYWUtcnVudGltZXMvbm9kZWpzMjI6c3RhYmxlElNhc2lhLXNvdXRoZWFzdDEtZG9ja2VyLnBrZy5kZXYvc2VydmVybGVzcy1ydW50aW1lcy9nb29nbGUtMjItZnVsbC9ydW50aW1lcy9ub2RlanMyMkAB for region asia-southeast1
[debug] [2026-05-27T03:24:48.464Z] [update-default-asia-southeast1-onRespondentMessage] Retrying task index 0
[debug] [2026-05-27T03:24:48.465Z] Checked if tokens are valid: true, expires at: 1779854270104
[debug] [2026-05-27T03:24:48.465Z] Checked if tokens are valid: true, expires at: 1779854270104
[debug] [2026-05-27T03:24:48.465Z] >>> [apiv2][query] GET https://cloudfunctions.googleapis.com/v2/projects/reachthesoul-prod/locations/asia-southeast1/operations/operation-1779852283617-652c4271e2144-b873c98f-877cf05a [none]
[debug] [2026-05-27T03:24:48.694Z] <<< [apiv2][status] GET https://cloudfunctions.googleapis.com/v2/projects/reachthesoul-prod/locations/asia-southeast1/operations/operation-1779852283617-652c4271e2144-b873c98f-877cf05a 200
[debug] [2026-05-27T03:24:48.694Z] <<< [apiv2][body] GET https://cloudfunctions.googleapis.com/v2/projects/reachthesoul-prod/locations/asia-southeast1/operations/operation-1779852283617-652c4271e2144-b873c98f-877cf05a {"name":"projects/reachthesoul-prod/locations/asia-southeast1/operations/operation-1779852283617-652c4271e2144-b873c98f-877cf05a","metadata":{"@type":"type.googleapis.com/google.cloud.functions.v2.OperationMetadata","createTime":"2026-05-27T03:24:46.482638726Z","target":"projects/reachthesoul-prod/locations/asia-southeast1/functions/onRespondentMessage","verb":"update","cancelRequested":false,"apiVersion":"v2","requestResource":{"@type":"type.googleapis.com/google.cloud.functions.v2.Function","name":"projects/reachthesoul-prod/locations/asia-southeast1/functions/onRespondentMessage","buildConfig":{"runtime":"nodejs22","entryPoint":"onRespondentMessage","source":{"storageSource":{"bucket":"gcf-v2-sources-211204916402-asia-southeast1","object":"onRespondentMessage/function-source.zip","generation":"1779852286411827"}},"environmentVariables":{"GOOGLE_NODE_RUN_SCRIPTS":""},"dockerRepository":"projects/reachthesoul-prod/locations/asia-southeast1/repositories/gcf-artifacts","sourceProvenance":{"resolvedStorageSource":{"bucket":"gcf-v2-sources-211204916402-asia-southeast1","object":"onRespondentMessage/function-source.zip","generation":"1778844573772210"}},"dockerRegistry":"ARTIFACT_REGISTRY","sourceToken":"Cltwcm9qZWN0cy8yMTEyMDQ5MTY0MDIvbG9jYXRpb25zL2FzaWEtc291dGhlYXN0MS9idWlsZHMvZjgxYzJmOTctMWY0OS00Y2EyLTkyMWItZjUwZTdjZGU5ZjBlEocBYXNpYS1zb3V0aGVhc3QxLWRvY2tlci5wa2cuZGV2L3JlYWNodGhlc291bC1wcm9kL2djZi1hcnRpZmFjdHMvcmVhY2h0aGVzb3VsLS1wcm9kX19hc2lhLS1zb3V0aGVhc3QxX19jbGVhbnVwX2V4cGlyZWRfb3JnX2RhdGE6dmVyc2lvbl8xGLKJreaSBiJUcHJvamVjdHMvcmVhY2h0aGVzb3VsLXByb2QvbG9jYXRpb25zL2FzaWEtc291dGhlYXN0MS9mdW5jdGlvbnMvY2xlYW51cEV4cGlyZWRPcmdEYXRhKgwI8cfZ0AYQwPmpxAMyCG5vZGVqczIyOnoKI2djci5pby9nYWUtcnVudGltZXMvbm9kZWpzMjI6c3RhYmxlElNhc2lhLXNvdXRoZWFzdDEtZG9ja2VyLnBrZy5kZXYvc2VydmVybGVzcy1ydW50aW1lcy9nb29nbGUtMjItZnVsbC9ydW50aW1lcy9ub2RlanMyMkAB","serviceAccount":"projects/reachthesoul-prod/serviceAccounts/211204916402-compute@developer.gserviceaccount.com","automaticUpdatePolicy":{}},"serviceConfig":{"service":"projects/reachthesoul-prod/locations/asia-southeast1/services/onrespondentmessage","timeoutSeconds":60,"environmentVariables":{"FIREBASE_CONFIG":"{\"projectId\":\"reachthesoul-prod\",\"storageBucket\":\"reachthesoul-prod.firebasestorage.app\"}","GCLOUD_PROJECT":"reachthesoul-prod","EVENTARC_CLOUD_EVENT_SOURCE":"projects/reachthesoul-prod/locations/asia-southeast1/services/onRespondentMessage","FUNCTION_SIGNATURE_TYPE":"cloudevent","FUNCTION_TARGET":"onRespondentMessage","LOG_EXECUTION_ID":"true"},"ingressSettings":"ALLOW_ALL","uri":"https://onrespondentmessage-6ue3udhyaq-as.a.run.app","serviceAccountEmail":"211204916402-compute@developer.gserviceaccount.com","availableMemory":"256Mi","allTrafficOnLatestRevision":true,"revision":"onrespondentmessage-00013-rab","maxInstanceRequestConcurrency":80,"availableCpu":"1"},"eventTrigger":{"trigger":"projects/reachthesoul-prod/locations/asia-southeast1/triggers/onrespondentmessage-242121","triggerRegion":"asia-southeast1","eventType":"google.cloud.firestore.document.v1.created","eventFilters":[{"attribute":"database","value":"(default)"},{"attribute":"namespace","value":"(default)"},{"attribute":"document","value":"tickets/{ticketId}/messages/{messageId}","operator":"match-path-pattern"}],"pubsubTopic":"projects/reachthesoul-prod/topics/eventarc-asia-southeast1-onrespondentmessage-242121-914","serviceAccountEmail":"211204916402-compute@developer.gserviceaccount.com","retryPolicy":"RETRY_POLICY_DO_NOT_RETRY"},"state":"ACTIVE","labels":{"deployment-tool":"cli-firebase","firebase-functions-hash":"d949fbdd3354df20e5db571c3a33cc7933af4469"},"environment":"GEN_2","url":"https://asia-southeast1-reachthesoul-prod.cloudfunctions.net/onRespondentMessage","satisfiesPzs":true,"satisfiesPzi":true},"stages":[{"name":"BUILD","message":"Reusing build","state":"COMPLETE","resource":"projects/211204916402/locations/asia-southeast1/builds/f81c2f97-1f49-4ca2-921b-f50e7cde9f0e"},{"name":"SERVICE","message":"Updating Cloud Run service","state":"IN_PROGRESS","resource":"projects/reachthesoul-prod/locations/asia-southeast1/services/onrespondentmessage","resourceUri":"https://console.cloud.google.com/run/detail/asia-southeast1/onrespondentmessage?project=reachthesoul-prod","stateMessages":[{"severity":"INFO","type":"CloudRunServiceNewRevisionTrafficInfo","message":"A new revision will be deployed serving with 100% traffic."}]},{"name":"TRIGGER","state":"NOT_STARTED"}],"sourceToken":"Cltwcm9qZWN0cy8yMTEyMDQ5MTY0MDIvbG9jYXRpb25zL2FzaWEtc291dGhlYXN0MS9idWlsZHMvZjgxYzJmOTctMWY0OS00Y2EyLTkyMWItZjUwZTdjZGU5ZjBlEocBYXNpYS1zb3V0aGVhc3QxLWRvY2tlci5wa2cuZGV2L3JlYWNodGhlc291bC1wcm9kL2djZi1hcnRpZmFjdHMvcmVhY2h0aGVzb3VsLS1wcm9kX19hc2lhLS1zb3V0aGVhc3QxX19jbGVhbnVwX2V4cGlyZWRfb3JnX2RhdGE6dmVyc2lvbl8xGLKJreaSBiJUcHJvamVjdHMvcmVhY2h0aGVzb3VsLXByb2QvbG9jYXRpb25zL2FzaWEtc291dGhlYXN0MS9mdW5jdGlvbnMvY2xlYW51cEV4cGlyZWRPcmdEYXRhKgwI8cfZ0AYQwPmpxAMyCG5vZGVqczIyOnoKI2djci5pby9nYWUtcnVudGltZXMvbm9kZWpzMjI6c3RhYmxlElNhc2lhLXNvdXRoZWFzdDEtZG9ja2VyLnBrZy5kZXYvc2VydmVybGVzcy1ydW50aW1lcy9nb29nbGUtMjItZnVsbC9ydW50aW1lcy9ub2RlanMyMkAB","operationType":"UPDATE_FUNCTION","buildName":"projects/211204916402/locations/asia-southeast1/builds/f81c2f97-1f49-4ca2-921b-f50e7cde9f0e"},"done":false}
[debug] [2026-05-27T03:24:48.694Z] Got source token Cltwcm9qZWN0cy8yMTEyMDQ5MTY0MDIvbG9jYXRpb25zL2FzaWEtc291dGhlYXN0MS9idWlsZHMvZjgxYzJmOTctMWY0OS00Y2EyLTkyMWItZjUwZTdjZGU5ZjBlEocBYXNpYS1zb3V0aGVhc3QxLWRvY2tlci5wa2cuZGV2L3JlYWNodGhlc291bC1wcm9kL2djZi1hcnRpZmFjdHMvcmVhY2h0aGVzb3VsLS1wcm9kX19hc2lhLS1zb3V0aGVhc3QxX19jbGVhbnVwX2V4cGlyZWRfb3JnX2RhdGE6dmVyc2lvbl8xGLKJreaSBiJUcHJvamVjdHMvcmVhY2h0aGVzb3VsLXByb2QvbG9jYXRpb25zL2FzaWEtc291dGhlYXN0MS9mdW5jdGlvbnMvY2xlYW51cEV4cGlyZWRPcmdEYXRhKgwI8cfZ0AYQwPmpxAMyCG5vZGVqczIyOnoKI2djci5pby9nYWUtcnVudGltZXMvbm9kZWpzMjI6c3RhYmxlElNhc2lhLXNvdXRoZWFzdDEtZG9ja2VyLnBrZy5kZXYvc2VydmVybGVzcy1ydW50aW1lcy9nb29nbGUtMjItZnVsbC9ydW50aW1lcy9ub2RlanMyMkAB for region asia-southeast1
[debug] [2026-05-27T03:24:49.131Z] [update-default-asia-southeast1-webhookInstagram] Retrying task index 0
[debug] [2026-05-27T03:24:49.133Z] Checked if tokens are valid: true, expires at: 1779854270104
[debug] [2026-05-27T03:24:49.133Z] Checked if tokens are valid: true, expires at: 1779854270104
[debug] [2026-05-27T03:24:49.134Z] >>> [apiv2][query] GET https://cloudfunctions.googleapis.com/v2/projects/reachthesoul-prod/locations/asia-southeast1/operations/operation-1779852283617-652c4271e21f5-6c3e1923-e234db55 [none]
[debug] [2026-05-27T03:24:49.136Z] [update-default-asia-southeast1-webhookFonnte] Retrying task index 0
[debug] [2026-05-27T03:24:49.136Z] Checked if tokens are valid: true, expires at: 1779854270104
[debug] [2026-05-27T03:24:49.136Z] Checked if tokens are valid: true, expires at: 1779854270104
[debug] [2026-05-27T03:24:49.136Z] >>> [apiv2][query] GET https://cloudfunctions.googleapis.com/v2/projects/reachthesoul-prod/locations/asia-southeast1/operations/operation-1779852283614-652c4271e14ee-6a9f6578-486858f8 [none]
[debug] [2026-05-27T03:24:49.138Z] [update-default-asia-southeast1-onMessageCreated] Retrying task index 0
[debug] [2026-05-27T03:24:49.138Z] Checked if tokens are valid: true, expires at: 1779854270104
[debug] [2026-05-27T03:24:49.139Z] Checked if tokens are valid: true, expires at: 1779854270104
[debug] [2026-05-27T03:24:49.139Z] >>> [apiv2][query] GET https://cloudfunctions.googleapis.com/v2/projects/reachthesoul-prod/locations/asia-southeast1/operations/operation-1779852283402-652c4271ada63-e198a058-b4f55c72 [none]
[debug] [2026-05-27T03:24:49.140Z] [update-default-asia-southeast1-webhookCall] Retrying task index 0
[debug] [2026-05-27T03:24:49.141Z] Checked if tokens are valid: true, expires at: 1779854270104
[debug] [2026-05-27T03:24:49.141Z] Checked if tokens are valid: true, expires at: 1779854270104
[debug] [2026-05-27T03:24:49.141Z] >>> [apiv2][query] GET https://cloudfunctions.googleapis.com/v2/projects/reachthesoul-prod/locations/asia-southeast1/operations/operation-1779852283617-652c4271e2152-839bcf0e-2fd9e2f0 [none]
[debug] [2026-05-27T03:24:49.210Z] <<< [apiv2][status] GET https://cloudfunctions.googleapis.com/v2/projects/reachthesoul-prod/locations/asia-southeast1/operations/operation-1779852283617-652c4271e21f5-6c3e1923-e234db55 200
[debug] [2026-05-27T03:24:49.210Z] <<< [apiv2][body] GET https://cloudfunctions.googleapis.com/v2/projects/reachthesoul-prod/locations/asia-southeast1/operations/operation-1779852283617-652c4271e21f5-6c3e1923-e234db55 {"name":"projects/reachthesoul-prod/locations/asia-southeast1/operations/operation-1779852283617-652c4271e21f5-6c3e1923-e234db55","metadata":{"@type":"type.googleapis.com/google.cloud.functions.v2.OperationMetadata","createTime":"2026-05-27T03:24:45.114022977Z","target":"projects/reachthesoul-prod/locations/asia-southeast1/functions/webhookInstagram","verb":"update","cancelRequested":false,"apiVersion":"v2","requestResource":{"@type":"type.googleapis.com/google.cloud.functions.v2.Function","name":"projects/reachthesoul-prod/locations/asia-southeast1/functions/webhookInstagram","buildConfig":{"runtime":"nodejs22","entryPoint":"webhookInstagram","source":{"storageSource":{"bucket":"gcf-v2-sources-211204916402-asia-southeast1","object":"webhookInstagram/function-source.zip","generation":"1779852285022737"}},"environmentVariables":{"GOOGLE_NODE_RUN_SCRIPTS":""},"dockerRepository":"projects/reachthesoul-prod/locations/asia-southeast1/repositories/gcf-artifacts","sourceProvenance":{"resolvedStorageSource":{"bucket":"gcf-v2-sources-211204916402-asia-southeast1","object":"webhookInstagram/function-source.zip","generation":"1778844573176425"}},"dockerRegistry":"ARTIFACT_REGISTRY","sourceToken":"Cltwcm9qZWN0cy8yMTEyMDQ5MTY0MDIvbG9jYXRpb25zL2FzaWEtc291dGhlYXN0MS9idWlsZHMvZjgxYzJmOTctMWY0OS00Y2EyLTkyMWItZjUwZTdjZGU5ZjBlEocBYXNpYS1zb3V0aGVhc3QxLWRvY2tlci5wa2cuZGV2L3JlYWNodGhlc291bC1wcm9kL2djZi1hcnRpZmFjdHMvcmVhY2h0aGVzb3VsLS1wcm9kX19hc2lhLS1zb3V0aGVhc3QxX19jbGVhbnVwX2V4cGlyZWRfb3JnX2RhdGE6dmVyc2lvbl8xGLKJreaSBiJUcHJvamVjdHMvcmVhY2h0aGVzb3VsLXByb2QvbG9jYXRpb25zL2FzaWEtc291dGhlYXN0MS9mdW5jdGlvbnMvY2xlYW51cEV4cGlyZWRPcmdEYXRhKgwI8cfZ0AYQwPmpxAMyCG5vZGVqczIyOnoKI2djci5pby9nYWUtcnVudGltZXMvbm9kZWpzMjI6c3RhYmxlElNhc2lhLXNvdXRoZWFzdDEtZG9ja2VyLnBrZy5kZXYvc2VydmVybGVzcy1ydW50aW1lcy9nb29nbGUtMjItZnVsbC9ydW50aW1lcy9ub2RlanMyMkAB","serviceAccount":"projects/reachthesoul-prod/serviceAccounts/211204916402-compute@developer.gserviceaccount.com","automaticUpdatePolicy":{}},"serviceConfig":{"service":"projects/reachthesoul-prod/locations/asia-southeast1/services/webhookinstagram","timeoutSeconds":60,"environmentVariables":{"FIREBASE_CONFIG":"{\"projectId\":\"reachthesoul-prod\",\"storageBucket\":\"reachthesoul-prod.firebasestorage.app\"}","GCLOUD_PROJECT":"reachthesoul-prod","EVENTARC_CLOUD_EVENT_SOURCE":"projects/reachthesoul-prod/locations/asia-southeast1/services/webhookInstagram","FUNCTION_TARGET":"webhookInstagram","LOG_EXECUTION_ID":"true","FUNCTION_SIGNATURE_TYPE":"http"},"ingressSettings":"ALLOW_ALL","uri":"https://webhookinstagram-6ue3udhyaq-as.a.run.app","serviceAccountEmail":"211204916402-compute@developer.gserviceaccount.com","availableMemory":"256Mi","allTrafficOnLatestRevision":true,"revision":"webhookinstagram-00013-sim","maxInstanceRequestConcurrency":80,"availableCpu":"1"},"state":"ACTIVE","labels":{"deployment-tool":"cloudfunctions","firebase-functions-hash":"d949fbdd3354df20e5db571c3a33cc7933af4469"},"environment":"GEN_2","url":"https://asia-southeast1-reachthesoul-prod.cloudfunctions.net/webhookInstagram","satisfiesPzs":true,"satisfiesPzi":true},"stages":[{"name":"BUILD","message":"Reusing build","state":"COMPLETE","resource":"projects/211204916402/locations/asia-southeast1/builds/f81c2f97-1f49-4ca2-921b-f50e7cde9f0e"},{"name":"SERVICE","message":"Updating Cloud Run service","state":"IN_PROGRESS","resource":"projects/reachthesoul-prod/locations/asia-southeast1/services/webhookinstagram","resourceUri":"https://console.cloud.google.com/run/detail/asia-southeast1/webhookinstagram?project=reachthesoul-prod","stateMessages":[{"severity":"INFO","type":"CloudRunServiceNewRevisionTrafficInfo","message":"A new revision will be deployed serving with 100% traffic."}]}],"sourceToken":"Cltwcm9qZWN0cy8yMTEyMDQ5MTY0MDIvbG9jYXRpb25zL2FzaWEtc291dGhlYXN0MS9idWlsZHMvZjgxYzJmOTctMWY0OS00Y2EyLTkyMWItZjUwZTdjZGU5ZjBlEocBYXNpYS1zb3V0aGVhc3QxLWRvY2tlci5wa2cuZGV2L3JlYWNodGhlc291bC1wcm9kL2djZi1hcnRpZmFjdHMvcmVhY2h0aGVzb3VsLS1wcm9kX19hc2lhLS1zb3V0aGVhc3QxX19jbGVhbnVwX2V4cGlyZWRfb3JnX2RhdGE6dmVyc2lvbl8xGLKJreaSBiJUcHJvamVjdHMvcmVhY2h0aGVzb3VsLXByb2QvbG9jYXRpb25zL2FzaWEtc291dGhlYXN0MS9mdW5jdGlvbnMvY2xlYW51cEV4cGlyZWRPcmdEYXRhKgwI8cfZ0AYQwPmpxAMyCG5vZGVqczIyOnoKI2djci5pby9nYWUtcnVudGltZXMvbm9kZWpzMjI6c3RhYmxlElNhc2lhLXNvdXRoZWFzdDEtZG9ja2VyLnBrZy5kZXYvc2VydmVybGVzcy1ydW50aW1lcy9nb29nbGUtMjItZnVsbC9ydW50aW1lcy9ub2RlanMyMkAB","operationType":"UPDATE_FUNCTION","buildName":"projects/211204916402/locations/asia-southeast1/builds/f81c2f97-1f49-4ca2-921b-f50e7cde9f0e"},"done":false}
[debug] [2026-05-27T03:24:49.211Z] Got source token Cltwcm9qZWN0cy8yMTEyMDQ5MTY0MDIvbG9jYXRpb25zL2FzaWEtc291dGhlYXN0MS9idWlsZHMvZjgxYzJmOTctMWY0OS00Y2EyLTkyMWItZjUwZTdjZGU5ZjBlEocBYXNpYS1zb3V0aGVhc3QxLWRvY2tlci5wa2cuZGV2L3JlYWNodGhlc291bC1wcm9kL2djZi1hcnRpZmFjdHMvcmVhY2h0aGVzb3VsLS1wcm9kX19hc2lhLS1zb3V0aGVhc3QxX19jbGVhbnVwX2V4cGlyZWRfb3JnX2RhdGE6dmVyc2lvbl8xGLKJreaSBiJUcHJvamVjdHMvcmVhY2h0aGVzb3VsLXByb2QvbG9jYXRpb25zL2FzaWEtc291dGhlYXN0MS9mdW5jdGlvbnMvY2xlYW51cEV4cGlyZWRPcmdEYXRhKgwI8cfZ0AYQwPmpxAMyCG5vZGVqczIyOnoKI2djci5pby9nYWUtcnVudGltZXMvbm9kZWpzMjI6c3RhYmxlElNhc2lhLXNvdXRoZWFzdDEtZG9ja2VyLnBrZy5kZXYvc2VydmVybGVzcy1ydW50aW1lcy9nb29nbGUtMjItZnVsbC9ydW50aW1lcy9ub2RlanMyMkAB for region asia-southeast1
[debug] [2026-05-27T03:24:49.219Z] <<< [apiv2][status] GET https://cloudfunctions.googleapis.com/v2/projects/reachthesoul-prod/locations/asia-southeast1/operations/operation-1779852283617-652c4271e2152-839bcf0e-2fd9e2f0 200
[debug] [2026-05-27T03:24:49.219Z] <<< [apiv2][body] GET https://cloudfunctions.googleapis.com/v2/projects/reachthesoul-prod/locations/asia-southeast1/operations/operation-1779852283617-652c4271e2152-839bcf0e-2fd9e2f0 {"name":"projects/reachthesoul-prod/locations/asia-southeast1/operations/operation-1779852283617-652c4271e2152-839bcf0e-2fd9e2f0","metadata":{"@type":"type.googleapis.com/google.cloud.functions.v2.OperationMetadata","createTime":"2026-05-27T03:24:45.117011639Z","target":"projects/reachthesoul-prod/locations/asia-southeast1/functions/webhookCall","verb":"update","cancelRequested":false,"apiVersion":"v2","requestResource":{"@type":"type.googleapis.com/google.cloud.functions.v2.Function","name":"projects/reachthesoul-prod/locations/asia-southeast1/functions/webhookCall","buildConfig":{"runtime":"nodejs22","entryPoint":"webhookCall","source":{"storageSource":{"bucket":"gcf-v2-sources-211204916402-asia-southeast1","object":"webhookCall/function-source.zip","generation":"1779852285016751"}},"environmentVariables":{"GOOGLE_NODE_RUN_SCRIPTS":""},"dockerRepository":"projects/reachthesoul-prod/locations/asia-southeast1/repositories/gcf-artifacts","sourceProvenance":{"resolvedStorageSource":{"bucket":"gcf-v2-sources-211204916402-asia-southeast1","object":"webhookCall/function-source.zip","generation":"1778844573476764"}},"dockerRegistry":"ARTIFACT_REGISTRY","sourceToken":"Cltwcm9qZWN0cy8yMTEyMDQ5MTY0MDIvbG9jYXRpb25zL2FzaWEtc291dGhlYXN0MS9idWlsZHMvZjgxYzJmOTctMWY0OS00Y2EyLTkyMWItZjUwZTdjZGU5ZjBlEocBYXNpYS1zb3V0aGVhc3QxLWRvY2tlci5wa2cuZGV2L3JlYWNodGhlc291bC1wcm9kL2djZi1hcnRpZmFjdHMvcmVhY2h0aGVzb3VsLS1wcm9kX19hc2lhLS1zb3V0aGVhc3QxX19jbGVhbnVwX2V4cGlyZWRfb3JnX2RhdGE6dmVyc2lvbl8xGLKJreaSBiJUcHJvamVjdHMvcmVhY2h0aGVzb3VsLXByb2QvbG9jYXRpb25zL2FzaWEtc291dGhlYXN0MS9mdW5jdGlvbnMvY2xlYW51cEV4cGlyZWRPcmdEYXRhKgwI8cfZ0AYQwPmpxAMyCG5vZGVqczIyOnoKI2djci5pby9nYWUtcnVudGltZXMvbm9kZWpzMjI6c3RhYmxlElNhc2lhLXNvdXRoZWFzdDEtZG9ja2VyLnBrZy5kZXYvc2VydmVybGVzcy1ydW50aW1lcy9nb29nbGUtMjItZnVsbC9ydW50aW1lcy9ub2RlanMyMkAB","serviceAccount":"projects/reachthesoul-prod/serviceAccounts/211204916402-compute@developer.gserviceaccount.com","automaticUpdatePolicy":{}},"serviceConfig":{"service":"projects/reachthesoul-prod/locations/asia-southeast1/services/webhookcall","timeoutSeconds":60,"environmentVariables":{"FIREBASE_CONFIG":"{\"projectId\":\"reachthesoul-prod\",\"storageBucket\":\"reachthesoul-prod.firebasestorage.app\"}","GCLOUD_PROJECT":"reachthesoul-prod","EVENTARC_CLOUD_EVENT_SOURCE":"projects/reachthesoul-prod/locations/asia-southeast1/services/webhookCall","FUNCTION_TARGET":"webhookCall","LOG_EXECUTION_ID":"true","FUNCTION_SIGNATURE_TYPE":"http"},"ingressSettings":"ALLOW_ALL","uri":"https://webhookcall-6ue3udhyaq-as.a.run.app","serviceAccountEmail":"211204916402-compute@developer.gserviceaccount.com","availableMemory":"256Mi","allTrafficOnLatestRevision":true,"revision":"webhookcall-00013-nil","maxInstanceRequestConcurrency":80,"availableCpu":"1"},"state":"ACTIVE","labels":{"deployment-tool":"cloudfunctions","firebase-functions-hash":"d949fbdd3354df20e5db571c3a33cc7933af4469"},"environment":"GEN_2","url":"https://asia-southeast1-reachthesoul-prod.cloudfunctions.net/webhookCall","satisfiesPzs":true,"satisfiesPzi":true},"stages":[{"name":"BUILD","message":"Reusing build","state":"COMPLETE","resource":"projects/211204916402/locations/asia-southeast1/builds/f81c2f97-1f49-4ca2-921b-f50e7cde9f0e"},{"name":"SERVICE","message":"Updating Cloud Run service","state":"IN_PROGRESS","resource":"projects/reachthesoul-prod/locations/asia-southeast1/services/webhookcall","resourceUri":"https://console.cloud.google.com/run/detail/asia-southeast1/webhookcall?project=reachthesoul-prod","stateMessages":[{"severity":"INFO","type":"CloudRunServiceNewRevisionTrafficInfo","message":"A new revision will be deployed serving with 100% traffic."}]}],"sourceToken":"Cltwcm9qZWN0cy8yMTEyMDQ5MTY0MDIvbG9jYXRpb25zL2FzaWEtc291dGhlYXN0MS9idWlsZHMvZjgxYzJmOTctMWY0OS00Y2EyLTkyMWItZjUwZTdjZGU5ZjBlEocBYXNpYS1zb3V0aGVhc3QxLWRvY2tlci5wa2cuZGV2L3JlYWNodGhlc291bC1wcm9kL2djZi1hcnRpZmFjdHMvcmVhY2h0aGVzb3VsLS1wcm9kX19hc2lhLS1zb3V0aGVhc3QxX19jbGVhbnVwX2V4cGlyZWRfb3JnX2RhdGE6dmVyc2lvbl8xGLKJreaSBiJUcHJvamVjdHMvcmVhY2h0aGVzb3VsLXByb2QvbG9jYXRpb25zL2FzaWEtc291dGhlYXN0MS9mdW5jdGlvbnMvY2xlYW51cEV4cGlyZWRPcmdEYXRhKgwI8cfZ0AYQwPmpxAMyCG5vZGVqczIyOnoKI2djci5pby9nYWUtcnVudGltZXMvbm9kZWpzMjI6c3RhYmxlElNhc2lhLXNvdXRoZWFzdDEtZG9ja2VyLnBrZy5kZXYvc2VydmVybGVzcy1ydW50aW1lcy9nb29nbGUtMjItZnVsbC9ydW50aW1lcy9ub2RlanMyMkAB","operationType":"UPDATE_FUNCTION","buildName":"projects/211204916402/locations/asia-southeast1/builds/f81c2f97-1f49-4ca2-921b-f50e7cde9f0e"},"done":false}
[debug] [2026-05-27T03:24:49.220Z] Got source token Cltwcm9qZWN0cy8yMTEyMDQ5MTY0MDIvbG9jYXRpb25zL2FzaWEtc291dGhlYXN0MS9idWlsZHMvZjgxYzJmOTctMWY0OS00Y2EyLTkyMWItZjUwZTdjZGU5ZjBlEocBYXNpYS1zb3V0aGVhc3QxLWRvY2tlci5wa2cuZGV2L3JlYWNodGhlc291bC1wcm9kL2djZi1hcnRpZmFjdHMvcmVhY2h0aGVzb3VsLS1wcm9kX19hc2lhLS1zb3V0aGVhc3QxX19jbGVhbnVwX2V4cGlyZWRfb3JnX2RhdGE6dmVyc2lvbl8xGLKJreaSBiJUcHJvamVjdHMvcmVhY2h0aGVzb3VsLXByb2QvbG9jYXRpb25zL2FzaWEtc291dGhlYXN0MS9mdW5jdGlvbnMvY2xlYW51cEV4cGlyZWRPcmdEYXRhKgwI8cfZ0AYQwPmpxAMyCG5vZGVqczIyOnoKI2djci5pby9nYWUtcnVudGltZXMvbm9kZWpzMjI6c3RhYmxlElNhc2lhLXNvdXRoZWFzdDEtZG9ja2VyLnBrZy5kZXYvc2VydmVybGVzcy1ydW50aW1lcy9nb29nbGUtMjItZnVsbC9ydW50aW1lcy9ub2RlanMyMkAB for region asia-southeast1
[debug] [2026-05-27T03:24:49.234Z] <<< [apiv2][status] GET https://cloudfunctions.googleapis.com/v2/projects/reachthesoul-prod/locations/asia-southeast1/operations/operation-1779852283614-652c4271e14ee-6a9f6578-486858f8 200
[debug] [2026-05-27T03:24:49.234Z] <<< [apiv2][body] GET https://cloudfunctions.googleapis.com/v2/projects/reachthesoul-prod/locations/asia-southeast1/operations/operation-1779852283614-652c4271e14ee-6a9f6578-486858f8 {"name":"projects/reachthesoul-prod/locations/asia-southeast1/operations/operation-1779852283614-652c4271e14ee-6a9f6578-486858f8","metadata":{"@type":"type.googleapis.com/google.cloud.functions.v2.OperationMetadata","createTime":"2026-05-27T03:24:45.118406311Z","target":"projects/reachthesoul-prod/locations/asia-southeast1/functions/webhookFonnte","verb":"update","cancelRequested":false,"apiVersion":"v2","requestResource":{"@type":"type.googleapis.com/google.cloud.functions.v2.Function","name":"projects/reachthesoul-prod/locations/asia-southeast1/functions/webhookFonnte","buildConfig":{"runtime":"nodejs22","entryPoint":"webhookFonnte","source":{"storageSource":{"bucket":"gcf-v2-sources-211204916402-asia-southeast1","object":"webhookFonnte/function-source.zip","generation":"1779852285055049"}},"environmentVariables":{"GOOGLE_NODE_RUN_SCRIPTS":""},"dockerRepository":"projects/reachthesoul-prod/locations/asia-southeast1/repositories/gcf-artifacts","sourceProvenance":{"resolvedStorageSource":{"bucket":"gcf-v2-sources-211204916402-asia-southeast1","object":"webhookFonnte/function-source.zip","generation":"1778844573162688"}},"dockerRegistry":"ARTIFACT_REGISTRY","sourceToken":"Cltwcm9qZWN0cy8yMTEyMDQ5MTY0MDIvbG9jYXRpb25zL2FzaWEtc291dGhlYXN0MS9idWlsZHMvZjgxYzJmOTctMWY0OS00Y2EyLTkyMWItZjUwZTdjZGU5ZjBlEocBYXNpYS1zb3V0aGVhc3QxLWRvY2tlci5wa2cuZGV2L3JlYWNodGhlc291bC1wcm9kL2djZi1hcnRpZmFjdHMvcmVhY2h0aGVzb3VsLS1wcm9kX19hc2lhLS1zb3V0aGVhc3QxX19jbGVhbnVwX2V4cGlyZWRfb3JnX2RhdGE6dmVyc2lvbl8xGLKJreaSBiJUcHJvamVjdHMvcmVhY2h0aGVzb3VsLXByb2QvbG9jYXRpb25zL2FzaWEtc291dGhlYXN0MS9mdW5jdGlvbnMvY2xlYW51cEV4cGlyZWRPcmdEYXRhKgwI8cfZ0AYQwPmpxAMyCG5vZGVqczIyOnoKI2djci5pby9nYWUtcnVudGltZXMvbm9kZWpzMjI6c3RhYmxlElNhc2lhLXNvdXRoZWFzdDEtZG9ja2VyLnBrZy5kZXYvc2VydmVybGVzcy1ydW50aW1lcy9nb29nbGUtMjItZnVsbC9ydW50aW1lcy9ub2RlanMyMkAB","serviceAccount":"projects/reachthesoul-prod/serviceAccounts/211204916402-compute@developer.gserviceaccount.com","automaticUpdatePolicy":{}},"serviceConfig":{"service":"projects/reachthesoul-prod/locations/asia-southeast1/services/webhookfonnte","timeoutSeconds":60,"environmentVariables":{"FIREBASE_CONFIG":"{\"projectId\":\"reachthesoul-prod\",\"storageBucket\":\"reachthesoul-prod.firebasestorage.app\"}","GCLOUD_PROJECT":"reachthesoul-prod","EVENTARC_CLOUD_EVENT_SOURCE":"projects/reachthesoul-prod/locations/asia-southeast1/services/webhookFonnte","FUNCTION_TARGET":"webhookFonnte","LOG_EXECUTION_ID":"true","FUNCTION_SIGNATURE_TYPE":"http"},"ingressSettings":"ALLOW_ALL","uri":"https://webhookfonnte-6ue3udhyaq-as.a.run.app","serviceAccountEmail":"211204916402-compute@developer.gserviceaccount.com","availableMemory":"256Mi","allTrafficOnLatestRevision":true,"revision":"webhookfonnte-00013-xof","maxInstanceRequestConcurrency":80,"availableCpu":"1"},"state":"ACTIVE","labels":{"deployment-tool":"cloudfunctions","firebase-functions-hash":"d949fbdd3354df20e5db571c3a33cc7933af4469"},"environment":"GEN_2","url":"https://asia-southeast1-reachthesoul-prod.cloudfunctions.net/webhookFonnte","satisfiesPzs":true,"satisfiesPzi":true},"stages":[{"name":"BUILD","message":"Reusing build","state":"COMPLETE","resource":"projects/211204916402/locations/asia-southeast1/builds/f81c2f97-1f49-4ca2-921b-f50e7cde9f0e"},{"name":"SERVICE","message":"Updating Cloud Run service","state":"IN_PROGRESS","resource":"projects/reachthesoul-prod/locations/asia-southeast1/services/webhookfonnte","resourceUri":"https://console.cloud.google.com/run/detail/asia-southeast1/webhookfonnte?project=reachthesoul-prod","stateMessages":[{"severity":"INFO","type":"CloudRunServiceNewRevisionTrafficInfo","message":"A new revision will be deployed serving with 100% traffic."}]}],"sourceToken":"Cltwcm9qZWN0cy8yMTEyMDQ5MTY0MDIvbG9jYXRpb25zL2FzaWEtc291dGhlYXN0MS9idWlsZHMvZjgxYzJmOTctMWY0OS00Y2EyLTkyMWItZjUwZTdjZGU5ZjBlEocBYXNpYS1zb3V0aGVhc3QxLWRvY2tlci5wa2cuZGV2L3JlYWNodGhlc291bC1wcm9kL2djZi1hcnRpZmFjdHMvcmVhY2h0aGVzb3VsLS1wcm9kX19hc2lhLS1zb3V0aGVhc3QxX19jbGVhbnVwX2V4cGlyZWRfb3JnX2RhdGE6dmVyc2lvbl8xGLKJreaSBiJUcHJvamVjdHMvcmVhY2h0aGVzb3VsLXByb2QvbG9jYXRpb25zL2FzaWEtc291dGhlYXN0MS9mdW5jdGlvbnMvY2xlYW51cEV4cGlyZWRPcmdEYXRhKgwI8cfZ0AYQwPmpxAMyCG5vZGVqczIyOnoKI2djci5pby9nYWUtcnVudGltZXMvbm9kZWpzMjI6c3RhYmxlElNhc2lhLXNvdXRoZWFzdDEtZG9ja2VyLnBrZy5kZXYvc2VydmVybGVzcy1ydW50aW1lcy9nb29nbGUtMjItZnVsbC9ydW50aW1lcy9ub2RlanMyMkAB","operationType":"UPDATE_FUNCTION","buildName":"projects/211204916402/locations/asia-southeast1/builds/f81c2f97-1f49-4ca2-921b-f50e7cde9f0e"},"done":false}
[debug] [2026-05-27T03:24:49.235Z] Got source token Cltwcm9qZWN0cy8yMTEyMDQ5MTY0MDIvbG9jYXRpb25zL2FzaWEtc291dGhlYXN0MS9idWlsZHMvZjgxYzJmOTctMWY0OS00Y2EyLTkyMWItZjUwZTdjZGU5ZjBlEocBYXNpYS1zb3V0aGVhc3QxLWRvY2tlci5wa2cuZGV2L3JlYWNodGhlc291bC1wcm9kL2djZi1hcnRpZmFjdHMvcmVhY2h0aGVzb3VsLS1wcm9kX19hc2lhLS1zb3V0aGVhc3QxX19jbGVhbnVwX2V4cGlyZWRfb3JnX2RhdGE6dmVyc2lvbl8xGLKJreaSBiJUcHJvamVjdHMvcmVhY2h0aGVzb3VsLXByb2QvbG9jYXRpb25zL2FzaWEtc291dGhlYXN0MS9mdW5jdGlvbnMvY2xlYW51cEV4cGlyZWRPcmdEYXRhKgwI8cfZ0AYQwPmpxAMyCG5vZGVqczIyOnoKI2djci5pby9nYWUtcnVudGltZXMvbm9kZWpzMjI6c3RhYmxlElNhc2lhLXNvdXRoZWFzdDEtZG9ja2VyLnBrZy5kZXYvc2VydmVybGVzcy1ydW50aW1lcy9nb29nbGUtMjItZnVsbC9ydW50aW1lcy9ub2RlanMyMkAB for region asia-southeast1
[debug] [2026-05-27T03:24:49.242Z] <<< [apiv2][status] GET https://cloudfunctions.googleapis.com/v2/projects/reachthesoul-prod/locations/asia-southeast1/operations/operation-1779852283402-652c4271ada63-e198a058-b4f55c72 200
[debug] [2026-05-27T03:24:49.242Z] <<< [apiv2][body] GET https://cloudfunctions.googleapis.com/v2/projects/reachthesoul-prod/locations/asia-southeast1/operations/operation-1779852283402-652c4271ada63-e198a058-b4f55c72 {"name":"projects/reachthesoul-prod/locations/asia-southeast1/operations/operation-1779852283402-652c4271ada63-e198a058-b4f55c72","metadata":{"@type":"type.googleapis.com/google.cloud.functions.v2.OperationMetadata","createTime":"2026-05-27T03:24:45.157976022Z","target":"projects/reachthesoul-prod/locations/asia-southeast1/functions/onMessageCreated","verb":"update","cancelRequested":false,"apiVersion":"v2","requestResource":{"@type":"type.googleapis.com/google.cloud.functions.v2.Function","name":"projects/reachthesoul-prod/locations/asia-southeast1/functions/onMessageCreated","buildConfig":{"runtime":"nodejs22","entryPoint":"onMessageCreated","source":{"storageSource":{"bucket":"gcf-v2-sources-211204916402-asia-southeast1","object":"onMessageCreated/function-source.zip","generation":"1779852285093934"}},"environmentVariables":{"GOOGLE_NODE_RUN_SCRIPTS":""},"dockerRepository":"projects/reachthesoul-prod/locations/asia-southeast1/repositories/gcf-artifacts","sourceProvenance":{"resolvedStorageSource":{"bucket":"gcf-v2-sources-211204916402-asia-southeast1","object":"onMessageCreated/function-source.zip","generation":"1778844507711445"}},"dockerRegistry":"ARTIFACT_REGISTRY","sourceToken":"Cltwcm9qZWN0cy8yMTEyMDQ5MTY0MDIvbG9jYXRpb25zL2FzaWEtc291dGhlYXN0MS9idWlsZHMvZjgxYzJmOTctMWY0OS00Y2EyLTkyMWItZjUwZTdjZGU5ZjBlEocBYXNpYS1zb3V0aGVhc3QxLWRvY2tlci5wa2cuZGV2L3JlYWNodGhlc291bC1wcm9kL2djZi1hcnRpZmFjdHMvcmVhY2h0aGVzb3VsLS1wcm9kX19hc2lhLS1zb3V0aGVhc3QxX19jbGVhbnVwX2V4cGlyZWRfb3JnX2RhdGE6dmVyc2lvbl8xGLKJreaSBiJUcHJvamVjdHMvcmVhY2h0aGVzb3VsLXByb2QvbG9jYXRpb25zL2FzaWEtc291dGhlYXN0MS9mdW5jdGlvbnMvY2xlYW51cEV4cGlyZWRPcmdEYXRhKgwI8cfZ0AYQwPmpxAMyCG5vZGVqczIyOnoKI2djci5pby9nYWUtcnVudGltZXMvbm9kZWpzMjI6c3RhYmxlElNhc2lhLXNvdXRoZWFzdDEtZG9ja2VyLnBrZy5kZXYvc2VydmVybGVzcy1ydW50aW1lcy9nb29nbGUtMjItZnVsbC9ydW50aW1lcy9ub2RlanMyMkAB","serviceAccount":"projects/reachthesoul-prod/serviceAccounts/211204916402-compute@developer.gserviceaccount.com","automaticUpdatePolicy":{}},"serviceConfig":{"service":"projects/reachthesoul-prod/locations/asia-southeast1/services/onmessagecreated","timeoutSeconds":60,"environmentVariables":{"FIREBASE_CONFIG":"{\"projectId\":\"reachthesoul-prod\",\"storageBucket\":\"reachthesoul-prod.firebasestorage.app\"}","GCLOUD_PROJECT":"reachthesoul-prod","EVENTARC_CLOUD_EVENT_SOURCE":"projects/reachthesoul-prod/locations/asia-southeast1/services/onMessageCreated","FUNCTION_SIGNATURE_TYPE":"cloudevent","FUNCTION_TARGET":"onMessageCreated","LOG_EXECUTION_ID":"true"},"ingressSettings":"ALLOW_ALL","uri":"https://onmessagecreated-6ue3udhyaq-as.a.run.app","serviceAccountEmail":"211204916402-compute@developer.gserviceaccount.com","availableMemory":"256Mi","allTrafficOnLatestRevision":true,"revision":"onmessagecreated-00013-haj","maxInstanceRequestConcurrency":80,"availableCpu":"1"},"eventTrigger":{"trigger":"projects/reachthesoul-prod/locations/asia-southeast1/triggers/onmessagecreated-809731","triggerRegion":"asia-southeast1","eventType":"google.cloud.firestore.document.v1.created","eventFilters":[{"attribute":"database","value":"(default)"},{"attribute":"namespace","value":"(default)"},{"attribute":"document","value":"tickets/{ticketId}/messages/{messageId}","operator":"match-path-pattern"}],"pubsubTopic":"projects/reachthesoul-prod/topics/eventarc-asia-southeast1-onmessagecreated-809731-464","serviceAccountEmail":"211204916402-compute@developer.gserviceaccount.com","retryPolicy":"RETRY_POLICY_DO_NOT_RETRY"},"state":"ACTIVE","labels":{"deployment-tool":"cli-firebase","firebase-functions-hash":"d949fbdd3354df20e5db571c3a33cc7933af4469"},"environment":"GEN_2","url":"https://asia-southeast1-reachthesoul-prod.cloudfunctions.net/onMessageCreated","satisfiesPzs":true,"satisfiesPzi":true},"stages":[{"name":"BUILD","message":"Reusing build","state":"COMPLETE","resource":"projects/211204916402/locations/asia-southeast1/builds/f81c2f97-1f49-4ca2-921b-f50e7cde9f0e"},{"name":"SERVICE","message":"Updating Cloud Run service","state":"IN_PROGRESS","resource":"projects/reachthesoul-prod/locations/asia-southeast1/services/onmessagecreated","resourceUri":"https://console.cloud.google.com/run/detail/asia-southeast1/onmessagecreated?project=reachthesoul-prod","stateMessages":[{"severity":"INFO","type":"CloudRunServiceNewRevisionTrafficInfo","message":"A new revision will be deployed serving with 100% traffic."}]},{"name":"TRIGGER","state":"NOT_STARTED"}],"sourceToken":"Cltwcm9qZWN0cy8yMTEyMDQ5MTY0MDIvbG9jYXRpb25zL2FzaWEtc291dGhlYXN0MS9idWlsZHMvZjgxYzJmOTctMWY0OS00Y2EyLTkyMWItZjUwZTdjZGU5ZjBlEocBYXNpYS1zb3V0aGVhc3QxLWRvY2tlci5wa2cuZGV2L3JlYWNodGhlc291bC1wcm9kL2djZi1hcnRpZmFjdHMvcmVhY2h0aGVzb3VsLS1wcm9kX19hc2lhLS1zb3V0aGVhc3QxX19jbGVhbnVwX2V4cGlyZWRfb3JnX2RhdGE6dmVyc2lvbl8xGLKJreaSBiJUcHJvamVjdHMvcmVhY2h0aGVzb3VsLXByb2QvbG9jYXRpb25zL2FzaWEtc291dGhlYXN0MS9mdW5jdGlvbnMvY2xlYW51cEV4cGlyZWRPcmdEYXRhKgwI8cfZ0AYQwPmpxAMyCG5vZGVqczIyOnoKI2djci5pby9nYWUtcnVudGltZXMvbm9kZWpzMjI6c3RhYmxlElNhc2lhLXNvdXRoZWFzdDEtZG9ja2VyLnBrZy5kZXYvc2VydmVybGVzcy1ydW50aW1lcy9nb29nbGUtMjItZnVsbC9ydW50aW1lcy9ub2RlanMyMkAB","operationType":"UPDATE_FUNCTION","buildName":"projects/211204916402/locations/asia-southeast1/builds/f81c2f97-1f49-4ca2-921b-f50e7cde9f0e"},"done":false}
[debug] [2026-05-27T03:24:49.243Z] Got source token Cltwcm9qZWN0cy8yMTEyMDQ5MTY0MDIvbG9jYXRpb25zL2FzaWEtc291dGhlYXN0MS9idWlsZHMvZjgxYzJmOTctMWY0OS00Y2EyLTkyMWItZjUwZTdjZGU5ZjBlEocBYXNpYS1zb3V0aGVhc3QxLWRvY2tlci5wa2cuZGV2L3JlYWNodGhlc291bC1wcm9kL2djZi1hcnRpZmFjdHMvcmVhY2h0aGVzb3VsLS1wcm9kX19hc2lhLS1zb3V0aGVhc3QxX19jbGVhbnVwX2V4cGlyZWRfb3JnX2RhdGE6dmVyc2lvbl8xGLKJreaSBiJUcHJvamVjdHMvcmVhY2h0aGVzb3VsLXByb2QvbG9jYXRpb25zL2FzaWEtc291dGhlYXN0MS9mdW5jdGlvbnMvY2xlYW51cEV4cGlyZWRPcmdEYXRhKgwI8cfZ0AYQwPmpxAMyCG5vZGVqczIyOnoKI2djci5pby9nYWUtcnVudGltZXMvbm9kZWpzMjI6c3RhYmxlElNhc2lhLXNvdXRoZWFzdDEtZG9ja2VyLnBrZy5kZXYvc2VydmVybGVzcy1ydW50aW1lcy9nb29nbGUtMjItZnVsbC9ydW50aW1lcy9ub2RlanMyMkAB for region asia-southeast1
[debug] [2026-05-27T03:24:49.764Z] [update-default-asia-southeast1-webhookWhatsapp] Retrying task index 0
[debug] [2026-05-27T03:24:49.765Z] Checked if tokens are valid: true, expires at: 1779854270104
[debug] [2026-05-27T03:24:49.766Z] Checked if tokens are valid: true, expires at: 1779854270104
[debug] [2026-05-27T03:24:49.767Z] >>> [apiv2][query] GET https://cloudfunctions.googleapis.com/v2/projects/reachthesoul-prod/locations/asia-southeast1/operations/operation-1779852283618-652c4271e2620-f0261711-d174e61f [none]
[debug] [2026-05-27T03:24:49.779Z] [update-default-asia-southeast1-webhookFacebook] Retrying task index 0
[debug] [2026-05-27T03:24:49.780Z] Checked if tokens are valid: true, expires at: 1779854270104
[debug] [2026-05-27T03:24:49.781Z] Checked if tokens are valid: true, expires at: 1779854270104
[debug] [2026-05-27T03:24:49.781Z] >>> [apiv2][query] GET https://cloudfunctions.googleapis.com/v2/projects/reachthesoul-prod/locations/asia-southeast1/operations/operation-1779852283617-652c4271e2143-5439d32d-f7cb4e71 [none]
[debug] [2026-05-27T03:24:49.953Z] <<< [apiv2][status] GET https://cloudfunctions.googleapis.com/v2/projects/reachthesoul-prod/locations/asia-southeast1/operations/operation-1779852283617-652c4271e2143-5439d32d-f7cb4e71 200
[debug] [2026-05-27T03:24:49.953Z] <<< [apiv2][body] GET https://cloudfunctions.googleapis.com/v2/projects/reachthesoul-prod/locations/asia-southeast1/operations/operation-1779852283617-652c4271e2143-5439d32d-f7cb4e71 {"name":"projects/reachthesoul-prod/locations/asia-southeast1/operations/operation-1779852283617-652c4271e2143-5439d32d-f7cb4e71","metadata":{"@type":"type.googleapis.com/google.cloud.functions.v2.OperationMetadata","createTime":"2026-05-27T03:24:45.724705634Z","target":"projects/reachthesoul-prod/locations/asia-southeast1/functions/webhookFacebook","verb":"update","cancelRequested":false,"apiVersion":"v2","requestResource":{"@type":"type.googleapis.com/google.cloud.functions.v2.Function","name":"projects/reachthesoul-prod/locations/asia-southeast1/functions/webhookFacebook","buildConfig":{"runtime":"nodejs22","entryPoint":"webhookFacebook","source":{"storageSource":{"bucket":"gcf-v2-sources-211204916402-asia-southeast1","object":"webhookFacebook/function-source.zip","generation":"1779852285664153"}},"environmentVariables":{"GOOGLE_NODE_RUN_SCRIPTS":""},"dockerRepository":"projects/reachthesoul-prod/locations/asia-southeast1/repositories/gcf-artifacts","sourceProvenance":{"resolvedStorageSource":{"bucket":"gcf-v2-sources-211204916402-asia-southeast1","object":"webhookFacebook/function-source.zip","generation":"1778844573427234"}},"dockerRegistry":"ARTIFACT_REGISTRY","sourceToken":"Cltwcm9qZWN0cy8yMTEyMDQ5MTY0MDIvbG9jYXRpb25zL2FzaWEtc291dGhlYXN0MS9idWlsZHMvZjgxYzJmOTctMWY0OS00Y2EyLTkyMWItZjUwZTdjZGU5ZjBlEocBYXNpYS1zb3V0aGVhc3QxLWRvY2tlci5wa2cuZGV2L3JlYWNodGhlc291bC1wcm9kL2djZi1hcnRpZmFjdHMvcmVhY2h0aGVzb3VsLS1wcm9kX19hc2lhLS1zb3V0aGVhc3QxX19jbGVhbnVwX2V4cGlyZWRfb3JnX2RhdGE6dmVyc2lvbl8xGLKJreaSBiJUcHJvamVjdHMvcmVhY2h0aGVzb3VsLXByb2QvbG9jYXRpb25zL2FzaWEtc291dGhlYXN0MS9mdW5jdGlvbnMvY2xlYW51cEV4cGlyZWRPcmdEYXRhKgwI8cfZ0AYQwPmpxAMyCG5vZGVqczIyOnoKI2djci5pby9nYWUtcnVudGltZXMvbm9kZWpzMjI6c3RhYmxlElNhc2lhLXNvdXRoZWFzdDEtZG9ja2VyLnBrZy5kZXYvc2VydmVybGVzcy1ydW50aW1lcy9nb29nbGUtMjItZnVsbC9ydW50aW1lcy9ub2RlanMyMkAB","serviceAccount":"projects/reachthesoul-prod/serviceAccounts/211204916402-compute@developer.gserviceaccount.com","automaticUpdatePolicy":{}},"serviceConfig":{"service":"projects/reachthesoul-prod/locations/asia-southeast1/services/webhookfacebook","timeoutSeconds":60,"environmentVariables":{"FIREBASE_CONFIG":"{\"projectId\":\"reachthesoul-prod\",\"storageBucket\":\"reachthesoul-prod.firebasestorage.app\"}","GCLOUD_PROJECT":"reachthesoul-prod","EVENTARC_CLOUD_EVENT_SOURCE":"projects/reachthesoul-prod/locations/asia-southeast1/services/webhookFacebook","FUNCTION_TARGET":"webhookFacebook","LOG_EXECUTION_ID":"true","FUNCTION_SIGNATURE_TYPE":"http"},"ingressSettings":"ALLOW_ALL","uri":"https://webhookfacebook-6ue3udhyaq-as.a.run.app","serviceAccountEmail":"211204916402-compute@developer.gserviceaccount.com","availableMemory":"256Mi","allTrafficOnLatestRevision":true,"revision":"webhookfacebook-00013-yac","maxInstanceRequestConcurrency":80,"availableCpu":"1"},"state":"ACTIVE","labels":{"deployment-tool":"cloudfunctions","firebase-functions-hash":"d949fbdd3354df20e5db571c3a33cc7933af4469"},"environment":"GEN_2","url":"https://asia-southeast1-reachthesoul-prod.cloudfunctions.net/webhookFacebook","satisfiesPzs":true,"satisfiesPzi":true},"stages":[{"name":"BUILD","message":"Reusing build","state":"COMPLETE","resource":"projects/211204916402/locations/asia-southeast1/builds/f81c2f97-1f49-4ca2-921b-f50e7cde9f0e"},{"name":"SERVICE","message":"Updating Cloud Run service","state":"IN_PROGRESS","resource":"projects/reachthesoul-prod/locations/asia-southeast1/services/webhookfacebook","resourceUri":"https://console.cloud.google.com/run/detail/asia-southeast1/webhookfacebook?project=reachthesoul-prod","stateMessages":[{"severity":"INFO","type":"CloudRunServiceNewRevisionTrafficInfo","message":"A new revision will be deployed serving with 100% traffic."}]}],"sourceToken":"Cltwcm9qZWN0cy8yMTEyMDQ5MTY0MDIvbG9jYXRpb25zL2FzaWEtc291dGhlYXN0MS9idWlsZHMvZjgxYzJmOTctMWY0OS00Y2EyLTkyMWItZjUwZTdjZGU5ZjBlEocBYXNpYS1zb3V0aGVhc3QxLWRvY2tlci5wa2cuZGV2L3JlYWNodGhlc291bC1wcm9kL2djZi1hcnRpZmFjdHMvcmVhY2h0aGVzb3VsLS1wcm9kX19hc2lhLS1zb3V0aGVhc3QxX19jbGVhbnVwX2V4cGlyZWRfb3JnX2RhdGE6dmVyc2lvbl8xGLKJreaSBiJUcHJvamVjdHMvcmVhY2h0aGVzb3VsLXByb2QvbG9jYXRpb25zL2FzaWEtc291dGhlYXN0MS9mdW5jdGlvbnMvY2xlYW51cEV4cGlyZWRPcmdEYXRhKgwI8cfZ0AYQwPmpxAMyCG5vZGVqczIyOnoKI2djci5pby9nYWUtcnVudGltZXMvbm9kZWpzMjI6c3RhYmxlElNhc2lhLXNvdXRoZWFzdDEtZG9ja2VyLnBrZy5kZXYvc2VydmVybGVzcy1ydW50aW1lcy9nb29nbGUtMjItZnVsbC9ydW50aW1lcy9ub2RlanMyMkAB","operationType":"UPDATE_FUNCTION","buildName":"projects/211204916402/locations/asia-southeast1/builds/f81c2f97-1f49-4ca2-921b-f50e7cde9f0e"},"done":false}
[debug] [2026-05-27T03:24:49.953Z] Got source token Cltwcm9qZWN0cy8yMTEyMDQ5MTY0MDIvbG9jYXRpb25zL2FzaWEtc291dGhlYXN0MS9idWlsZHMvZjgxYzJmOTctMWY0OS00Y2EyLTkyMWItZjUwZTdjZGU5ZjBlEocBYXNpYS1zb3V0aGVhc3QxLWRvY2tlci5wa2cuZGV2L3JlYWNodGhlc291bC1wcm9kL2djZi1hcnRpZmFjdHMvcmVhY2h0aGVzb3VsLS1wcm9kX19hc2lhLS1zb3V0aGVhc3QxX19jbGVhbnVwX2V4cGlyZWRfb3JnX2RhdGE6dmVyc2lvbl8xGLKJreaSBiJUcHJvamVjdHMvcmVhY2h0aGVzb3VsLXByb2QvbG9jYXRpb25zL2FzaWEtc291dGhlYXN0MS9mdW5jdGlvbnMvY2xlYW51cEV4cGlyZWRPcmdEYXRhKgwI8cfZ0AYQwPmpxAMyCG5vZGVqczIyOnoKI2djci5pby9nYWUtcnVudGltZXMvbm9kZWpzMjI6c3RhYmxlElNhc2lhLXNvdXRoZWFzdDEtZG9ja2VyLnBrZy5kZXYvc2VydmVybGVzcy1ydW50aW1lcy9nb29nbGUtMjItZnVsbC9ydW50aW1lcy9ub2RlanMyMkAB for region asia-southeast1
[debug] [2026-05-27T03:24:49.954Z] <<< [apiv2][status] GET https://cloudfunctions.googleapis.com/v2/projects/reachthesoul-prod/locations/asia-southeast1/operations/operation-1779852283618-652c4271e2620-f0261711-d174e61f 200
[debug] [2026-05-27T03:24:49.954Z] <<< [apiv2][body] GET https://cloudfunctions.googleapis.com/v2/projects/reachthesoul-prod/locations/asia-southeast1/operations/operation-1779852283618-652c4271e2620-f0261711-d174e61f {"name":"projects/reachthesoul-prod/locations/asia-southeast1/operations/operation-1779852283618-652c4271e2620-f0261711-d174e61f","metadata":{"@type":"type.googleapis.com/google.cloud.functions.v2.OperationMetadata","createTime":"2026-05-27T03:24:45.781606461Z","target":"projects/reachthesoul-prod/locations/asia-southeast1/functions/webhookWhatsapp","verb":"update","cancelRequested":false,"apiVersion":"v2","requestResource":{"@type":"type.googleapis.com/google.cloud.functions.v2.Function","name":"projects/reachthesoul-prod/locations/asia-southeast1/functions/webhookWhatsapp","buildConfig":{"runtime":"nodejs22","entryPoint":"webhookWhatsapp","source":{"storageSource":{"bucket":"gcf-v2-sources-211204916402-asia-southeast1","object":"webhookWhatsapp/function-source.zip","generation":"1779852285717655"}},"environmentVariables":{"GOOGLE_NODE_RUN_SCRIPTS":""},"dockerRepository":"projects/reachthesoul-prod/locations/asia-southeast1/repositories/gcf-artifacts","sourceProvenance":{"resolvedStorageSource":{"bucket":"gcf-v2-sources-211204916402-asia-southeast1","object":"webhookWhatsapp/function-source.zip","generation":"1778844573025903"}},"dockerRegistry":"ARTIFACT_REGISTRY","sourceToken":"Cltwcm9qZWN0cy8yMTEyMDQ5MTY0MDIvbG9jYXRpb25zL2FzaWEtc291dGhlYXN0MS9idWlsZHMvZjgxYzJmOTctMWY0OS00Y2EyLTkyMWItZjUwZTdjZGU5ZjBlEocBYXNpYS1zb3V0aGVhc3QxLWRvY2tlci5wa2cuZGV2L3JlYWNodGhlc291bC1wcm9kL2djZi1hcnRpZmFjdHMvcmVhY2h0aGVzb3VsLS1wcm9kX19hc2lhLS1zb3V0aGVhc3QxX19jbGVhbnVwX2V4cGlyZWRfb3JnX2RhdGE6dmVyc2lvbl8xGLKJreaSBiJUcHJvamVjdHMvcmVhY2h0aGVzb3VsLXByb2QvbG9jYXRpb25zL2FzaWEtc291dGhlYXN0MS9mdW5jdGlvbnMvY2xlYW51cEV4cGlyZWRPcmdEYXRhKgwI8cfZ0AYQwPmpxAMyCG5vZGVqczIyOnoKI2djci5pby9nYWUtcnVudGltZXMvbm9kZWpzMjI6c3RhYmxlElNhc2lhLXNvdXRoZWFzdDEtZG9ja2VyLnBrZy5kZXYvc2VydmVybGVzcy1ydW50aW1lcy9nb29nbGUtMjItZnVsbC9ydW50aW1lcy9ub2RlanMyMkAB","serviceAccount":"projects/reachthesoul-prod/serviceAccounts/211204916402-compute@developer.gserviceaccount.com","automaticUpdatePolicy":{}},"serviceConfig":{"service":"projects/reachthesoul-prod/locations/asia-southeast1/services/webhookwhatsapp","timeoutSeconds":60,"environmentVariables":{"FIREBASE_CONFIG":"{\"projectId\":\"reachthesoul-prod\",\"storageBucket\":\"reachthesoul-prod.firebasestorage.app\"}","GCLOUD_PROJECT":"reachthesoul-prod","EVENTARC_CLOUD_EVENT_SOURCE":"projects/reachthesoul-prod/locations/asia-southeast1/services/webhookWhatsapp","FUNCTION_TARGET":"webhookWhatsapp","LOG_EXECUTION_ID":"true","FUNCTION_SIGNATURE_TYPE":"http"},"ingressSettings":"ALLOW_ALL","uri":"https://webhookwhatsapp-6ue3udhyaq-as.a.run.app","serviceAccountEmail":"211204916402-compute@developer.gserviceaccount.com","availableMemory":"256Mi","allTrafficOnLatestRevision":true,"revision":"webhookwhatsapp-00013-qoj","maxInstanceRequestConcurrency":80,"availableCpu":"1"},"state":"ACTIVE","labels":{"deployment-tool":"cli-firebase","firebase-functions-hash":"d949fbdd3354df20e5db571c3a33cc7933af4469"},"environment":"GEN_2","url":"https://asia-southeast1-reachthesoul-prod.cloudfunctions.net/webhookWhatsapp","satisfiesPzs":true,"satisfiesPzi":true},"stages":[{"name":"BUILD","message":"Reusing build","state":"COMPLETE","resource":"projects/211204916402/locations/asia-southeast1/builds/f81c2f97-1f49-4ca2-921b-f50e7cde9f0e"},{"name":"SERVICE","message":"Updating Cloud Run service","state":"IN_PROGRESS","resource":"projects/reachthesoul-prod/locations/asia-southeast1/services/webhookwhatsapp","resourceUri":"https://console.cloud.google.com/run/detail/asia-southeast1/webhookwhatsapp?project=reachthesoul-prod","stateMessages":[{"severity":"INFO","type":"CloudRunServiceNewRevisionTrafficInfo","message":"A new revision will be deployed serving with 100% traffic."}]}],"sourceToken":"Cltwcm9qZWN0cy8yMTEyMDQ5MTY0MDIvbG9jYXRpb25zL2FzaWEtc291dGhlYXN0MS9idWlsZHMvZjgxYzJmOTctMWY0OS00Y2EyLTkyMWItZjUwZTdjZGU5ZjBlEocBYXNpYS1zb3V0aGVhc3QxLWRvY2tlci5wa2cuZGV2L3JlYWNodGhlc291bC1wcm9kL2djZi1hcnRpZmFjdHMvcmVhY2h0aGVzb3VsLS1wcm9kX19hc2lhLS1zb3V0aGVhc3QxX19jbGVhbnVwX2V4cGlyZWRfb3JnX2RhdGE6dmVyc2lvbl8xGLKJreaSBiJUcHJvamVjdHMvcmVhY2h0aGVzb3VsLXByb2QvbG9jYXRpb25zL2FzaWEtc291dGhlYXN0MS9mdW5jdGlvbnMvY2xlYW51cEV4cGlyZWRPcmdEYXRhKgwI8cfZ0AYQwPmpxAMyCG5vZGVqczIyOnoKI2djci5pby9nYWUtcnVudGltZXMvbm9kZWpzMjI6c3RhYmxlElNhc2lhLXNvdXRoZWFzdDEtZG9ja2VyLnBrZy5kZXYvc2VydmVybGVzcy1ydW50aW1lcy9nb29nbGUtMjItZnVsbC9ydW50aW1lcy9ub2RlanMyMkAB","operationType":"UPDATE_FUNCTION","buildName":"projects/211204916402/locations/asia-southeast1/builds/f81c2f97-1f49-4ca2-921b-f50e7cde9f0e"},"done":false}
[debug] [2026-05-27T03:24:49.954Z] Got source token Cltwcm9qZWN0cy8yMTEyMDQ5MTY0MDIvbG9jYXRpb25zL2FzaWEtc291dGhlYXN0MS9idWlsZHMvZjgxYzJmOTctMWY0OS00Y2EyLTkyMWItZjUwZTdjZGU5ZjBlEocBYXNpYS1zb3V0aGVhc3QxLWRvY2tlci5wa2cuZGV2L3JlYWNodGhlc291bC1wcm9kL2djZi1hcnRpZmFjdHMvcmVhY2h0aGVzb3VsLS1wcm9kX19hc2lhLS1zb3V0aGVhc3QxX19jbGVhbnVwX2V4cGlyZWRfb3JnX2RhdGE6dmVyc2lvbl8xGLKJreaSBiJUcHJvamVjdHMvcmVhY2h0aGVzb3VsLXByb2QvbG9jYXRpb25zL2FzaWEtc291dGhlYXN0MS9mdW5jdGlvbnMvY2xlYW51cEV4cGlyZWRPcmdEYXRhKgwI8cfZ0AYQwPmpxAMyCG5vZGVqczIyOnoKI2djci5pby9nYWUtcnVudGltZXMvbm9kZWpzMjI6c3RhYmxlElNhc2lhLXNvdXRoZWFzdDEtZG9ja2VyLnBrZy5kZXYvc2VydmVybGVzcy1ydW50aW1lcy9nb29nbGUtMjItZnVsbC9ydW50aW1lcy9ub2RlanMyMkAB for region asia-southeast1
[debug] [2026-05-27T03:24:50.701Z] [update-default-asia-southeast1-onRespondentMessage] Retrying task index 0
[debug] [2026-05-27T03:24:50.702Z] Checked if tokens are valid: true, expires at: 1779854270104
[debug] [2026-05-27T03:24:50.702Z] Checked if tokens are valid: true, expires at: 1779854270104
[debug] [2026-05-27T03:24:50.702Z] >>> [apiv2][query] GET https://cloudfunctions.googleapis.com/v2/projects/reachthesoul-prod/locations/asia-southeast1/operations/operation-1779852283617-652c4271e2144-b873c98f-877cf05a [none]
[debug] [2026-05-27T03:24:50.803Z] <<< [apiv2][status] GET https://cloudfunctions.googleapis.com/v2/projects/reachthesoul-prod/locations/asia-southeast1/operations/operation-1779852283617-652c4271e2144-b873c98f-877cf05a 200
[debug] [2026-05-27T03:24:50.803Z] <<< [apiv2][body] GET https://cloudfunctions.googleapis.com/v2/projects/reachthesoul-prod/locations/asia-southeast1/operations/operation-1779852283617-652c4271e2144-b873c98f-877cf05a {"name":"projects/reachthesoul-prod/locations/asia-southeast1/operations/operation-1779852283617-652c4271e2144-b873c98f-877cf05a","metadata":{"@type":"type.googleapis.com/google.cloud.functions.v2.OperationMetadata","createTime":"2026-05-27T03:24:46.482638726Z","target":"projects/reachthesoul-prod/locations/asia-southeast1/functions/onRespondentMessage","verb":"update","cancelRequested":false,"apiVersion":"v2","requestResource":{"@type":"type.googleapis.com/google.cloud.functions.v2.Function","name":"projects/reachthesoul-prod/locations/asia-southeast1/functions/onRespondentMessage","buildConfig":{"runtime":"nodejs22","entryPoint":"onRespondentMessage","source":{"storageSource":{"bucket":"gcf-v2-sources-211204916402-asia-southeast1","object":"onRespondentMessage/function-source.zip","generation":"1779852286411827"}},"environmentVariables":{"GOOGLE_NODE_RUN_SCRIPTS":""},"dockerRepository":"projects/reachthesoul-prod/locations/asia-southeast1/repositories/gcf-artifacts","sourceProvenance":{"resolvedStorageSource":{"bucket":"gcf-v2-sources-211204916402-asia-southeast1","object":"onRespondentMessage/function-source.zip","generation":"1778844573772210"}},"dockerRegistry":"ARTIFACT_REGISTRY","sourceToken":"Cltwcm9qZWN0cy8yMTEyMDQ5MTY0MDIvbG9jYXRpb25zL2FzaWEtc291dGhlYXN0MS9idWlsZHMvZjgxYzJmOTctMWY0OS00Y2EyLTkyMWItZjUwZTdjZGU5ZjBlEocBYXNpYS1zb3V0aGVhc3QxLWRvY2tlci5wa2cuZGV2L3JlYWNodGhlc291bC1wcm9kL2djZi1hcnRpZmFjdHMvcmVhY2h0aGVzb3VsLS1wcm9kX19hc2lhLS1zb3V0aGVhc3QxX19jbGVhbnVwX2V4cGlyZWRfb3JnX2RhdGE6dmVyc2lvbl8xGLKJreaSBiJUcHJvamVjdHMvcmVhY2h0aGVzb3VsLXByb2QvbG9jYXRpb25zL2FzaWEtc291dGhlYXN0MS9mdW5jdGlvbnMvY2xlYW51cEV4cGlyZWRPcmdEYXRhKgwI8cfZ0AYQwPmpxAMyCG5vZGVqczIyOnoKI2djci5pby9nYWUtcnVudGltZXMvbm9kZWpzMjI6c3RhYmxlElNhc2lhLXNvdXRoZWFzdDEtZG9ja2VyLnBrZy5kZXYvc2VydmVybGVzcy1ydW50aW1lcy9nb29nbGUtMjItZnVsbC9ydW50aW1lcy9ub2RlanMyMkAB","serviceAccount":"projects/reachthesoul-prod/serviceAccounts/211204916402-compute@developer.gserviceaccount.com","automaticUpdatePolicy":{}},"serviceConfig":{"service":"projects/reachthesoul-prod/locations/asia-southeast1/services/onrespondentmessage","timeoutSeconds":60,"environmentVariables":{"FIREBASE_CONFIG":"{\"projectId\":\"reachthesoul-prod\",\"storageBucket\":\"reachthesoul-prod.firebasestorage.app\"}","GCLOUD_PROJECT":"reachthesoul-prod","EVENTARC_CLOUD_EVENT_SOURCE":"projects/reachthesoul-prod/locations/asia-southeast1/services/onRespondentMessage","FUNCTION_SIGNATURE_TYPE":"cloudevent","FUNCTION_TARGET":"onRespondentMessage","LOG_EXECUTION_ID":"true"},"ingressSettings":"ALLOW_ALL","uri":"https://onrespondentmessage-6ue3udhyaq-as.a.run.app","serviceAccountEmail":"211204916402-compute@developer.gserviceaccount.com","availableMemory":"256Mi","allTrafficOnLatestRevision":true,"revision":"onrespondentmessage-00013-rab","maxInstanceRequestConcurrency":80,"availableCpu":"1"},"eventTrigger":{"trigger":"projects/reachthesoul-prod/locations/asia-southeast1/triggers/onrespondentmessage-242121","triggerRegion":"asia-southeast1","eventType":"google.cloud.firestore.document.v1.created","eventFilters":[{"attribute":"database","value":"(default)"},{"attribute":"namespace","value":"(default)"},{"attribute":"document","value":"tickets/{ticketId}/messages/{messageId}","operator":"match-path-pattern"}],"pubsubTopic":"projects/reachthesoul-prod/topics/eventarc-asia-southeast1-onrespondentmessage-242121-914","serviceAccountEmail":"211204916402-compute@developer.gserviceaccount.com","retryPolicy":"RETRY_POLICY_DO_NOT_RETRY"},"state":"ACTIVE","labels":{"deployment-tool":"cli-firebase","firebase-functions-hash":"d949fbdd3354df20e5db571c3a33cc7933af4469"},"environment":"GEN_2","url":"https://asia-southeast1-reachthesoul-prod.cloudfunctions.net/onRespondentMessage","satisfiesPzs":true,"satisfiesPzi":true},"stages":[{"name":"BUILD","message":"Reusing build","state":"COMPLETE","resource":"projects/211204916402/locations/asia-southeast1/builds/f81c2f97-1f49-4ca2-921b-f50e7cde9f0e"},{"name":"SERVICE","message":"Updating Cloud Run service","state":"IN_PROGRESS","resource":"projects/reachthesoul-prod/locations/asia-southeast1/services/onrespondentmessage","resourceUri":"https://console.cloud.google.com/run/detail/asia-southeast1/onrespondentmessage?project=reachthesoul-prod","stateMessages":[{"severity":"INFO","type":"CloudRunServiceNewRevisionTrafficInfo","message":"A new revision will be deployed serving with 100% traffic."}]},{"name":"TRIGGER","state":"NOT_STARTED"}],"sourceToken":"Cltwcm9qZWN0cy8yMTEyMDQ5MTY0MDIvbG9jYXRpb25zL2FzaWEtc291dGhlYXN0MS9idWlsZHMvZjgxYzJmOTctMWY0OS00Y2EyLTkyMWItZjUwZTdjZGU5ZjBlEocBYXNpYS1zb3V0aGVhc3QxLWRvY2tlci5wa2cuZGV2L3JlYWNodGhlc291bC1wcm9kL2djZi1hcnRpZmFjdHMvcmVhY2h0aGVzb3VsLS1wcm9kX19hc2lhLS1zb3V0aGVhc3QxX19jbGVhbnVwX2V4cGlyZWRfb3JnX2RhdGE6dmVyc2lvbl8xGLKJreaSBiJUcHJvamVjdHMvcmVhY2h0aGVzb3VsLXByb2QvbG9jYXRpb25zL2FzaWEtc291dGhlYXN0MS9mdW5jdGlvbnMvY2xlYW51cEV4cGlyZWRPcmdEYXRhKgwI8cfZ0AYQwPmpxAMyCG5vZGVqczIyOnoKI2djci5pby9nYWUtcnVudGltZXMvbm9kZWpzMjI6c3RhYmxlElNhc2lhLXNvdXRoZWFzdDEtZG9ja2VyLnBrZy5kZXYvc2VydmVybGVzcy1ydW50aW1lcy9nb29nbGUtMjItZnVsbC9ydW50aW1lcy9ub2RlanMyMkAB","operationType":"UPDATE_FUNCTION","buildName":"projects/211204916402/locations/asia-southeast1/builds/f81c2f97-1f49-4ca2-921b-f50e7cde9f0e"},"done":false}
[debug] [2026-05-27T03:24:50.803Z] Got source token Cltwcm9qZWN0cy8yMTEyMDQ5MTY0MDIvbG9jYXRpb25zL2FzaWEtc291dGhlYXN0MS9idWlsZHMvZjgxYzJmOTctMWY0OS00Y2EyLTkyMWItZjUwZTdjZGU5ZjBlEocBYXNpYS1zb3V0aGVhc3QxLWRvY2tlci5wa2cuZGV2L3JlYWNodGhlc291bC1wcm9kL2djZi1hcnRpZmFjdHMvcmVhY2h0aGVzb3VsLS1wcm9kX19hc2lhLS1zb3V0aGVhc3QxX19jbGVhbnVwX2V4cGlyZWRfb3JnX2RhdGE6dmVyc2lvbl8xGLKJreaSBiJUcHJvamVjdHMvcmVhY2h0aGVzb3VsLXByb2QvbG9jYXRpb25zL2FzaWEtc291dGhlYXN0MS9mdW5jdGlvbnMvY2xlYW51cEV4cGlyZWRPcmdEYXRhKgwI8cfZ0AYQwPmpxAMyCG5vZGVqczIyOnoKI2djci5pby9nYWUtcnVudGltZXMvbm9kZWpzMjI6c3RhYmxlElNhc2lhLXNvdXRoZWFzdDEtZG9ja2VyLnBrZy5kZXYvc2VydmVybGVzcy1ydW50aW1lcy9nb29nbGUtMjItZnVsbC9ydW50aW1lcy9ub2RlanMyMkAB for region asia-southeast1
[debug] [2026-05-27T03:24:53.223Z] [update-default-asia-southeast1-webhookInstagram] Retrying task index 0
[debug] [2026-05-27T03:24:53.224Z] Checked if tokens are valid: true, expires at: 1779854270104
[debug] [2026-05-27T03:24:53.224Z] Checked if tokens are valid: true, expires at: 1779854270104
[debug] [2026-05-27T03:24:53.224Z] >>> [apiv2][query] GET https://cloudfunctions.googleapis.com/v2/projects/reachthesoul-prod/locations/asia-southeast1/operations/operation-1779852283617-652c4271e21f5-6c3e1923-e234db55 [none]
[debug] [2026-05-27T03:24:53.225Z] [update-default-asia-southeast1-webhookCall] Retrying task index 0
[debug] [2026-05-27T03:24:53.225Z] Checked if tokens are valid: true, expires at: 1779854270104
[debug] [2026-05-27T03:24:53.225Z] Checked if tokens are valid: true, expires at: 1779854270104
[debug] [2026-05-27T03:24:53.225Z] >>> [apiv2][query] GET https://cloudfunctions.googleapis.com/v2/projects/reachthesoul-prod/locations/asia-southeast1/operations/operation-1779852283617-652c4271e2152-839bcf0e-2fd9e2f0 [none]
[debug] [2026-05-27T03:24:53.239Z] [update-default-asia-southeast1-webhookFonnte] Retrying task index 0
[debug] [2026-05-27T03:24:53.239Z] Checked if tokens are valid: true, expires at: 1779854270104
[debug] [2026-05-27T03:24:53.239Z] Checked if tokens are valid: true, expires at: 1779854270104
[debug] [2026-05-27T03:24:53.239Z] >>> [apiv2][query] GET https://cloudfunctions.googleapis.com/v2/projects/reachthesoul-prod/locations/asia-southeast1/operations/operation-1779852283614-652c4271e14ee-6a9f6578-486858f8 [none]
[debug] [2026-05-27T03:24:53.255Z] [update-default-asia-southeast1-onMessageCreated] Retrying task index 0
[debug] [2026-05-27T03:24:53.255Z] Checked if tokens are valid: true, expires at: 1779854270104
[debug] [2026-05-27T03:24:53.255Z] Checked if tokens are valid: true, expires at: 1779854270104
[debug] [2026-05-27T03:24:53.255Z] >>> [apiv2][query] GET https://cloudfunctions.googleapis.com/v2/projects/reachthesoul-prod/locations/asia-southeast1/operations/operation-1779852283402-652c4271ada63-e198a058-b4f55c72 [none]
[debug] [2026-05-27T03:24:53.310Z] <<< [apiv2][status] GET https://cloudfunctions.googleapis.com/v2/projects/reachthesoul-prod/locations/asia-southeast1/operations/operation-1779852283617-652c4271e21f5-6c3e1923-e234db55 200
[debug] [2026-05-27T03:24:53.310Z] <<< [apiv2][body] GET https://cloudfunctions.googleapis.com/v2/projects/reachthesoul-prod/locations/asia-southeast1/operations/operation-1779852283617-652c4271e21f5-6c3e1923-e234db55 {"name":"projects/reachthesoul-prod/locations/asia-southeast1/operations/operation-1779852283617-652c4271e21f5-6c3e1923-e234db55","metadata":{"@type":"type.googleapis.com/google.cloud.functions.v2.OperationMetadata","createTime":"2026-05-27T03:24:45.114022977Z","target":"projects/reachthesoul-prod/locations/asia-southeast1/functions/webhookInstagram","verb":"update","cancelRequested":false,"apiVersion":"v2","requestResource":{"@type":"type.googleapis.com/google.cloud.functions.v2.Function","name":"projects/reachthesoul-prod/locations/asia-southeast1/functions/webhookInstagram","buildConfig":{"runtime":"nodejs22","entryPoint":"webhookInstagram","source":{"storageSource":{"bucket":"gcf-v2-sources-211204916402-asia-southeast1","object":"webhookInstagram/function-source.zip","generation":"1779852285022737"}},"environmentVariables":{"GOOGLE_NODE_RUN_SCRIPTS":""},"dockerRepository":"projects/reachthesoul-prod/locations/asia-southeast1/repositories/gcf-artifacts","sourceProvenance":{"resolvedStorageSource":{"bucket":"gcf-v2-sources-211204916402-asia-southeast1","object":"webhookInstagram/function-source.zip","generation":"1778844573176425"}},"dockerRegistry":"ARTIFACT_REGISTRY","sourceToken":"Cltwcm9qZWN0cy8yMTEyMDQ5MTY0MDIvbG9jYXRpb25zL2FzaWEtc291dGhlYXN0MS9idWlsZHMvZjgxYzJmOTctMWY0OS00Y2EyLTkyMWItZjUwZTdjZGU5ZjBlEocBYXNpYS1zb3V0aGVhc3QxLWRvY2tlci5wa2cuZGV2L3JlYWNodGhlc291bC1wcm9kL2djZi1hcnRpZmFjdHMvcmVhY2h0aGVzb3VsLS1wcm9kX19hc2lhLS1zb3V0aGVhc3QxX19jbGVhbnVwX2V4cGlyZWRfb3JnX2RhdGE6dmVyc2lvbl8xGLKJreaSBiJUcHJvamVjdHMvcmVhY2h0aGVzb3VsLXByb2QvbG9jYXRpb25zL2FzaWEtc291dGhlYXN0MS9mdW5jdGlvbnMvY2xlYW51cEV4cGlyZWRPcmdEYXRhKgwI8cfZ0AYQwPmpxAMyCG5vZGVqczIyOnoKI2djci5pby9nYWUtcnVudGltZXMvbm9kZWpzMjI6c3RhYmxlElNhc2lhLXNvdXRoZWFzdDEtZG9ja2VyLnBrZy5kZXYvc2VydmVybGVzcy1ydW50aW1lcy9nb29nbGUtMjItZnVsbC9ydW50aW1lcy9ub2RlanMyMkAB","serviceAccount":"projects/reachthesoul-prod/serviceAccounts/211204916402-compute@developer.gserviceaccount.com","automaticUpdatePolicy":{}},"serviceConfig":{"service":"projects/reachthesoul-prod/locations/asia-southeast1/services/webhookinstagram","timeoutSeconds":60,"environmentVariables":{"FIREBASE_CONFIG":"{\"projectId\":\"reachthesoul-prod\",\"storageBucket\":\"reachthesoul-prod.firebasestorage.app\"}","GCLOUD_PROJECT":"reachthesoul-prod","EVENTARC_CLOUD_EVENT_SOURCE":"projects/reachthesoul-prod/locations/asia-southeast1/services/webhookInstagram","FUNCTION_TARGET":"webhookInstagram","LOG_EXECUTION_ID":"true","FUNCTION_SIGNATURE_TYPE":"http"},"ingressSettings":"ALLOW_ALL","uri":"https://webhookinstagram-6ue3udhyaq-as.a.run.app","serviceAccountEmail":"211204916402-compute@developer.gserviceaccount.com","availableMemory":"256Mi","allTrafficOnLatestRevision":true,"revision":"webhookinstagram-00013-sim","maxInstanceRequestConcurrency":80,"availableCpu":"1"},"state":"ACTIVE","labels":{"deployment-tool":"cloudfunctions","firebase-functions-hash":"d949fbdd3354df20e5db571c3a33cc7933af4469"},"environment":"GEN_2","url":"https://asia-southeast1-reachthesoul-prod.cloudfunctions.net/webhookInstagram","satisfiesPzs":true,"satisfiesPzi":true},"stages":[{"name":"BUILD","message":"Reusing build","state":"COMPLETE","resource":"projects/211204916402/locations/asia-southeast1/builds/f81c2f97-1f49-4ca2-921b-f50e7cde9f0e"},{"name":"SERVICE","message":"Updating Cloud Run service","state":"IN_PROGRESS","resource":"projects/reachthesoul-prod/locations/asia-southeast1/services/webhookinstagram","resourceUri":"https://console.cloud.google.com/run/detail/asia-southeast1/webhookinstagram?project=reachthesoul-prod","stateMessages":[{"severity":"INFO","type":"CloudRunServiceNewRevisionTrafficInfo","message":"A new revision will be deployed serving with 100% traffic."}]}],"sourceToken":"Cltwcm9qZWN0cy8yMTEyMDQ5MTY0MDIvbG9jYXRpb25zL2FzaWEtc291dGhlYXN0MS9idWlsZHMvZjgxYzJmOTctMWY0OS00Y2EyLTkyMWItZjUwZTdjZGU5ZjBlEocBYXNpYS1zb3V0aGVhc3QxLWRvY2tlci5wa2cuZGV2L3JlYWNodGhlc291bC1wcm9kL2djZi1hcnRpZmFjdHMvcmVhY2h0aGVzb3VsLS1wcm9kX19hc2lhLS1zb3V0aGVhc3QxX19jbGVhbnVwX2V4cGlyZWRfb3JnX2RhdGE6dmVyc2lvbl8xGLKJreaSBiJUcHJvamVjdHMvcmVhY2h0aGVzb3VsLXByb2QvbG9jYXRpb25zL2FzaWEtc291dGhlYXN0MS9mdW5jdGlvbnMvY2xlYW51cEV4cGlyZWRPcmdEYXRhKgwI8cfZ0AYQwPmpxAMyCG5vZGVqczIyOnoKI2djci5pby9nYWUtcnVudGltZXMvbm9kZWpzMjI6c3RhYmxlElNhc2lhLXNvdXRoZWFzdDEtZG9ja2VyLnBrZy5kZXYvc2VydmVybGVzcy1ydW50aW1lcy9nb29nbGUtMjItZnVsbC9ydW50aW1lcy9ub2RlanMyMkAB","operationType":"UPDATE_FUNCTION","buildName":"projects/211204916402/locations/asia-southeast1/builds/f81c2f97-1f49-4ca2-921b-f50e7cde9f0e"},"done":false}
[debug] [2026-05-27T03:24:53.310Z] Got source token Cltwcm9qZWN0cy8yMTEyMDQ5MTY0MDIvbG9jYXRpb25zL2FzaWEtc291dGhlYXN0MS9idWlsZHMvZjgxYzJmOTctMWY0OS00Y2EyLTkyMWItZjUwZTdjZGU5ZjBlEocBYXNpYS1zb3V0aGVhc3QxLWRvY2tlci5wa2cuZGV2L3JlYWNodGhlc291bC1wcm9kL2djZi1hcnRpZmFjdHMvcmVhY2h0aGVzb3VsLS1wcm9kX19hc2lhLS1zb3V0aGVhc3QxX19jbGVhbnVwX2V4cGlyZWRfb3JnX2RhdGE6dmVyc2lvbl8xGLKJreaSBiJUcHJvamVjdHMvcmVhY2h0aGVzb3VsLXByb2QvbG9jYXRpb25zL2FzaWEtc291dGhlYXN0MS9mdW5jdGlvbnMvY2xlYW51cEV4cGlyZWRPcmdEYXRhKgwI8cfZ0AYQwPmpxAMyCG5vZGVqczIyOnoKI2djci5pby9nYWUtcnVudGltZXMvbm9kZWpzMjI6c3RhYmxlElNhc2lhLXNvdXRoZWFzdDEtZG9ja2VyLnBrZy5kZXYvc2VydmVybGVzcy1ydW50aW1lcy9nb29nbGUtMjItZnVsbC9ydW50aW1lcy9ub2RlanMyMkAB for region asia-southeast1
[debug] [2026-05-27T03:24:53.334Z] <<< [apiv2][status] GET https://cloudfunctions.googleapis.com/v2/projects/reachthesoul-prod/locations/asia-southeast1/operations/operation-1779852283617-652c4271e2152-839bcf0e-2fd9e2f0 200
[debug] [2026-05-27T03:24:53.334Z] <<< [apiv2][body] GET https://cloudfunctions.googleapis.com/v2/projects/reachthesoul-prod/locations/asia-southeast1/operations/operation-1779852283617-652c4271e2152-839bcf0e-2fd9e2f0 {"name":"projects/reachthesoul-prod/locations/asia-southeast1/operations/operation-1779852283617-652c4271e2152-839bcf0e-2fd9e2f0","metadata":{"@type":"type.googleapis.com/google.cloud.functions.v2.OperationMetadata","createTime":"2026-05-27T03:24:45.117011639Z","target":"projects/reachthesoul-prod/locations/asia-southeast1/functions/webhookCall","verb":"update","cancelRequested":false,"apiVersion":"v2","requestResource":{"@type":"type.googleapis.com/google.cloud.functions.v2.Function","name":"projects/reachthesoul-prod/locations/asia-southeast1/functions/webhookCall","buildConfig":{"runtime":"nodejs22","entryPoint":"webhookCall","source":{"storageSource":{"bucket":"gcf-v2-sources-211204916402-asia-southeast1","object":"webhookCall/function-source.zip","generation":"1779852285016751"}},"environmentVariables":{"GOOGLE_NODE_RUN_SCRIPTS":""},"dockerRepository":"projects/reachthesoul-prod/locations/asia-southeast1/repositories/gcf-artifacts","sourceProvenance":{"resolvedStorageSource":{"bucket":"gcf-v2-sources-211204916402-asia-southeast1","object":"webhookCall/function-source.zip","generation":"1778844573476764"}},"dockerRegistry":"ARTIFACT_REGISTRY","sourceToken":"Cltwcm9qZWN0cy8yMTEyMDQ5MTY0MDIvbG9jYXRpb25zL2FzaWEtc291dGhlYXN0MS9idWlsZHMvZjgxYzJmOTctMWY0OS00Y2EyLTkyMWItZjUwZTdjZGU5ZjBlEocBYXNpYS1zb3V0aGVhc3QxLWRvY2tlci5wa2cuZGV2L3JlYWNodGhlc291bC1wcm9kL2djZi1hcnRpZmFjdHMvcmVhY2h0aGVzb3VsLS1wcm9kX19hc2lhLS1zb3V0aGVhc3QxX19jbGVhbnVwX2V4cGlyZWRfb3JnX2RhdGE6dmVyc2lvbl8xGLKJreaSBiJUcHJvamVjdHMvcmVhY2h0aGVzb3VsLXByb2QvbG9jYXRpb25zL2FzaWEtc291dGhlYXN0MS9mdW5jdGlvbnMvY2xlYW51cEV4cGlyZWRPcmdEYXRhKgwI8cfZ0AYQwPmpxAMyCG5vZGVqczIyOnoKI2djci5pby9nYWUtcnVudGltZXMvbm9kZWpzMjI6c3RhYmxlElNhc2lhLXNvdXRoZWFzdDEtZG9ja2VyLnBrZy5kZXYvc2VydmVybGVzcy1ydW50aW1lcy9nb29nbGUtMjItZnVsbC9ydW50aW1lcy9ub2RlanMyMkAB","serviceAccount":"projects/reachthesoul-prod/serviceAccounts/211204916402-compute@developer.gserviceaccount.com","automaticUpdatePolicy":{}},"serviceConfig":{"service":"projects/reachthesoul-prod/locations/asia-southeast1/services/webhookcall","timeoutSeconds":60,"environmentVariables":{"FIREBASE_CONFIG":"{\"projectId\":\"reachthesoul-prod\",\"storageBucket\":\"reachthesoul-prod.firebasestorage.app\"}","GCLOUD_PROJECT":"reachthesoul-prod","EVENTARC_CLOUD_EVENT_SOURCE":"projects/reachthesoul-prod/locations/asia-southeast1/services/webhookCall","FUNCTION_TARGET":"webhookCall","LOG_EXECUTION_ID":"true","FUNCTION_SIGNATURE_TYPE":"http"},"ingressSettings":"ALLOW_ALL","uri":"https://webhookcall-6ue3udhyaq-as.a.run.app","serviceAccountEmail":"211204916402-compute@developer.gserviceaccount.com","availableMemory":"256Mi","allTrafficOnLatestRevision":true,"revision":"webhookcall-00013-nil","maxInstanceRequestConcurrency":80,"availableCpu":"1"},"state":"ACTIVE","labels":{"deployment-tool":"cloudfunctions","firebase-functions-hash":"d949fbdd3354df20e5db571c3a33cc7933af4469"},"environment":"GEN_2","url":"https://asia-southeast1-reachthesoul-prod.cloudfunctions.net/webhookCall","satisfiesPzs":true,"satisfiesPzi":true},"stages":[{"name":"BUILD","message":"Reusing build","state":"COMPLETE","resource":"projects/211204916402/locations/asia-southeast1/builds/f81c2f97-1f49-4ca2-921b-f50e7cde9f0e"},{"name":"SERVICE","message":"Updating Cloud Run service","state":"IN_PROGRESS","resource":"projects/reachthesoul-prod/locations/asia-southeast1/services/webhookcall","resourceUri":"https://console.cloud.google.com/run/detail/asia-southeast1/webhookcall?project=reachthesoul-prod","stateMessages":[{"severity":"INFO","type":"CloudRunServiceNewRevisionTrafficInfo","message":"A new revision will be deployed serving with 100% traffic."}]}],"sourceToken":"Cltwcm9qZWN0cy8yMTEyMDQ5MTY0MDIvbG9jYXRpb25zL2FzaWEtc291dGhlYXN0MS9idWlsZHMvZjgxYzJmOTctMWY0OS00Y2EyLTkyMWItZjUwZTdjZGU5ZjBlEocBYXNpYS1zb3V0aGVhc3QxLWRvY2tlci5wa2cuZGV2L3JlYWNodGhlc291bC1wcm9kL2djZi1hcnRpZmFjdHMvcmVhY2h0aGVzb3VsLS1wcm9kX19hc2lhLS1zb3V0aGVhc3QxX19jbGVhbnVwX2V4cGlyZWRfb3JnX2RhdGE6dmVyc2lvbl8xGLKJreaSBiJUcHJvamVjdHMvcmVhY2h0aGVzb3VsLXByb2QvbG9jYXRpb25zL2FzaWEtc291dGhlYXN0MS9mdW5jdGlvbnMvY2xlYW51cEV4cGlyZWRPcmdEYXRhKgwI8cfZ0AYQwPmpxAMyCG5vZGVqczIyOnoKI2djci5pby9nYWUtcnVudGltZXMvbm9kZWpzMjI6c3RhYmxlElNhc2lhLXNvdXRoZWFzdDEtZG9ja2VyLnBrZy5kZXYvc2VydmVybGVzcy1ydW50aW1lcy9nb29nbGUtMjItZnVsbC9ydW50aW1lcy9ub2RlanMyMkAB","operationType":"UPDATE_FUNCTION","buildName":"projects/211204916402/locations/asia-southeast1/builds/f81c2f97-1f49-4ca2-921b-f50e7cde9f0e"},"done":false}
[debug] [2026-05-27T03:24:53.334Z] Got source token Cltwcm9qZWN0cy8yMTEyMDQ5MTY0MDIvbG9jYXRpb25zL2FzaWEtc291dGhlYXN0MS9idWlsZHMvZjgxYzJmOTctMWY0OS00Y2EyLTkyMWItZjUwZTdjZGU5ZjBlEocBYXNpYS1zb3V0aGVhc3QxLWRvY2tlci5wa2cuZGV2L3JlYWNodGhlc291bC1wcm9kL2djZi1hcnRpZmFjdHMvcmVhY2h0aGVzb3VsLS1wcm9kX19hc2lhLS1zb3V0aGVhc3QxX19jbGVhbnVwX2V4cGlyZWRfb3JnX2RhdGE6dmVyc2lvbl8xGLKJreaSBiJUcHJvamVjdHMvcmVhY2h0aGVzb3VsLXByb2QvbG9jYXRpb25zL2FzaWEtc291dGhlYXN0MS9mdW5jdGlvbnMvY2xlYW51cEV4cGlyZWRPcmdEYXRhKgwI8cfZ0AYQwPmpxAMyCG5vZGVqczIyOnoKI2djci5pby9nYWUtcnVudGltZXMvbm9kZWpzMjI6c3RhYmxlElNhc2lhLXNvdXRoZWFzdDEtZG9ja2VyLnBrZy5kZXYvc2VydmVybGVzcy1ydW50aW1lcy9nb29nbGUtMjItZnVsbC9ydW50aW1lcy9ub2RlanMyMkAB for region asia-southeast1
[debug] [2026-05-27T03:24:53.345Z] <<< [apiv2][status] GET https://cloudfunctions.googleapis.com/v2/projects/reachthesoul-prod/locations/asia-southeast1/operations/operation-1779852283614-652c4271e14ee-6a9f6578-486858f8 200
[debug] [2026-05-27T03:24:53.345Z] <<< [apiv2][body] GET https://cloudfunctions.googleapis.com/v2/projects/reachthesoul-prod/locations/asia-southeast1/operations/operation-1779852283614-652c4271e14ee-6a9f6578-486858f8 {"name":"projects/reachthesoul-prod/locations/asia-southeast1/operations/operation-1779852283614-652c4271e14ee-6a9f6578-486858f8","metadata":{"@type":"type.googleapis.com/google.cloud.functions.v2.OperationMetadata","createTime":"2026-05-27T03:24:45.118406311Z","target":"projects/reachthesoul-prod/locations/asia-southeast1/functions/webhookFonnte","verb":"update","cancelRequested":false,"apiVersion":"v2","requestResource":{"@type":"type.googleapis.com/google.cloud.functions.v2.Function","name":"projects/reachthesoul-prod/locations/asia-southeast1/functions/webhookFonnte","buildConfig":{"runtime":"nodejs22","entryPoint":"webhookFonnte","source":{"storageSource":{"bucket":"gcf-v2-sources-211204916402-asia-southeast1","object":"webhookFonnte/function-source.zip","generation":"1779852285055049"}},"environmentVariables":{"GOOGLE_NODE_RUN_SCRIPTS":""},"dockerRepository":"projects/reachthesoul-prod/locations/asia-southeast1/repositories/gcf-artifacts","sourceProvenance":{"resolvedStorageSource":{"bucket":"gcf-v2-sources-211204916402-asia-southeast1","object":"webhookFonnte/function-source.zip","generation":"1778844573162688"}},"dockerRegistry":"ARTIFACT_REGISTRY","sourceToken":"Cltwcm9qZWN0cy8yMTEyMDQ5MTY0MDIvbG9jYXRpb25zL2FzaWEtc291dGhlYXN0MS9idWlsZHMvZjgxYzJmOTctMWY0OS00Y2EyLTkyMWItZjUwZTdjZGU5ZjBlEocBYXNpYS1zb3V0aGVhc3QxLWRvY2tlci5wa2cuZGV2L3JlYWNodGhlc291bC1wcm9kL2djZi1hcnRpZmFjdHMvcmVhY2h0aGVzb3VsLS1wcm9kX19hc2lhLS1zb3V0aGVhc3QxX19jbGVhbnVwX2V4cGlyZWRfb3JnX2RhdGE6dmVyc2lvbl8xGLKJreaSBiJUcHJvamVjdHMvcmVhY2h0aGVzb3VsLXByb2QvbG9jYXRpb25zL2FzaWEtc291dGhlYXN0MS9mdW5jdGlvbnMvY2xlYW51cEV4cGlyZWRPcmdEYXRhKgwI8cfZ0AYQwPmpxAMyCG5vZGVqczIyOnoKI2djci5pby9nYWUtcnVudGltZXMvbm9kZWpzMjI6c3RhYmxlElNhc2lhLXNvdXRoZWFzdDEtZG9ja2VyLnBrZy5kZXYvc2VydmVybGVzcy1ydW50aW1lcy9nb29nbGUtMjItZnVsbC9ydW50aW1lcy9ub2RlanMyMkAB","serviceAccount":"projects/reachthesoul-prod/serviceAccounts/211204916402-compute@developer.gserviceaccount.com","automaticUpdatePolicy":{}},"serviceConfig":{"service":"projects/reachthesoul-prod/locations/asia-southeast1/services/webhookfonnte","timeoutSeconds":60,"environmentVariables":{"FIREBASE_CONFIG":"{\"projectId\":\"reachthesoul-prod\",\"storageBucket\":\"reachthesoul-prod.firebasestorage.app\"}","GCLOUD_PROJECT":"reachthesoul-prod","EVENTARC_CLOUD_EVENT_SOURCE":"projects/reachthesoul-prod/locations/asia-southeast1/services/webhookFonnte","FUNCTION_TARGET":"webhookFonnte","LOG_EXECUTION_ID":"true","FUNCTION_SIGNATURE_TYPE":"http"},"ingressSettings":"ALLOW_ALL","uri":"https://webhookfonnte-6ue3udhyaq-as.a.run.app","serviceAccountEmail":"211204916402-compute@developer.gserviceaccount.com","availableMemory":"256Mi","allTrafficOnLatestRevision":true,"revision":"webhookfonnte-00013-xof","maxInstanceRequestConcurrency":80,"availableCpu":"1"},"state":"ACTIVE","labels":{"deployment-tool":"cloudfunctions","firebase-functions-hash":"d949fbdd3354df20e5db571c3a33cc7933af4469"},"environment":"GEN_2","url":"https://asia-southeast1-reachthesoul-prod.cloudfunctions.net/webhookFonnte","satisfiesPzs":true,"satisfiesPzi":true},"stages":[{"name":"BUILD","message":"Reusing build","state":"COMPLETE","resource":"projects/211204916402/locations/asia-southeast1/builds/f81c2f97-1f49-4ca2-921b-f50e7cde9f0e"},{"name":"SERVICE","message":"Updating Cloud Run service","state":"IN_PROGRESS","resource":"projects/reachthesoul-prod/locations/asia-southeast1/services/webhookfonnte","resourceUri":"https://console.cloud.google.com/run/detail/asia-southeast1/webhookfonnte?project=reachthesoul-prod","stateMessages":[{"severity":"INFO","type":"CloudRunServiceNewRevisionTrafficInfo","message":"A new revision will be deployed serving with 100% traffic."}]}],"sourceToken":"Cltwcm9qZWN0cy8yMTEyMDQ5MTY0MDIvbG9jYXRpb25zL2FzaWEtc291dGhlYXN0MS9idWlsZHMvZjgxYzJmOTctMWY0OS00Y2EyLTkyMWItZjUwZTdjZGU5ZjBlEocBYXNpYS1zb3V0aGVhc3QxLWRvY2tlci5wa2cuZGV2L3JlYWNodGhlc291bC1wcm9kL2djZi1hcnRpZmFjdHMvcmVhY2h0aGVzb3VsLS1wcm9kX19hc2lhLS1zb3V0aGVhc3QxX19jbGVhbnVwX2V4cGlyZWRfb3JnX2RhdGE6dmVyc2lvbl8xGLKJreaSBiJUcHJvamVjdHMvcmVhY2h0aGVzb3VsLXByb2QvbG9jYXRpb25zL2FzaWEtc291dGhlYXN0MS9mdW5jdGlvbnMvY2xlYW51cEV4cGlyZWRPcmdEYXRhKgwI8cfZ0AYQwPmpxAMyCG5vZGVqczIyOnoKI2djci5pby9nYWUtcnVudGltZXMvbm9kZWpzMjI6c3RhYmxlElNhc2lhLXNvdXRoZWFzdDEtZG9ja2VyLnBrZy5kZXYvc2VydmVybGVzcy1ydW50aW1lcy9nb29nbGUtMjItZnVsbC9ydW50aW1lcy9ub2RlanMyMkAB","operationType":"UPDATE_FUNCTION","buildName":"projects/211204916402/locations/asia-southeast1/builds/f81c2f97-1f49-4ca2-921b-f50e7cde9f0e"},"done":false}
[debug] [2026-05-27T03:24:53.346Z] Got source token Cltwcm9qZWN0cy8yMTEyMDQ5MTY0MDIvbG9jYXRpb25zL2FzaWEtc291dGhlYXN0MS9idWlsZHMvZjgxYzJmOTctMWY0OS00Y2EyLTkyMWItZjUwZTdjZGU5ZjBlEocBYXNpYS1zb3V0aGVhc3QxLWRvY2tlci5wa2cuZGV2L3JlYWNodGhlc291bC1wcm9kL2djZi1hcnRpZmFjdHMvcmVhY2h0aGVzb3VsLS1wcm9kX19hc2lhLS1zb3V0aGVhc3QxX19jbGVhbnVwX2V4cGlyZWRfb3JnX2RhdGE6dmVyc2lvbl8xGLKJreaSBiJUcHJvamVjdHMvcmVhY2h0aGVzb3VsLXByb2QvbG9jYXRpb25zL2FzaWEtc291dGhlYXN0MS9mdW5jdGlvbnMvY2xlYW51cEV4cGlyZWRPcmdEYXRhKgwI8cfZ0AYQwPmpxAMyCG5vZGVqczIyOnoKI2djci5pby9nYWUtcnVudGltZXMvbm9kZWpzMjI6c3RhYmxlElNhc2lhLXNvdXRoZWFzdDEtZG9ja2VyLnBrZy5kZXYvc2VydmVybGVzcy1ydW50aW1lcy9nb29nbGUtMjItZnVsbC9ydW50aW1lcy9ub2RlanMyMkAB for region asia-southeast1
[debug] [2026-05-27T03:24:53.351Z] <<< [apiv2][status] GET https://cloudfunctions.googleapis.com/v2/projects/reachthesoul-prod/locations/asia-southeast1/operations/operation-1779852283402-652c4271ada63-e198a058-b4f55c72 200
[debug] [2026-05-27T03:24:53.351Z] <<< [apiv2][body] GET https://cloudfunctions.googleapis.com/v2/projects/reachthesoul-prod/locations/asia-southeast1/operations/operation-1779852283402-652c4271ada63-e198a058-b4f55c72 {"name":"projects/reachthesoul-prod/locations/asia-southeast1/operations/operation-1779852283402-652c4271ada63-e198a058-b4f55c72","metadata":{"@type":"type.googleapis.com/google.cloud.functions.v2.OperationMetadata","createTime":"2026-05-27T03:24:45.157976022Z","target":"projects/reachthesoul-prod/locations/asia-southeast1/functions/onMessageCreated","verb":"update","cancelRequested":false,"apiVersion":"v2","requestResource":{"@type":"type.googleapis.com/google.cloud.functions.v2.Function","name":"projects/reachthesoul-prod/locations/asia-southeast1/functions/onMessageCreated","buildConfig":{"runtime":"nodejs22","entryPoint":"onMessageCreated","source":{"storageSource":{"bucket":"gcf-v2-sources-211204916402-asia-southeast1","object":"onMessageCreated/function-source.zip","generation":"1779852285093934"}},"environmentVariables":{"GOOGLE_NODE_RUN_SCRIPTS":""},"dockerRepository":"projects/reachthesoul-prod/locations/asia-southeast1/repositories/gcf-artifacts","sourceProvenance":{"resolvedStorageSource":{"bucket":"gcf-v2-sources-211204916402-asia-southeast1","object":"onMessageCreated/function-source.zip","generation":"1778844507711445"}},"dockerRegistry":"ARTIFACT_REGISTRY","sourceToken":"Cltwcm9qZWN0cy8yMTEyMDQ5MTY0MDIvbG9jYXRpb25zL2FzaWEtc291dGhlYXN0MS9idWlsZHMvZjgxYzJmOTctMWY0OS00Y2EyLTkyMWItZjUwZTdjZGU5ZjBlEocBYXNpYS1zb3V0aGVhc3QxLWRvY2tlci5wa2cuZGV2L3JlYWNodGhlc291bC1wcm9kL2djZi1hcnRpZmFjdHMvcmVhY2h0aGVzb3VsLS1wcm9kX19hc2lhLS1zb3V0aGVhc3QxX19jbGVhbnVwX2V4cGlyZWRfb3JnX2RhdGE6dmVyc2lvbl8xGLKJreaSBiJUcHJvamVjdHMvcmVhY2h0aGVzb3VsLXByb2QvbG9jYXRpb25zL2FzaWEtc291dGhlYXN0MS9mdW5jdGlvbnMvY2xlYW51cEV4cGlyZWRPcmdEYXRhKgwI8cfZ0AYQwPmpxAMyCG5vZGVqczIyOnoKI2djci5pby9nYWUtcnVudGltZXMvbm9kZWpzMjI6c3RhYmxlElNhc2lhLXNvdXRoZWFzdDEtZG9ja2VyLnBrZy5kZXYvc2VydmVybGVzcy1ydW50aW1lcy9nb29nbGUtMjItZnVsbC9ydW50aW1lcy9ub2RlanMyMkAB","serviceAccount":"projects/reachthesoul-prod/serviceAccounts/211204916402-compute@developer.gserviceaccount.com","automaticUpdatePolicy":{}},"serviceConfig":{"service":"projects/reachthesoul-prod/locations/asia-southeast1/services/onmessagecreated","timeoutSeconds":60,"environmentVariables":{"FIREBASE_CONFIG":"{\"projectId\":\"reachthesoul-prod\",\"storageBucket\":\"reachthesoul-prod.firebasestorage.app\"}","GCLOUD_PROJECT":"reachthesoul-prod","EVENTARC_CLOUD_EVENT_SOURCE":"projects/reachthesoul-prod/locations/asia-southeast1/services/onMessageCreated","FUNCTION_SIGNATURE_TYPE":"cloudevent","FUNCTION_TARGET":"onMessageCreated","LOG_EXECUTION_ID":"true"},"ingressSettings":"ALLOW_ALL","uri":"https://onmessagecreated-6ue3udhyaq-as.a.run.app","serviceAccountEmail":"211204916402-compute@developer.gserviceaccount.com","availableMemory":"256Mi","allTrafficOnLatestRevision":true,"revision":"onmessagecreated-00013-haj","maxInstanceRequestConcurrency":80,"availableCpu":"1"},"eventTrigger":{"trigger":"projects/reachthesoul-prod/locations/asia-southeast1/triggers/onmessagecreated-809731","triggerRegion":"asia-southeast1","eventType":"google.cloud.firestore.document.v1.created","eventFilters":[{"attribute":"database","value":"(default)"},{"attribute":"namespace","value":"(default)"},{"attribute":"document","value":"tickets/{ticketId}/messages/{messageId}","operator":"match-path-pattern"}],"pubsubTopic":"projects/reachthesoul-prod/topics/eventarc-asia-southeast1-onmessagecreated-809731-464","serviceAccountEmail":"211204916402-compute@developer.gserviceaccount.com","retryPolicy":"RETRY_POLICY_DO_NOT_RETRY"},"state":"ACTIVE","labels":{"deployment-tool":"cli-firebase","firebase-functions-hash":"d949fbdd3354df20e5db571c3a33cc7933af4469"},"environment":"GEN_2","url":"https://asia-southeast1-reachthesoul-prod.cloudfunctions.net/onMessageCreated","satisfiesPzs":true,"satisfiesPzi":true},"stages":[{"name":"BUILD","message":"Reusing build","state":"COMPLETE","resource":"projects/211204916402/locations/asia-southeast1/builds/f81c2f97-1f49-4ca2-921b-f50e7cde9f0e"},{"name":"SERVICE","message":"Updating Cloud Run service","state":"IN_PROGRESS","resource":"projects/reachthesoul-prod/locations/asia-southeast1/services/onmessagecreated","resourceUri":"https://console.cloud.google.com/run/detail/asia-southeast1/onmessagecreated?project=reachthesoul-prod","stateMessages":[{"severity":"INFO","type":"CloudRunServiceNewRevisionTrafficInfo","message":"A new revision will be deployed serving with 100% traffic."}]},{"name":"TRIGGER","state":"NOT_STARTED"}],"sourceToken":"Cltwcm9qZWN0cy8yMTEyMDQ5MTY0MDIvbG9jYXRpb25zL2FzaWEtc291dGhlYXN0MS9idWlsZHMvZjgxYzJmOTctMWY0OS00Y2EyLTkyMWItZjUwZTdjZGU5ZjBlEocBYXNpYS1zb3V0aGVhc3QxLWRvY2tlci5wa2cuZGV2L3JlYWNodGhlc291bC1wcm9kL2djZi1hcnRpZmFjdHMvcmVhY2h0aGVzb3VsLS1wcm9kX19hc2lhLS1zb3V0aGVhc3QxX19jbGVhbnVwX2V4cGlyZWRfb3JnX2RhdGE6dmVyc2lvbl8xGLKJreaSBiJUcHJvamVjdHMvcmVhY2h0aGVzb3VsLXByb2QvbG9jYXRpb25zL2FzaWEtc291dGhlYXN0MS9mdW5jdGlvbnMvY2xlYW51cEV4cGlyZWRPcmdEYXRhKgwI8cfZ0AYQwPmpxAMyCG5vZGVqczIyOnoKI2djci5pby9nYWUtcnVudGltZXMvbm9kZWpzMjI6c3RhYmxlElNhc2lhLXNvdXRoZWFzdDEtZG9ja2VyLnBrZy5kZXYvc2VydmVybGVzcy1ydW50aW1lcy9nb29nbGUtMjItZnVsbC9ydW50aW1lcy9ub2RlanMyMkAB","operationType":"UPDATE_FUNCTION","buildName":"projects/211204916402/locations/asia-southeast1/builds/f81c2f97-1f49-4ca2-921b-f50e7cde9f0e"},"done":false}
[debug] [2026-05-27T03:24:53.351Z] Got source token Cltwcm9qZWN0cy8yMTEyMDQ5MTY0MDIvbG9jYXRpb25zL2FzaWEtc291dGhlYXN0MS9idWlsZHMvZjgxYzJmOTctMWY0OS00Y2EyLTkyMWItZjUwZTdjZGU5ZjBlEocBYXNpYS1zb3V0aGVhc3QxLWRvY2tlci5wa2cuZGV2L3JlYWNodGhlc291bC1wcm9kL2djZi1hcnRpZmFjdHMvcmVhY2h0aGVzb3VsLS1wcm9kX19hc2lhLS1zb3V0aGVhc3QxX19jbGVhbnVwX2V4cGlyZWRfb3JnX2RhdGE6dmVyc2lvbl8xGLKJreaSBiJUcHJvamVjdHMvcmVhY2h0aGVzb3VsLXByb2QvbG9jYXRpb25zL2FzaWEtc291dGhlYXN0MS9mdW5jdGlvbnMvY2xlYW51cEV4cGlyZWRPcmdEYXRhKgwI8cfZ0AYQwPmpxAMyCG5vZGVqczIyOnoKI2djci5pby9nYWUtcnVudGltZXMvbm9kZWpzMjI6c3RhYmxlElNhc2lhLXNvdXRoZWFzdDEtZG9ja2VyLnBrZy5kZXYvc2VydmVybGVzcy1ydW50aW1lcy9nb29nbGUtMjItZnVsbC9ydW50aW1lcy9ub2RlanMyMkAB for region asia-southeast1
[debug] [2026-05-27T03:24:53.967Z] [update-default-asia-southeast1-webhookFacebook] Retrying task index 0
[debug] [2026-05-27T03:24:53.968Z] Checked if tokens are valid: true, expires at: 1779854270104
[debug] [2026-05-27T03:24:53.968Z] Checked if tokens are valid: true, expires at: 1779854270104
[debug] [2026-05-27T03:24:53.968Z] >>> [apiv2][query] GET https://cloudfunctions.googleapis.com/v2/projects/reachthesoul-prod/locations/asia-southeast1/operations/operation-1779852283617-652c4271e2143-5439d32d-f7cb4e71 [none]
[debug] [2026-05-27T03:24:53.969Z] [update-default-asia-southeast1-webhookWhatsapp] Retrying task index 0
[debug] [2026-05-27T03:24:53.969Z] Checked if tokens are valid: true, expires at: 1779854270104
[debug] [2026-05-27T03:24:53.969Z] Checked if tokens are valid: true, expires at: 1779854270104
[debug] [2026-05-27T03:24:53.969Z] >>> [apiv2][query] GET https://cloudfunctions.googleapis.com/v2/projects/reachthesoul-prod/locations/asia-southeast1/operations/operation-1779852283618-652c4271e2620-f0261711-d174e61f [none]
[debug] [2026-05-27T03:24:54.061Z] <<< [apiv2][status] GET https://cloudfunctions.googleapis.com/v2/projects/reachthesoul-prod/locations/asia-southeast1/operations/operation-1779852283617-652c4271e2143-5439d32d-f7cb4e71 200
[debug] [2026-05-27T03:24:54.061Z] <<< [apiv2][body] GET https://cloudfunctions.googleapis.com/v2/projects/reachthesoul-prod/locations/asia-southeast1/operations/operation-1779852283617-652c4271e2143-5439d32d-f7cb4e71 {"name":"projects/reachthesoul-prod/locations/asia-southeast1/operations/operation-1779852283617-652c4271e2143-5439d32d-f7cb4e71","metadata":{"@type":"type.googleapis.com/google.cloud.functions.v2.OperationMetadata","createTime":"2026-05-27T03:24:45.724705634Z","endTime":"2026-05-27T03:24:53.892125834Z","target":"projects/reachthesoul-prod/locations/asia-southeast1/functions/webhookFacebook","verb":"update","cancelRequested":false,"apiVersion":"v2","requestResource":{"@type":"type.googleapis.com/google.cloud.functions.v2.Function","name":"projects/reachthesoul-prod/locations/asia-southeast1/functions/webhookFacebook","buildConfig":{"runtime":"nodejs22","entryPoint":"webhookFacebook","source":{"storageSource":{"bucket":"gcf-v2-sources-211204916402-asia-southeast1","object":"webhookFacebook/function-source.zip","generation":"1779852285664153"}},"environmentVariables":{"GOOGLE_NODE_RUN_SCRIPTS":""},"dockerRepository":"projects/reachthesoul-prod/locations/asia-southeast1/repositories/gcf-artifacts","sourceProvenance":{"resolvedStorageSource":{"bucket":"gcf-v2-sources-211204916402-asia-southeast1","object":"webhookFacebook/function-source.zip","generation":"1778844573427234"}},"dockerRegistry":"ARTIFACT_REGISTRY","sourceToken":"Cltwcm9qZWN0cy8yMTEyMDQ5MTY0MDIvbG9jYXRpb25zL2FzaWEtc291dGhlYXN0MS9idWlsZHMvZjgxYzJmOTctMWY0OS00Y2EyLTkyMWItZjUwZTdjZGU5ZjBlEocBYXNpYS1zb3V0aGVhc3QxLWRvY2tlci5wa2cuZGV2L3JlYWNodGhlc291bC1wcm9kL2djZi1hcnRpZmFjdHMvcmVhY2h0aGVzb3VsLS1wcm9kX19hc2lhLS1zb3V0aGVhc3QxX19jbGVhbnVwX2V4cGlyZWRfb3JnX2RhdGE6dmVyc2lvbl8xGLKJreaSBiJUcHJvamVjdHMvcmVhY2h0aGVzb3VsLXByb2QvbG9jYXRpb25zL2FzaWEtc291dGhlYXN0MS9mdW5jdGlvbnMvY2xlYW51cEV4cGlyZWRPcmdEYXRhKgwI8cfZ0AYQwPmpxAMyCG5vZGVqczIyOnoKI2djci5pby9nYWUtcnVudGltZXMvbm9kZWpzMjI6c3RhYmxlElNhc2lhLXNvdXRoZWFzdDEtZG9ja2VyLnBrZy5kZXYvc2VydmVybGVzcy1ydW50aW1lcy9nb29nbGUtMjItZnVsbC9ydW50aW1lcy9ub2RlanMyMkAB","serviceAccount":"projects/reachthesoul-prod/serviceAccounts/211204916402-compute@developer.gserviceaccount.com","automaticUpdatePolicy":{}},"serviceConfig":{"service":"projects/reachthesoul-prod/locations/asia-southeast1/services/webhookfacebook","timeoutSeconds":60,"environmentVariables":{"FIREBASE_CONFIG":"{\"projectId\":\"reachthesoul-prod\",\"storageBucket\":\"reachthesoul-prod.firebasestorage.app\"}","GCLOUD_PROJECT":"reachthesoul-prod","EVENTARC_CLOUD_EVENT_SOURCE":"projects/reachthesoul-prod/locations/asia-southeast1/services/webhookFacebook","FUNCTION_TARGET":"webhookFacebook","LOG_EXECUTION_ID":"true","FUNCTION_SIGNATURE_TYPE":"http"},"ingressSettings":"ALLOW_ALL","uri":"https://webhookfacebook-6ue3udhyaq-as.a.run.app","serviceAccountEmail":"211204916402-compute@developer.gserviceaccount.com","availableMemory":"256Mi","allTrafficOnLatestRevision":true,"revision":"webhookfacebook-00013-yac","maxInstanceRequestConcurrency":80,"availableCpu":"1"},"state":"ACTIVE","labels":{"deployment-tool":"cloudfunctions","firebase-functions-hash":"d949fbdd3354df20e5db571c3a33cc7933af4469"},"environment":"GEN_2","url":"https://asia-southeast1-reachthesoul-prod.cloudfunctions.net/webhookFacebook","satisfiesPzs":true,"satisfiesPzi":true},"stages":[{"name":"BUILD","message":"Reusing build","state":"COMPLETE","resource":"projects/211204916402/locations/asia-southeast1/builds/f81c2f97-1f49-4ca2-921b-f50e7cde9f0e"},{"name":"SERVICE","message":"Updating Cloud Run service","state":"COMPLETE","resource":"projects/reachthesoul-prod/locations/asia-southeast1/services/webhookfacebook","resourceUri":"https://console.cloud.google.com/run/detail/asia-southeast1/webhookfacebook?project=reachthesoul-prod","stateMessages":[{"severity":"INFO","type":"CloudRunServiceNewRevisionTrafficInfo","message":"A new revision will be deployed serving with 100% traffic."}]}],"sourceToken":"Cltwcm9qZWN0cy8yMTEyMDQ5MTY0MDIvbG9jYXRpb25zL2FzaWEtc291dGhlYXN0MS9idWlsZHMvZjgxYzJmOTctMWY0OS00Y2EyLTkyMWItZjUwZTdjZGU5ZjBlEocBYXNpYS1zb3V0aGVhc3QxLWRvY2tlci5wa2cuZGV2L3JlYWNodGhlc291bC1wcm9kL2djZi1hcnRpZmFjdHMvcmVhY2h0aGVzb3VsLS1wcm9kX19hc2lhLS1zb3V0aGVhc3QxX19jbGVhbnVwX2V4cGlyZWRfb3JnX2RhdGE6dmVyc2lvbl8xGLKJreaSBiJUcHJvamVjdHMvcmVhY2h0aGVzb3VsLXByb2QvbG9jYXRpb25zL2FzaWEtc291dGhlYXN0MS9mdW5jdGlvbnMvY2xlYW51cEV4cGlyZWRPcmdEYXRhKgwI8cfZ0AYQwPmpxAMyCG5vZGVqczIyOnoKI2djci5pby9nYWUtcnVudGltZXMvbm9kZWpzMjI6c3RhYmxlElNhc2lhLXNvdXRoZWFzdDEtZG9ja2VyLnBrZy5kZXYvc2VydmVybGVzcy1ydW50aW1lcy9nb29nbGUtMjItZnVsbC9ydW50aW1lcy9ub2RlanMyMkAB","operationType":"UPDATE_FUNCTION","buildName":"projects/211204916402/locations/asia-southeast1/builds/f81c2f97-1f49-4ca2-921b-f50e7cde9f0e"},"done":true,"response":{"@type":"type.googleapis.com/google.cloud.functions.v2.Function","name":"projects/reachthesoul-prod/locations/asia-southeast1/functions/webhookFacebook","buildConfig":{"build":"projects/211204916402/locations/asia-southeast1/builds/f81c2f97-1f49-4ca2-921b-f50e7cde9f0e","runtime":"nodejs22","entryPoint":"webhookFacebook","source":{"storageSource":{"bucket":"gcf-v2-sources-211204916402-asia-southeast1","object":"webhookFacebook/function-source.zip","generation":"1779852285664153"}},"environmentVariables":{"GOOGLE_NODE_RUN_SCRIPTS":""},"dockerRepository":"projects/reachthesoul-prod/locations/asia-southeast1/repositories/gcf-artifacts","sourceProvenance":{"resolvedStorageSource":{"bucket":"gcf-v2-sources-211204916402-asia-southeast1","object":"webhookFacebook/function-source.zip","generation":"1779852285664153"}},"dockerRegistry":"ARTIFACT_REGISTRY","serviceAccount":"projects/reachthesoul-prod/serviceAccounts/211204916402-compute@developer.gserviceaccount.com","automaticUpdatePolicy":{}},"serviceConfig":{"service":"projects/reachthesoul-prod/locations/asia-southeast1/services/webhookfacebook","timeoutSeconds":60,"environmentVariables":{"FIREBASE_CONFIG":"{\"projectId\":\"reachthesoul-prod\",\"storageBucket\":\"reachthesoul-prod.firebasestorage.app\"}","GCLOUD_PROJECT":"reachthesoul-prod","EVENTARC_CLOUD_EVENT_SOURCE":"projects/reachthesoul-prod/locations/asia-southeast1/services/webhookFacebook","FUNCTION_TARGET":"webhookFacebook","LOG_EXECUTION_ID":"true","FUNCTION_SIGNATURE_TYPE":"http"},"maxInstanceCount":20,"ingressSettings":"ALLOW_ALL","uri":"https://webhookfacebook-6ue3udhyaq-as.a.run.app","serviceAccountEmail":"211204916402-compute@developer.gserviceaccount.com","availableMemory":"256Mi","allTrafficOnLatestRevision":true,"revision":"webhookfacebook-00014-hey","maxInstanceRequestConcurrency":80,"availableCpu":"1"},"state":"ACTIVE","updateTime":"2026-05-27T03:24:45.726955219Z","labels":{"deployment-tool":"cli-firebase","firebase-functions-hash":"d949fbdd3354df20e5db571c3a33cc7933af4469"},"environment":"GEN_2","url":"https://asia-southeast1-reachthesoul-prod.cloudfunctions.net/webhookFacebook","satisfiesPzs":true,"createTime":"2026-05-08T07:20:56.763352150Z","satisfiesPzi":true}}
[debug] [2026-05-27T03:24:54.062Z] Got source token Cltwcm9qZWN0cy8yMTEyMDQ5MTY0MDIvbG9jYXRpb25zL2FzaWEtc291dGhlYXN0MS9idWlsZHMvZjgxYzJmOTctMWY0OS00Y2EyLTkyMWItZjUwZTdjZGU5ZjBlEocBYXNpYS1zb3V0aGVhc3QxLWRvY2tlci5wa2cuZGV2L3JlYWNodGhlc291bC1wcm9kL2djZi1hcnRpZmFjdHMvcmVhY2h0aGVzb3VsLS1wcm9kX19hc2lhLS1zb3V0aGVhc3QxX19jbGVhbnVwX2V4cGlyZWRfb3JnX2RhdGE6dmVyc2lvbl8xGLKJreaSBiJUcHJvamVjdHMvcmVhY2h0aGVzb3VsLXByb2QvbG9jYXRpb25zL2FzaWEtc291dGhlYXN0MS9mdW5jdGlvbnMvY2xlYW51cEV4cGlyZWRPcmdEYXRhKgwI8cfZ0AYQwPmpxAMyCG5vZGVqczIyOnoKI2djci5pby9nYWUtcnVudGltZXMvbm9kZWpzMjI6c3RhYmxlElNhc2lhLXNvdXRoZWFzdDEtZG9ja2VyLnBrZy5kZXYvc2VydmVybGVzcy1ydW50aW1lcy9nb29nbGUtMjItZnVsbC9ydW50aW1lcy9ub2RlanMyMkAB for region asia-southeast1
[info] +  functions[webhookFacebook(asia-southeast1)] Successful update operation. 
[debug] [2026-05-27T03:24:54.065Z] <<< [apiv2][status] GET https://cloudfunctions.googleapis.com/v2/projects/reachthesoul-prod/locations/asia-southeast1/operations/operation-1779852283618-652c4271e2620-f0261711-d174e61f 200
[debug] [2026-05-27T03:24:54.065Z] <<< [apiv2][body] GET https://cloudfunctions.googleapis.com/v2/projects/reachthesoul-prod/locations/asia-southeast1/operations/operation-1779852283618-652c4271e2620-f0261711-d174e61f {"name":"projects/reachthesoul-prod/locations/asia-southeast1/operations/operation-1779852283618-652c4271e2620-f0261711-d174e61f","metadata":{"@type":"type.googleapis.com/google.cloud.functions.v2.OperationMetadata","createTime":"2026-05-27T03:24:45.781606461Z","target":"projects/reachthesoul-prod/locations/asia-southeast1/functions/webhookWhatsapp","verb":"update","cancelRequested":false,"apiVersion":"v2","requestResource":{"@type":"type.googleapis.com/google.cloud.functions.v2.Function","name":"projects/reachthesoul-prod/locations/asia-southeast1/functions/webhookWhatsapp","buildConfig":{"runtime":"nodejs22","entryPoint":"webhookWhatsapp","source":{"storageSource":{"bucket":"gcf-v2-sources-211204916402-asia-southeast1","object":"webhookWhatsapp/function-source.zip","generation":"1779852285717655"}},"environmentVariables":{"GOOGLE_NODE_RUN_SCRIPTS":""},"dockerRepository":"projects/reachthesoul-prod/locations/asia-southeast1/repositories/gcf-artifacts","sourceProvenance":{"resolvedStorageSource":{"bucket":"gcf-v2-sources-211204916402-asia-southeast1","object":"webhookWhatsapp/function-source.zip","generation":"1778844573025903"}},"dockerRegistry":"ARTIFACT_REGISTRY","sourceToken":"Cltwcm9qZWN0cy8yMTEyMDQ5MTY0MDIvbG9jYXRpb25zL2FzaWEtc291dGhlYXN0MS9idWlsZHMvZjgxYzJmOTctMWY0OS00Y2EyLTkyMWItZjUwZTdjZGU5ZjBlEocBYXNpYS1zb3V0aGVhc3QxLWRvY2tlci5wa2cuZGV2L3JlYWNodGhlc291bC1wcm9kL2djZi1hcnRpZmFjdHMvcmVhY2h0aGVzb3VsLS1wcm9kX19hc2lhLS1zb3V0aGVhc3QxX19jbGVhbnVwX2V4cGlyZWRfb3JnX2RhdGE6dmVyc2lvbl8xGLKJreaSBiJUcHJvamVjdHMvcmVhY2h0aGVzb3VsLXByb2QvbG9jYXRpb25zL2FzaWEtc291dGhlYXN0MS9mdW5jdGlvbnMvY2xlYW51cEV4cGlyZWRPcmdEYXRhKgwI8cfZ0AYQwPmpxAMyCG5vZGVqczIyOnoKI2djci5pby9nYWUtcnVudGltZXMvbm9kZWpzMjI6c3RhYmxlElNhc2lhLXNvdXRoZWFzdDEtZG9ja2VyLnBrZy5kZXYvc2VydmVybGVzcy1ydW50aW1lcy9nb29nbGUtMjItZnVsbC9ydW50aW1lcy9ub2RlanMyMkAB","serviceAccount":"projects/reachthesoul-prod/serviceAccounts/211204916402-compute@developer.gserviceaccount.com","automaticUpdatePolicy":{}},"serviceConfig":{"service":"projects/reachthesoul-prod/locations/asia-southeast1/services/webhookwhatsapp","timeoutSeconds":60,"environmentVariables":{"FIREBASE_CONFIG":"{\"projectId\":\"reachthesoul-prod\",\"storageBucket\":\"reachthesoul-prod.firebasestorage.app\"}","GCLOUD_PROJECT":"reachthesoul-prod","EVENTARC_CLOUD_EVENT_SOURCE":"projects/reachthesoul-prod/locations/asia-southeast1/services/webhookWhatsapp","FUNCTION_TARGET":"webhookWhatsapp","LOG_EXECUTION_ID":"true","FUNCTION_SIGNATURE_TYPE":"http"},"ingressSettings":"ALLOW_ALL","uri":"https://webhookwhatsapp-6ue3udhyaq-as.a.run.app","serviceAccountEmail":"211204916402-compute@developer.gserviceaccount.com","availableMemory":"256Mi","allTrafficOnLatestRevision":true,"revision":"webhookwhatsapp-00013-qoj","maxInstanceRequestConcurrency":80,"availableCpu":"1"},"state":"ACTIVE","labels":{"deployment-tool":"cli-firebase","firebase-functions-hash":"d949fbdd3354df20e5db571c3a33cc7933af4469"},"environment":"GEN_2","url":"https://asia-southeast1-reachthesoul-prod.cloudfunctions.net/webhookWhatsapp","satisfiesPzs":true,"satisfiesPzi":true},"stages":[{"name":"BUILD","message":"Reusing build","state":"COMPLETE","resource":"projects/211204916402/locations/asia-southeast1/builds/f81c2f97-1f49-4ca2-921b-f50e7cde9f0e"},{"name":"SERVICE","message":"Updating Cloud Run service","state":"IN_PROGRESS","resource":"projects/reachthesoul-prod/locations/asia-southeast1/services/webhookwhatsapp","resourceUri":"https://console.cloud.google.com/run/detail/asia-southeast1/webhookwhatsapp?project=reachthesoul-prod","stateMessages":[{"severity":"INFO","type":"CloudRunServiceNewRevisionTrafficInfo","message":"A new revision will be deployed serving with 100% traffic."}]}],"sourceToken":"Cltwcm9qZWN0cy8yMTEyMDQ5MTY0MDIvbG9jYXRpb25zL2FzaWEtc291dGhlYXN0MS9idWlsZHMvZjgxYzJmOTctMWY0OS00Y2EyLTkyMWItZjUwZTdjZGU5ZjBlEocBYXNpYS1zb3V0aGVhc3QxLWRvY2tlci5wa2cuZGV2L3JlYWNodGhlc291bC1wcm9kL2djZi1hcnRpZmFjdHMvcmVhY2h0aGVzb3VsLS1wcm9kX19hc2lhLS1zb3V0aGVhc3QxX19jbGVhbnVwX2V4cGlyZWRfb3JnX2RhdGE6dmVyc2lvbl8xGLKJreaSBiJUcHJvamVjdHMvcmVhY2h0aGVzb3VsLXByb2QvbG9jYXRpb25zL2FzaWEtc291dGhlYXN0MS9mdW5jdGlvbnMvY2xlYW51cEV4cGlyZWRPcmdEYXRhKgwI8cfZ0AYQwPmpxAMyCG5vZGVqczIyOnoKI2djci5pby9nYWUtcnVudGltZXMvbm9kZWpzMjI6c3RhYmxlElNhc2lhLXNvdXRoZWFzdDEtZG9ja2VyLnBrZy5kZXYvc2VydmVybGVzcy1ydW50aW1lcy9nb29nbGUtMjItZnVsbC9ydW50aW1lcy9ub2RlanMyMkAB","operationType":"UPDATE_FUNCTION","buildName":"projects/211204916402/locations/asia-southeast1/builds/f81c2f97-1f49-4ca2-921b-f50e7cde9f0e"},"done":false}
[debug] [2026-05-27T03:24:54.066Z] Got source token Cltwcm9qZWN0cy8yMTEyMDQ5MTY0MDIvbG9jYXRpb25zL2FzaWEtc291dGhlYXN0MS9idWlsZHMvZjgxYzJmOTctMWY0OS00Y2EyLTkyMWItZjUwZTdjZGU5ZjBlEocBYXNpYS1zb3V0aGVhc3QxLWRvY2tlci5wa2cuZGV2L3JlYWNodGhlc291bC1wcm9kL2djZi1hcnRpZmFjdHMvcmVhY2h0aGVzb3VsLS1wcm9kX19hc2lhLS1zb3V0aGVhc3QxX19jbGVhbnVwX2V4cGlyZWRfb3JnX2RhdGE6dmVyc2lvbl8xGLKJreaSBiJUcHJvamVjdHMvcmVhY2h0aGVzb3VsLXByb2QvbG9jYXRpb25zL2FzaWEtc291dGhlYXN0MS9mdW5jdGlvbnMvY2xlYW51cEV4cGlyZWRPcmdEYXRhKgwI8cfZ0AYQwPmpxAMyCG5vZGVqczIyOnoKI2djci5pby9nYWUtcnVudGltZXMvbm9kZWpzMjI6c3RhYmxlElNhc2lhLXNvdXRoZWFzdDEtZG9ja2VyLnBrZy5kZXYvc2VydmVybGVzcy1ydW50aW1lcy9nb29nbGUtMjItZnVsbC9ydW50aW1lcy9ub2RlanMyMkAB for region asia-southeast1
[debug] [2026-05-27T03:24:54.818Z] [update-default-asia-southeast1-onRespondentMessage] Retrying task index 0
[debug] [2026-05-27T03:24:54.819Z] Checked if tokens are valid: true, expires at: 1779854270104
[debug] [2026-05-27T03:24:54.819Z] Checked if tokens are valid: true, expires at: 1779854270104
[debug] [2026-05-27T03:24:54.819Z] >>> [apiv2][query] GET https://cloudfunctions.googleapis.com/v2/projects/reachthesoul-prod/locations/asia-southeast1/operations/operation-1779852283617-652c4271e2144-b873c98f-877cf05a [none]
[debug] [2026-05-27T03:24:55.058Z] <<< [apiv2][status] GET https://cloudfunctions.googleapis.com/v2/projects/reachthesoul-prod/locations/asia-southeast1/operations/operation-1779852283617-652c4271e2144-b873c98f-877cf05a 200
[debug] [2026-05-27T03:24:55.059Z] <<< [apiv2][body] GET https://cloudfunctions.googleapis.com/v2/projects/reachthesoul-prod/locations/asia-southeast1/operations/operation-1779852283617-652c4271e2144-b873c98f-877cf05a {"name":"projects/reachthesoul-prod/locations/asia-southeast1/operations/operation-1779852283617-652c4271e2144-b873c98f-877cf05a","metadata":{"@type":"type.googleapis.com/google.cloud.functions.v2.OperationMetadata","createTime":"2026-05-27T03:24:46.482638726Z","target":"projects/reachthesoul-prod/locations/asia-southeast1/functions/onRespondentMessage","verb":"update","cancelRequested":false,"apiVersion":"v2","requestResource":{"@type":"type.googleapis.com/google.cloud.functions.v2.Function","name":"projects/reachthesoul-prod/locations/asia-southeast1/functions/onRespondentMessage","buildConfig":{"runtime":"nodejs22","entryPoint":"onRespondentMessage","source":{"storageSource":{"bucket":"gcf-v2-sources-211204916402-asia-southeast1","object":"onRespondentMessage/function-source.zip","generation":"1779852286411827"}},"environmentVariables":{"GOOGLE_NODE_RUN_SCRIPTS":""},"dockerRepository":"projects/reachthesoul-prod/locations/asia-southeast1/repositories/gcf-artifacts","sourceProvenance":{"resolvedStorageSource":{"bucket":"gcf-v2-sources-211204916402-asia-southeast1","object":"onRespondentMessage/function-source.zip","generation":"1778844573772210"}},"dockerRegistry":"ARTIFACT_REGISTRY","sourceToken":"Cltwcm9qZWN0cy8yMTEyMDQ5MTY0MDIvbG9jYXRpb25zL2FzaWEtc291dGhlYXN0MS9idWlsZHMvZjgxYzJmOTctMWY0OS00Y2EyLTkyMWItZjUwZTdjZGU5ZjBlEocBYXNpYS1zb3V0aGVhc3QxLWRvY2tlci5wa2cuZGV2L3JlYWNodGhlc291bC1wcm9kL2djZi1hcnRpZmFjdHMvcmVhY2h0aGVzb3VsLS1wcm9kX19hc2lhLS1zb3V0aGVhc3QxX19jbGVhbnVwX2V4cGlyZWRfb3JnX2RhdGE6dmVyc2lvbl8xGLKJreaSBiJUcHJvamVjdHMvcmVhY2h0aGVzb3VsLXByb2QvbG9jYXRpb25zL2FzaWEtc291dGhlYXN0MS9mdW5jdGlvbnMvY2xlYW51cEV4cGlyZWRPcmdEYXRhKgwI8cfZ0AYQwPmpxAMyCG5vZGVqczIyOnoKI2djci5pby9nYWUtcnVudGltZXMvbm9kZWpzMjI6c3RhYmxlElNhc2lhLXNvdXRoZWFzdDEtZG9ja2VyLnBrZy5kZXYvc2VydmVybGVzcy1ydW50aW1lcy9nb29nbGUtMjItZnVsbC9ydW50aW1lcy9ub2RlanMyMkAB","serviceAccount":"projects/reachthesoul-prod/serviceAccounts/211204916402-compute@developer.gserviceaccount.com","automaticUpdatePolicy":{}},"serviceConfig":{"service":"projects/reachthesoul-prod/locations/asia-southeast1/services/onrespondentmessage","timeoutSeconds":60,"environmentVariables":{"FIREBASE_CONFIG":"{\"projectId\":\"reachthesoul-prod\",\"storageBucket\":\"reachthesoul-prod.firebasestorage.app\"}","GCLOUD_PROJECT":"reachthesoul-prod","EVENTARC_CLOUD_EVENT_SOURCE":"projects/reachthesoul-prod/locations/asia-southeast1/services/onRespondentMessage","FUNCTION_SIGNATURE_TYPE":"cloudevent","FUNCTION_TARGET":"onRespondentMessage","LOG_EXECUTION_ID":"true"},"ingressSettings":"ALLOW_ALL","uri":"https://onrespondentmessage-6ue3udhyaq-as.a.run.app","serviceAccountEmail":"211204916402-compute@developer.gserviceaccount.com","availableMemory":"256Mi","allTrafficOnLatestRevision":true,"revision":"onrespondentmessage-00013-rab","maxInstanceRequestConcurrency":80,"availableCpu":"1"},"eventTrigger":{"trigger":"projects/reachthesoul-prod/locations/asia-southeast1/triggers/onrespondentmessage-242121","triggerRegion":"asia-southeast1","eventType":"google.cloud.firestore.document.v1.created","eventFilters":[{"attribute":"database","value":"(default)"},{"attribute":"namespace","value":"(default)"},{"attribute":"document","value":"tickets/{ticketId}/messages/{messageId}","operator":"match-path-pattern"}],"pubsubTopic":"projects/reachthesoul-prod/topics/eventarc-asia-southeast1-onrespondentmessage-242121-914","serviceAccountEmail":"211204916402-compute@developer.gserviceaccount.com","retryPolicy":"RETRY_POLICY_DO_NOT_RETRY"},"state":"ACTIVE","labels":{"deployment-tool":"cli-firebase","firebase-functions-hash":"d949fbdd3354df20e5db571c3a33cc7933af4469"},"environment":"GEN_2","url":"https://asia-southeast1-reachthesoul-prod.cloudfunctions.net/onRespondentMessage","satisfiesPzs":true,"satisfiesPzi":true},"stages":[{"name":"BUILD","message":"Reusing build","state":"COMPLETE","resource":"projects/211204916402/locations/asia-southeast1/builds/f81c2f97-1f49-4ca2-921b-f50e7cde9f0e"},{"name":"SERVICE","message":"Updating Cloud Run service","state":"IN_PROGRESS","resource":"projects/reachthesoul-prod/locations/asia-southeast1/services/onrespondentmessage","resourceUri":"https://console.cloud.google.com/run/detail/asia-southeast1/onrespondentmessage?project=reachthesoul-prod","stateMessages":[{"severity":"INFO","type":"CloudRunServiceNewRevisionTrafficInfo","message":"A new revision will be deployed serving with 100% traffic."}]},{"name":"TRIGGER","state":"NOT_STARTED"}],"sourceToken":"Cltwcm9qZWN0cy8yMTEyMDQ5MTY0MDIvbG9jYXRpb25zL2FzaWEtc291dGhlYXN0MS9idWlsZHMvZjgxYzJmOTctMWY0OS00Y2EyLTkyMWItZjUwZTdjZGU5ZjBlEocBYXNpYS1zb3V0aGVhc3QxLWRvY2tlci5wa2cuZGV2L3JlYWNodGhlc291bC1wcm9kL2djZi1hcnRpZmFjdHMvcmVhY2h0aGVzb3VsLS1wcm9kX19hc2lhLS1zb3V0aGVhc3QxX19jbGVhbnVwX2V4cGlyZWRfb3JnX2RhdGE6dmVyc2lvbl8xGLKJreaSBiJUcHJvamVjdHMvcmVhY2h0aGVzb3VsLXByb2QvbG9jYXRpb25zL2FzaWEtc291dGhlYXN0MS9mdW5jdGlvbnMvY2xlYW51cEV4cGlyZWRPcmdEYXRhKgwI8cfZ0AYQwPmpxAMyCG5vZGVqczIyOnoKI2djci5pby9nYWUtcnVudGltZXMvbm9kZWpzMjI6c3RhYmxlElNhc2lhLXNvdXRoZWFzdDEtZG9ja2VyLnBrZy5kZXYvc2VydmVybGVzcy1ydW50aW1lcy9nb29nbGUtMjItZnVsbC9ydW50aW1lcy9ub2RlanMyMkAB","operationType":"UPDATE_FUNCTION","buildName":"projects/211204916402/locations/asia-southeast1/builds/f81c2f97-1f49-4ca2-921b-f50e7cde9f0e"},"done":false}
[debug] [2026-05-27T03:24:55.059Z] Got source token Cltwcm9qZWN0cy8yMTEyMDQ5MTY0MDIvbG9jYXRpb25zL2FzaWEtc291dGhlYXN0MS9idWlsZHMvZjgxYzJmOTctMWY0OS00Y2EyLTkyMWItZjUwZTdjZGU5ZjBlEocBYXNpYS1zb3V0aGVhc3QxLWRvY2tlci5wa2cuZGV2L3JlYWNodGhlc291bC1wcm9kL2djZi1hcnRpZmFjdHMvcmVhY2h0aGVzb3VsLS1wcm9kX19hc2lhLS1zb3V0aGVhc3QxX19jbGVhbnVwX2V4cGlyZWRfb3JnX2RhdGE6dmVyc2lvbl8xGLKJreaSBiJUcHJvamVjdHMvcmVhY2h0aGVzb3VsLXByb2QvbG9jYXRpb25zL2FzaWEtc291dGhlYXN0MS9mdW5jdGlvbnMvY2xlYW51cEV4cGlyZWRPcmdEYXRhKgwI8cfZ0AYQwPmpxAMyCG5vZGVqczIyOnoKI2djci5pby9nYWUtcnVudGltZXMvbm9kZWpzMjI6c3RhYmxlElNhc2lhLXNvdXRoZWFzdDEtZG9ja2VyLnBrZy5kZXYvc2VydmVybGVzcy1ydW50aW1lcy9nb29nbGUtMjItZnVsbC9ydW50aW1lcy9ub2RlanMyMkAB for region asia-southeast1
[debug] [2026-05-27T03:24:55.410Z] <<< [apiv2][status] POST https://cloudscheduler.googleapis.com/v1/projects/reachthesoul-prod/locations/asia-southeast1/jobs 200
[debug] [2026-05-27T03:24:55.410Z] <<< [apiv2][body] POST https://cloudscheduler.googleapis.com/v1/projects/reachthesoul-prod/locations/asia-southeast1/jobs {"name":"projects/reachthesoul-prod/locations/asia-southeast1/jobs/firebase-schedule-cleanupExpiredOrgData-asia-southeast1","httpTarget":{"uri":"https://asia-southeast1-reachthesoul-prod.cloudfunctions.net/cleanupExpiredOrgData","httpMethod":"POST","headers":{"User-Agent":"Google-Cloud-Scheduler"},"oidcToken":{"serviceAccountEmail":"211204916402-compute@developer.gserviceaccount.com","audience":"https://asia-southeast1-reachthesoul-prod.cloudfunctions.net/cleanupExpiredOrgData"}},"userUpdateTime":"2026-05-27T03:24:55.033540Z","state":"ENABLED","status":{"code":-1},"scheduleTime":"2026-05-27T20:00:00Z","schedule":"0 3 * * *","timeZone":"Asia/Jakarta","attemptDeadline":"180s"}
[debug] [2026-05-27T03:24:55.410Z] created scheduler job firebase-schedule-cleanupExpiredOrgData-asia-southeast1
[info] +  functions[cleanupExpiredOrgData(asia-southeast1)] Successful create operation. 
[debug] [2026-05-27T03:25:01.315Z] [update-default-asia-southeast1-webhookInstagram] Retrying task index 0
[debug] [2026-05-27T03:25:01.316Z] Checked if tokens are valid: true, expires at: 1779854270104
[debug] [2026-05-27T03:25:01.316Z] Checked if tokens are valid: true, expires at: 1779854270104
[debug] [2026-05-27T03:25:01.316Z] >>> [apiv2][query] GET https://cloudfunctions.googleapis.com/v2/projects/reachthesoul-prod/locations/asia-southeast1/operations/operation-1779852283617-652c4271e21f5-6c3e1923-e234db55 [none]
[debug] [2026-05-27T03:25:01.349Z] [update-default-asia-southeast1-webhookCall] Retrying task index 0
[debug] [2026-05-27T03:25:01.350Z] Checked if tokens are valid: true, expires at: 1779854270104
[debug] [2026-05-27T03:25:01.350Z] Checked if tokens are valid: true, expires at: 1779854270104
[debug] [2026-05-27T03:25:01.350Z] >>> [apiv2][query] GET https://cloudfunctions.googleapis.com/v2/projects/reachthesoul-prod/locations/asia-southeast1/operations/operation-1779852283617-652c4271e2152-839bcf0e-2fd9e2f0 [none]
[debug] [2026-05-27T03:25:01.352Z] [update-default-asia-southeast1-webhookFonnte] Retrying task index 0
[debug] [2026-05-27T03:25:01.353Z] Checked if tokens are valid: true, expires at: 1779854270104
[debug] [2026-05-27T03:25:01.353Z] Checked if tokens are valid: true, expires at: 1779854270104
[debug] [2026-05-27T03:25:01.353Z] >>> [apiv2][query] GET https://cloudfunctions.googleapis.com/v2/projects/reachthesoul-prod/locations/asia-southeast1/operations/operation-1779852283614-652c4271e14ee-6a9f6578-486858f8 [none]
[debug] [2026-05-27T03:25:01.356Z] [update-default-asia-southeast1-onMessageCreated] Retrying task index 0
[debug] [2026-05-27T03:25:01.356Z] Checked if tokens are valid: true, expires at: 1779854270104
[debug] [2026-05-27T03:25:01.357Z] Checked if tokens are valid: true, expires at: 1779854270104
[debug] [2026-05-27T03:25:01.357Z] >>> [apiv2][query] GET https://cloudfunctions.googleapis.com/v2/projects/reachthesoul-prod/locations/asia-southeast1/operations/operation-1779852283402-652c4271ada63-e198a058-b4f55c72 [none]
[debug] [2026-05-27T03:25:01.647Z] <<< [apiv2][status] GET https://cloudfunctions.googleapis.com/v2/projects/reachthesoul-prod/locations/asia-southeast1/operations/operation-1779852283617-652c4271e2152-839bcf0e-2fd9e2f0 200
[debug] [2026-05-27T03:25:01.648Z] <<< [apiv2][body] GET https://cloudfunctions.googleapis.com/v2/projects/reachthesoul-prod/locations/asia-southeast1/operations/operation-1779852283617-652c4271e2152-839bcf0e-2fd9e2f0 {"name":"projects/reachthesoul-prod/locations/asia-southeast1/operations/operation-1779852283617-652c4271e2152-839bcf0e-2fd9e2f0","metadata":{"@type":"type.googleapis.com/google.cloud.functions.v2.OperationMetadata","createTime":"2026-05-27T03:24:45.117011639Z","endTime":"2026-05-27T03:24:53.462618696Z","target":"projects/reachthesoul-prod/locations/asia-southeast1/functions/webhookCall","verb":"update","cancelRequested":false,"apiVersion":"v2","requestResource":{"@type":"type.googleapis.com/google.cloud.functions.v2.Function","name":"projects/reachthesoul-prod/locations/asia-southeast1/functions/webhookCall","buildConfig":{"runtime":"nodejs22","entryPoint":"webhookCall","source":{"storageSource":{"bucket":"gcf-v2-sources-211204916402-asia-southeast1","object":"webhookCall/function-source.zip","generation":"1779852285016751"}},"environmentVariables":{"GOOGLE_NODE_RUN_SCRIPTS":""},"dockerRepository":"projects/reachthesoul-prod/locations/asia-southeast1/repositories/gcf-artifacts","sourceProvenance":{"resolvedStorageSource":{"bucket":"gcf-v2-sources-211204916402-asia-southeast1","object":"webhookCall/function-source.zip","generation":"1778844573476764"}},"dockerRegistry":"ARTIFACT_REGISTRY","sourceToken":"Cltwcm9qZWN0cy8yMTEyMDQ5MTY0MDIvbG9jYXRpb25zL2FzaWEtc291dGhlYXN0MS9idWlsZHMvZjgxYzJmOTctMWY0OS00Y2EyLTkyMWItZjUwZTdjZGU5ZjBlEocBYXNpYS1zb3V0aGVhc3QxLWRvY2tlci5wa2cuZGV2L3JlYWNodGhlc291bC1wcm9kL2djZi1hcnRpZmFjdHMvcmVhY2h0aGVzb3VsLS1wcm9kX19hc2lhLS1zb3V0aGVhc3QxX19jbGVhbnVwX2V4cGlyZWRfb3JnX2RhdGE6dmVyc2lvbl8xGLKJreaSBiJUcHJvamVjdHMvcmVhY2h0aGVzb3VsLXByb2QvbG9jYXRpb25zL2FzaWEtc291dGhlYXN0MS9mdW5jdGlvbnMvY2xlYW51cEV4cGlyZWRPcmdEYXRhKgwI8cfZ0AYQwPmpxAMyCG5vZGVqczIyOnoKI2djci5pby9nYWUtcnVudGltZXMvbm9kZWpzMjI6c3RhYmxlElNhc2lhLXNvdXRoZWFzdDEtZG9ja2VyLnBrZy5kZXYvc2VydmVybGVzcy1ydW50aW1lcy9nb29nbGUtMjItZnVsbC9ydW50aW1lcy9ub2RlanMyMkAB","serviceAccount":"projects/reachthesoul-prod/serviceAccounts/211204916402-compute@developer.gserviceaccount.com","automaticUpdatePolicy":{}},"serviceConfig":{"service":"projects/reachthesoul-prod/locations/asia-southeast1/services/webhookcall","timeoutSeconds":60,"environmentVariables":{"FIREBASE_CONFIG":"{\"projectId\":\"reachthesoul-prod\",\"storageBucket\":\"reachthesoul-prod.firebasestorage.app\"}","GCLOUD_PROJECT":"reachthesoul-prod","EVENTARC_CLOUD_EVENT_SOURCE":"projects/reachthesoul-prod/locations/asia-southeast1/services/webhookCall","FUNCTION_TARGET":"webhookCall","LOG_EXECUTION_ID":"true","FUNCTION_SIGNATURE_TYPE":"http"},"ingressSettings":"ALLOW_ALL","uri":"https://webhookcall-6ue3udhyaq-as.a.run.app","serviceAccountEmail":"211204916402-compute@developer.gserviceaccount.com","availableMemory":"256Mi","allTrafficOnLatestRevision":true,"revision":"webhookcall-00013-nil","maxInstanceRequestConcurrency":80,"availableCpu":"1"},"state":"ACTIVE","labels":{"deployment-tool":"cloudfunctions","firebase-functions-hash":"d949fbdd3354df20e5db571c3a33cc7933af4469"},"environment":"GEN_2","url":"https://asia-southeast1-reachthesoul-prod.cloudfunctions.net/webhookCall","satisfiesPzs":true,"satisfiesPzi":true},"stages":[{"name":"BUILD","message":"Reusing build","state":"COMPLETE","resource":"projects/211204916402/locations/asia-southeast1/builds/f81c2f97-1f49-4ca2-921b-f50e7cde9f0e"},{"name":"SERVICE","message":"Updating Cloud Run service","state":"COMPLETE","resource":"projects/reachthesoul-prod/locations/asia-southeast1/services/webhookcall","resourceUri":"https://console.cloud.google.com/run/detail/asia-southeast1/webhookcall?project=reachthesoul-prod","stateMessages":[{"severity":"INFO","type":"CloudRunServiceNewRevisionTrafficInfo","message":"A new revision will be deployed serving with 100% traffic."}]}],"sourceToken":"Cltwcm9qZWN0cy8yMTEyMDQ5MTY0MDIvbG9jYXRpb25zL2FzaWEtc291dGhlYXN0MS9idWlsZHMvZjgxYzJmOTctMWY0OS00Y2EyLTkyMWItZjUwZTdjZGU5ZjBlEocBYXNpYS1zb3V0aGVhc3QxLWRvY2tlci5wa2cuZGV2L3JlYWNodGhlc291bC1wcm9kL2djZi1hcnRpZmFjdHMvcmVhY2h0aGVzb3VsLS1wcm9kX19hc2lhLS1zb3V0aGVhc3QxX19jbGVhbnVwX2V4cGlyZWRfb3JnX2RhdGE6dmVyc2lvbl8xGLKJreaSBiJUcHJvamVjdHMvcmVhY2h0aGVzb3VsLXByb2QvbG9jYXRpb25zL2FzaWEtc291dGhlYXN0MS9mdW5jdGlvbnMvY2xlYW51cEV4cGlyZWRPcmdEYXRhKgwI8cfZ0AYQwPmpxAMyCG5vZGVqczIyOnoKI2djci5pby9nYWUtcnVudGltZXMvbm9kZWpzMjI6c3RhYmxlElNhc2lhLXNvdXRoZWFzdDEtZG9ja2VyLnBrZy5kZXYvc2VydmVybGVzcy1ydW50aW1lcy9nb29nbGUtMjItZnVsbC9ydW50aW1lcy9ub2RlanMyMkAB","operationType":"UPDATE_FUNCTION","buildName":"projects/211204916402/locations/asia-southeast1/builds/f81c2f97-1f49-4ca2-921b-f50e7cde9f0e"},"done":true,"response":{"@type":"type.googleapis.com/google.cloud.functions.v2.Function","name":"projects/reachthesoul-prod/locations/asia-southeast1/functions/webhookCall","buildConfig":{"build":"projects/211204916402/locations/asia-southeast1/builds/f81c2f97-1f49-4ca2-921b-f50e7cde9f0e","runtime":"nodejs22","entryPoint":"webhookCall","source":{"storageSource":{"bucket":"gcf-v2-sources-211204916402-asia-southeast1","object":"webhookCall/function-source.zip","generation":"1779852285016751"}},"environmentVariables":{"GOOGLE_NODE_RUN_SCRIPTS":""},"dockerRepository":"projects/reachthesoul-prod/locations/asia-southeast1/repositories/gcf-artifacts","sourceProvenance":{"resolvedStorageSource":{"bucket":"gcf-v2-sources-211204916402-asia-southeast1","object":"webhookCall/function-source.zip","generation":"1779852285016751"}},"dockerRegistry":"ARTIFACT_REGISTRY","serviceAccount":"projects/reachthesoul-prod/serviceAccounts/211204916402-compute@developer.gserviceaccount.com","automaticUpdatePolicy":{}},"serviceConfig":{"service":"projects/reachthesoul-prod/locations/asia-southeast1/services/webhookcall","timeoutSeconds":60,"environmentVariables":{"FIREBASE_CONFIG":"{\"projectId\":\"reachthesoul-prod\",\"storageBucket\":\"reachthesoul-prod.firebasestorage.app\"}","GCLOUD_PROJECT":"reachthesoul-prod","EVENTARC_CLOUD_EVENT_SOURCE":"projects/reachthesoul-prod/locations/asia-southeast1/services/webhookCall","FUNCTION_TARGET":"webhookCall","LOG_EXECUTION_ID":"true","FUNCTION_SIGNATURE_TYPE":"http"},"maxInstanceCount":20,"ingressSettings":"ALLOW_ALL","uri":"https://webhookcall-6ue3udhyaq-as.a.run.app","serviceAccountEmail":"211204916402-compute@developer.gserviceaccount.com","availableMemory":"256Mi","allTrafficOnLatestRevision":true,"revision":"webhookcall-00014-fic","maxInstanceRequestConcurrency":80,"availableCpu":"1"},"state":"ACTIVE","updateTime":"2026-05-27T03:24:45.120125280Z","labels":{"firebase-functions-hash":"d949fbdd3354df20e5db571c3a33cc7933af4469","deployment-tool":"cli-firebase"},"environment":"GEN_2","url":"https://asia-southeast1-reachthesoul-prod.cloudfunctions.net/webhookCall","satisfiesPzs":true,"createTime":"2026-05-08T07:20:56.876287755Z","satisfiesPzi":true}}
[debug] [2026-05-27T03:25:01.648Z] Got source token Cltwcm9qZWN0cy8yMTEyMDQ5MTY0MDIvbG9jYXRpb25zL2FzaWEtc291dGhlYXN0MS9idWlsZHMvZjgxYzJmOTctMWY0OS00Y2EyLTkyMWItZjUwZTdjZGU5ZjBlEocBYXNpYS1zb3V0aGVhc3QxLWRvY2tlci5wa2cuZGV2L3JlYWNodGhlc291bC1wcm9kL2djZi1hcnRpZmFjdHMvcmVhY2h0aGVzb3VsLS1wcm9kX19hc2lhLS1zb3V0aGVhc3QxX19jbGVhbnVwX2V4cGlyZWRfb3JnX2RhdGE6dmVyc2lvbl8xGLKJreaSBiJUcHJvamVjdHMvcmVhY2h0aGVzb3VsLXByb2QvbG9jYXRpb25zL2FzaWEtc291dGhlYXN0MS9mdW5jdGlvbnMvY2xlYW51cEV4cGlyZWRPcmdEYXRhKgwI8cfZ0AYQwPmpxAMyCG5vZGVqczIyOnoKI2djci5pby9nYWUtcnVudGltZXMvbm9kZWpzMjI6c3RhYmxlElNhc2lhLXNvdXRoZWFzdDEtZG9ja2VyLnBrZy5kZXYvc2VydmVybGVzcy1ydW50aW1lcy9nb29nbGUtMjItZnVsbC9ydW50aW1lcy9ub2RlanMyMkAB for region asia-southeast1
[info] +  functions[webhookCall(asia-southeast1)] Successful update operation. 
[debug] [2026-05-27T03:25:01.657Z] <<< [apiv2][status] GET https://cloudfunctions.googleapis.com/v2/projects/reachthesoul-prod/locations/asia-southeast1/operations/operation-1779852283402-652c4271ada63-e198a058-b4f55c72 200
[debug] [2026-05-27T03:25:01.658Z] <<< [apiv2][body] GET https://cloudfunctions.googleapis.com/v2/projects/reachthesoul-prod/locations/asia-southeast1/operations/operation-1779852283402-652c4271ada63-e198a058-b4f55c72 {"name":"projects/reachthesoul-prod/locations/asia-southeast1/operations/operation-1779852283402-652c4271ada63-e198a058-b4f55c72","metadata":{"@type":"type.googleapis.com/google.cloud.functions.v2.OperationMetadata","createTime":"2026-05-27T03:24:45.157976022Z","endTime":"2026-05-27T03:24:54.469921553Z","target":"projects/reachthesoul-prod/locations/asia-southeast1/functions/onMessageCreated","verb":"update","cancelRequested":false,"apiVersion":"v2","requestResource":{"@type":"type.googleapis.com/google.cloud.functions.v2.Function","name":"projects/reachthesoul-prod/locations/asia-southeast1/functions/onMessageCreated","buildConfig":{"runtime":"nodejs22","entryPoint":"onMessageCreated","source":{"storageSource":{"bucket":"gcf-v2-sources-211204916402-asia-southeast1","object":"onMessageCreated/function-source.zip","generation":"1779852285093934"}},"environmentVariables":{"GOOGLE_NODE_RUN_SCRIPTS":""},"dockerRepository":"projects/reachthesoul-prod/locations/asia-southeast1/repositories/gcf-artifacts","sourceProvenance":{"resolvedStorageSource":{"bucket":"gcf-v2-sources-211204916402-asia-southeast1","object":"onMessageCreated/function-source.zip","generation":"1778844507711445"}},"dockerRegistry":"ARTIFACT_REGISTRY","sourceToken":"Cltwcm9qZWN0cy8yMTEyMDQ5MTY0MDIvbG9jYXRpb25zL2FzaWEtc291dGhlYXN0MS9idWlsZHMvZjgxYzJmOTctMWY0OS00Y2EyLTkyMWItZjUwZTdjZGU5ZjBlEocBYXNpYS1zb3V0aGVhc3QxLWRvY2tlci5wa2cuZGV2L3JlYWNodGhlc291bC1wcm9kL2djZi1hcnRpZmFjdHMvcmVhY2h0aGVzb3VsLS1wcm9kX19hc2lhLS1zb3V0aGVhc3QxX19jbGVhbnVwX2V4cGlyZWRfb3JnX2RhdGE6dmVyc2lvbl8xGLKJreaSBiJUcHJvamVjdHMvcmVhY2h0aGVzb3VsLXByb2QvbG9jYXRpb25zL2FzaWEtc291dGhlYXN0MS9mdW5jdGlvbnMvY2xlYW51cEV4cGlyZWRPcmdEYXRhKgwI8cfZ0AYQwPmpxAMyCG5vZGVqczIyOnoKI2djci5pby9nYWUtcnVudGltZXMvbm9kZWpzMjI6c3RhYmxlElNhc2lhLXNvdXRoZWFzdDEtZG9ja2VyLnBrZy5kZXYvc2VydmVybGVzcy1ydW50aW1lcy9nb29nbGUtMjItZnVsbC9ydW50aW1lcy9ub2RlanMyMkAB","serviceAccount":"projects/reachthesoul-prod/serviceAccounts/211204916402-compute@developer.gserviceaccount.com","automaticUpdatePolicy":{}},"serviceConfig":{"service":"projects/reachthesoul-prod/locations/asia-southeast1/services/onmessagecreated","timeoutSeconds":60,"environmentVariables":{"FIREBASE_CONFIG":"{\"projectId\":\"reachthesoul-prod\",\"storageBucket\":\"reachthesoul-prod.firebasestorage.app\"}","GCLOUD_PROJECT":"reachthesoul-prod","EVENTARC_CLOUD_EVENT_SOURCE":"projects/reachthesoul-prod/locations/asia-southeast1/services/onMessageCreated","FUNCTION_SIGNATURE_TYPE":"cloudevent","FUNCTION_TARGET":"onMessageCreated","LOG_EXECUTION_ID":"true"},"ingressSettings":"ALLOW_ALL","uri":"https://onmessagecreated-6ue3udhyaq-as.a.run.app","serviceAccountEmail":"211204916402-compute@developer.gserviceaccount.com","availableMemory":"256Mi","allTrafficOnLatestRevision":true,"revision":"onmessagecreated-00013-haj","maxInstanceRequestConcurrency":80,"availableCpu":"1"},"eventTrigger":{"trigger":"projects/reachthesoul-prod/locations/asia-southeast1/triggers/onmessagecreated-809731","triggerRegion":"asia-southeast1","eventType":"google.cloud.firestore.document.v1.created","eventFilters":[{"attribute":"database","value":"(default)"},{"attribute":"namespace","value":"(default)"},{"attribute":"document","value":"tickets/{ticketId}/messages/{messageId}","operator":"match-path-pattern"}],"pubsubTopic":"projects/reachthesoul-prod/topics/eventarc-asia-southeast1-onmessagecreated-809731-464","serviceAccountEmail":"211204916402-compute@developer.gserviceaccount.com","retryPolicy":"RETRY_POLICY_DO_NOT_RETRY"},"state":"ACTIVE","labels":{"deployment-tool":"cli-firebase","firebase-functions-hash":"d949fbdd3354df20e5db571c3a33cc7933af4469"},"environment":"GEN_2","url":"https://asia-southeast1-reachthesoul-prod.cloudfunctions.net/onMessageCreated","satisfiesPzs":true,"satisfiesPzi":true},"stages":[{"name":"BUILD","message":"Reusing build","state":"COMPLETE","resource":"projects/211204916402/locations/asia-southeast1/builds/f81c2f97-1f49-4ca2-921b-f50e7cde9f0e"},{"name":"SERVICE","message":"Updating Cloud Run service","state":"COMPLETE","resource":"projects/reachthesoul-prod/locations/asia-southeast1/services/onmessagecreated","resourceUri":"https://console.cloud.google.com/run/detail/asia-southeast1/onmessagecreated?project=reachthesoul-prod","stateMessages":[{"severity":"INFO","type":"CloudRunServiceNewRevisionTrafficInfo","message":"A new revision will be deployed serving with 100% traffic."}]},{"name":"TRIGGER","state":"NOT_STARTED"}],"sourceToken":"Cltwcm9qZWN0cy8yMTEyMDQ5MTY0MDIvbG9jYXRpb25zL2FzaWEtc291dGhlYXN0MS9idWlsZHMvZjgxYzJmOTctMWY0OS00Y2EyLTkyMWItZjUwZTdjZGU5ZjBlEocBYXNpYS1zb3V0aGVhc3QxLWRvY2tlci5wa2cuZGV2L3JlYWNodGhlc291bC1wcm9kL2djZi1hcnRpZmFjdHMvcmVhY2h0aGVzb3VsLS1wcm9kX19hc2lhLS1zb3V0aGVhc3QxX19jbGVhbnVwX2V4cGlyZWRfb3JnX2RhdGE6dmVyc2lvbl8xGLKJreaSBiJUcHJvamVjdHMvcmVhY2h0aGVzb3VsLXByb2QvbG9jYXRpb25zL2FzaWEtc291dGhlYXN0MS9mdW5jdGlvbnMvY2xlYW51cEV4cGlyZWRPcmdEYXRhKgwI8cfZ0AYQwPmpxAMyCG5vZGVqczIyOnoKI2djci5pby9nYWUtcnVudGltZXMvbm9kZWpzMjI6c3RhYmxlElNhc2lhLXNvdXRoZWFzdDEtZG9ja2VyLnBrZy5kZXYvc2VydmVybGVzcy1ydW50aW1lcy9nb29nbGUtMjItZnVsbC9ydW50aW1lcy9ub2RlanMyMkAB","operationType":"UPDATE_FUNCTION","buildName":"projects/211204916402/locations/asia-southeast1/builds/f81c2f97-1f49-4ca2-921b-f50e7cde9f0e"},"done":true,"response":{"@type":"type.googleapis.com/google.cloud.functions.v2.Function","name":"projects/reachthesoul-prod/locations/asia-southeast1/functions/onMessageCreated","buildConfig":{"build":"projects/211204916402/locations/asia-southeast1/builds/f81c2f97-1f49-4ca2-921b-f50e7cde9f0e","runtime":"nodejs22","entryPoint":"onMessageCreated","source":{"storageSource":{"bucket":"gcf-v2-sources-211204916402-asia-southeast1","object":"onMessageCreated/function-source.zip","generation":"1779852285093934"}},"environmentVariables":{"GOOGLE_NODE_RUN_SCRIPTS":""},"dockerRepository":"projects/reachthesoul-prod/locations/asia-southeast1/repositories/gcf-artifacts","sourceProvenance":{"resolvedStorageSource":{"bucket":"gcf-v2-sources-211204916402-asia-southeast1","object":"onMessageCreated/function-source.zip","generation":"1779852285093934"}},"dockerRegistry":"ARTIFACT_REGISTRY","serviceAccount":"projects/reachthesoul-prod/serviceAccounts/211204916402-compute@developer.gserviceaccount.com","automaticUpdatePolicy":{}},"serviceConfig":{"service":"projects/reachthesoul-prod/locations/asia-southeast1/services/onmessagecreated","timeoutSeconds":60,"environmentVariables":{"FIREBASE_CONFIG":"{\"projectId\":\"reachthesoul-prod\",\"storageBucket\":\"reachthesoul-prod.firebasestorage.app\"}","GCLOUD_PROJECT":"reachthesoul-prod","EVENTARC_CLOUD_EVENT_SOURCE":"projects/reachthesoul-prod/locations/asia-southeast1/services/onMessageCreated","FUNCTION_SIGNATURE_TYPE":"cloudevent","FUNCTION_TARGET":"onMessageCreated","LOG_EXECUTION_ID":"true"},"maxInstanceCount":20,"ingressSettings":"ALLOW_ALL","uri":"https://onmessagecreated-6ue3udhyaq-as.a.run.app","serviceAccountEmail":"211204916402-compute@developer.gserviceaccount.com","availableMemory":"256Mi","allTrafficOnLatestRevision":true,"revision":"onmessagecreated-00014-vub","maxInstanceRequestConcurrency":80,"availableCpu":"1"},"eventTrigger":{"trigger":"projects/reachthesoul-prod/locations/asia-southeast1/triggers/onmessagecreated-809731","triggerRegion":"asia-southeast1","eventType":"google.cloud.firestore.document.v1.created","eventFilters":[{"attribute":"database","value":"(default)"},{"attribute":"namespace","value":"(default)"},{"attribute":"document","value":"tickets/{ticketId}/messages/{messageId}","operator":"match-path-pattern"}],"pubsubTopic":"projects/reachthesoul-prod/topics/eventarc-asia-southeast1-onmessagecreated-809731-464","serviceAccountEmail":"211204916402-compute@developer.gserviceaccount.com","retryPolicy":"RETRY_POLICY_DO_NOT_RETRY"},"state":"ACTIVE","updateTime":"2026-05-27T03:24:45.160487097Z","labels":{"deployment-tool":"cli-firebase","firebase-functions-hash":"d949fbdd3354df20e5db571c3a33cc7933af4469"},"environment":"GEN_2","url":"https://asia-southeast1-reachthesoul-prod.cloudfunctions.net/onMessageCreated","satisfiesPzs":true,"createTime":"2026-05-08T07:22:41.088302221Z","satisfiesPzi":true}}
[debug] [2026-05-27T03:25:01.658Z] Got source token Cltwcm9qZWN0cy8yMTEyMDQ5MTY0MDIvbG9jYXRpb25zL2FzaWEtc291dGhlYXN0MS9idWlsZHMvZjgxYzJmOTctMWY0OS00Y2EyLTkyMWItZjUwZTdjZGU5ZjBlEocBYXNpYS1zb3V0aGVhc3QxLWRvY2tlci5wa2cuZGV2L3JlYWNodGhlc291bC1wcm9kL2djZi1hcnRpZmFjdHMvcmVhY2h0aGVzb3VsLS1wcm9kX19hc2lhLS1zb3V0aGVhc3QxX19jbGVhbnVwX2V4cGlyZWRfb3JnX2RhdGE6dmVyc2lvbl8xGLKJreaSBiJUcHJvamVjdHMvcmVhY2h0aGVzb3VsLXByb2QvbG9jYXRpb25zL2FzaWEtc291dGhlYXN0MS9mdW5jdGlvbnMvY2xlYW51cEV4cGlyZWRPcmdEYXRhKgwI8cfZ0AYQwPmpxAMyCG5vZGVqczIyOnoKI2djci5pby9nYWUtcnVudGltZXMvbm9kZWpzMjI6c3RhYmxlElNhc2lhLXNvdXRoZWFzdDEtZG9ja2VyLnBrZy5kZXYvc2VydmVybGVzcy1ydW50aW1lcy9nb29nbGUtMjItZnVsbC9ydW50aW1lcy9ub2RlanMyMkAB for region asia-southeast1
[info] +  functions[onMessageCreated(asia-southeast1)] Successful update operation. 
[debug] [2026-05-27T03:25:01.659Z] <<< [apiv2][status] GET https://cloudfunctions.googleapis.com/v2/projects/reachthesoul-prod/locations/asia-southeast1/operations/operation-1779852283614-652c4271e14ee-6a9f6578-486858f8 200
[debug] [2026-05-27T03:25:01.660Z] <<< [apiv2][body] GET https://cloudfunctions.googleapis.com/v2/projects/reachthesoul-prod/locations/asia-southeast1/operations/operation-1779852283614-652c4271e14ee-6a9f6578-486858f8 {"name":"projects/reachthesoul-prod/locations/asia-southeast1/operations/operation-1779852283614-652c4271e14ee-6a9f6578-486858f8","metadata":{"@type":"type.googleapis.com/google.cloud.functions.v2.OperationMetadata","createTime":"2026-05-27T03:24:45.118406311Z","endTime":"2026-05-27T03:24:54.781718953Z","target":"projects/reachthesoul-prod/locations/asia-southeast1/functions/webhookFonnte","verb":"update","cancelRequested":false,"apiVersion":"v2","requestResource":{"@type":"type.googleapis.com/google.cloud.functions.v2.Function","name":"projects/reachthesoul-prod/locations/asia-southeast1/functions/webhookFonnte","buildConfig":{"runtime":"nodejs22","entryPoint":"webhookFonnte","source":{"storageSource":{"bucket":"gcf-v2-sources-211204916402-asia-southeast1","object":"webhookFonnte/function-source.zip","generation":"1779852285055049"}},"environmentVariables":{"GOOGLE_NODE_RUN_SCRIPTS":""},"dockerRepository":"projects/reachthesoul-prod/locations/asia-southeast1/repositories/gcf-artifacts","sourceProvenance":{"resolvedStorageSource":{"bucket":"gcf-v2-sources-211204916402-asia-southeast1","object":"webhookFonnte/function-source.zip","generation":"1778844573162688"}},"dockerRegistry":"ARTIFACT_REGISTRY","sourceToken":"Cltwcm9qZWN0cy8yMTEyMDQ5MTY0MDIvbG9jYXRpb25zL2FzaWEtc291dGhlYXN0MS9idWlsZHMvZjgxYzJmOTctMWY0OS00Y2EyLTkyMWItZjUwZTdjZGU5ZjBlEocBYXNpYS1zb3V0aGVhc3QxLWRvY2tlci5wa2cuZGV2L3JlYWNodGhlc291bC1wcm9kL2djZi1hcnRpZmFjdHMvcmVhY2h0aGVzb3VsLS1wcm9kX19hc2lhLS1zb3V0aGVhc3QxX19jbGVhbnVwX2V4cGlyZWRfb3JnX2RhdGE6dmVyc2lvbl8xGLKJreaSBiJUcHJvamVjdHMvcmVhY2h0aGVzb3VsLXByb2QvbG9jYXRpb25zL2FzaWEtc291dGhlYXN0MS9mdW5jdGlvbnMvY2xlYW51cEV4cGlyZWRPcmdEYXRhKgwI8cfZ0AYQwPmpxAMyCG5vZGVqczIyOnoKI2djci5pby9nYWUtcnVudGltZXMvbm9kZWpzMjI6c3RhYmxlElNhc2lhLXNvdXRoZWFzdDEtZG9ja2VyLnBrZy5kZXYvc2VydmVybGVzcy1ydW50aW1lcy9nb29nbGUtMjItZnVsbC9ydW50aW1lcy9ub2RlanMyMkAB","serviceAccount":"projects/reachthesoul-prod/serviceAccounts/211204916402-compute@developer.gserviceaccount.com","automaticUpdatePolicy":{}},"serviceConfig":{"service":"projects/reachthesoul-prod/locations/asia-southeast1/services/webhookfonnte","timeoutSeconds":60,"environmentVariables":{"FIREBASE_CONFIG":"{\"projectId\":\"reachthesoul-prod\",\"storageBucket\":\"reachthesoul-prod.firebasestorage.app\"}","GCLOUD_PROJECT":"reachthesoul-prod","EVENTARC_CLOUD_EVENT_SOURCE":"projects/reachthesoul-prod/locations/asia-southeast1/services/webhookFonnte","FUNCTION_TARGET":"webhookFonnte","LOG_EXECUTION_ID":"true","FUNCTION_SIGNATURE_TYPE":"http"},"ingressSettings":"ALLOW_ALL","uri":"https://webhookfonnte-6ue3udhyaq-as.a.run.app","serviceAccountEmail":"211204916402-compute@developer.gserviceaccount.com","availableMemory":"256Mi","allTrafficOnLatestRevision":true,"revision":"webhookfonnte-00013-xof","maxInstanceRequestConcurrency":80,"availableCpu":"1"},"state":"ACTIVE","labels":{"deployment-tool":"cloudfunctions","firebase-functions-hash":"d949fbdd3354df20e5db571c3a33cc7933af4469"},"environment":"GEN_2","url":"https://asia-southeast1-reachthesoul-prod.cloudfunctions.net/webhookFonnte","satisfiesPzs":true,"satisfiesPzi":true},"stages":[{"name":"BUILD","message":"Reusing build","state":"COMPLETE","resource":"projects/211204916402/locations/asia-southeast1/builds/f81c2f97-1f49-4ca2-921b-f50e7cde9f0e"},{"name":"SERVICE","message":"Updating Cloud Run service","state":"COMPLETE","resource":"projects/reachthesoul-prod/locations/asia-southeast1/services/webhookfonnte","resourceUri":"https://console.cloud.google.com/run/detail/asia-southeast1/webhookfonnte?project=reachthesoul-prod","stateMessages":[{"severity":"INFO","type":"CloudRunServiceNewRevisionTrafficInfo","message":"A new revision will be deployed serving with 100% traffic."}]}],"sourceToken":"Cltwcm9qZWN0cy8yMTEyMDQ5MTY0MDIvbG9jYXRpb25zL2FzaWEtc291dGhlYXN0MS9idWlsZHMvZjgxYzJmOTctMWY0OS00Y2EyLTkyMWItZjUwZTdjZGU5ZjBlEocBYXNpYS1zb3V0aGVhc3QxLWRvY2tlci5wa2cuZGV2L3JlYWNodGhlc291bC1wcm9kL2djZi1hcnRpZmFjdHMvcmVhY2h0aGVzb3VsLS1wcm9kX19hc2lhLS1zb3V0aGVhc3QxX19jbGVhbnVwX2V4cGlyZWRfb3JnX2RhdGE6dmVyc2lvbl8xGLKJreaSBiJUcHJvamVjdHMvcmVhY2h0aGVzb3VsLXByb2QvbG9jYXRpb25zL2FzaWEtc291dGhlYXN0MS9mdW5jdGlvbnMvY2xlYW51cEV4cGlyZWRPcmdEYXRhKgwI8cfZ0AYQwPmpxAMyCG5vZGVqczIyOnoKI2djci5pby9nYWUtcnVudGltZXMvbm9kZWpzMjI6c3RhYmxlElNhc2lhLXNvdXRoZWFzdDEtZG9ja2VyLnBrZy5kZXYvc2VydmVybGVzcy1ydW50aW1lcy9nb29nbGUtMjItZnVsbC9ydW50aW1lcy9ub2RlanMyMkAB","operationType":"UPDATE_FUNCTION","buildName":"projects/211204916402/locations/asia-southeast1/builds/f81c2f97-1f49-4ca2-921b-f50e7cde9f0e"},"done":true,"response":{"@type":"type.googleapis.com/google.cloud.functions.v2.Function","name":"projects/reachthesoul-prod/locations/asia-southeast1/functions/webhookFonnte","buildConfig":{"build":"projects/211204916402/locations/asia-southeast1/builds/f81c2f97-1f49-4ca2-921b-f50e7cde9f0e","runtime":"nodejs22","entryPoint":"webhookFonnte","source":{"storageSource":{"bucket":"gcf-v2-sources-211204916402-asia-southeast1","object":"webhookFonnte/function-source.zip","generation":"1779852285055049"}},"environmentVariables":{"GOOGLE_NODE_RUN_SCRIPTS":""},"dockerRepository":"projects/reachthesoul-prod/locations/asia-southeast1/repositories/gcf-artifacts","sourceProvenance":{"resolvedStorageSource":{"bucket":"gcf-v2-sources-211204916402-asia-southeast1","object":"webhookFonnte/function-source.zip","generation":"1779852285055049"}},"dockerRegistry":"ARTIFACT_REGISTRY","serviceAccount":"projects/reachthesoul-prod/serviceAccounts/211204916402-compute@developer.gserviceaccount.com","automaticUpdatePolicy":{}},"serviceConfig":{"service":"projects/reachthesoul-prod/locations/asia-southeast1/services/webhookfonnte","timeoutSeconds":60,"environmentVariables":{"FIREBASE_CONFIG":"{\"projectId\":\"reachthesoul-prod\",\"storageBucket\":\"reachthesoul-prod.firebasestorage.app\"}","GCLOUD_PROJECT":"reachthesoul-prod","EVENTARC_CLOUD_EVENT_SOURCE":"projects/reachthesoul-prod/locations/asia-southeast1/services/webhookFonnte","FUNCTION_TARGET":"webhookFonnte","LOG_EXECUTION_ID":"true","FUNCTION_SIGNATURE_TYPE":"http"},"maxInstanceCount":20,"ingressSettings":"ALLOW_ALL","uri":"https://webhookfonnte-6ue3udhyaq-as.a.run.app","serviceAccountEmail":"211204916402-compute@developer.gserviceaccount.com","availableMemory":"256Mi","allTrafficOnLatestRevision":true,"revision":"webhookfonnte-00014-cus","maxInstanceRequestConcurrency":80,"availableCpu":"1"},"state":"ACTIVE","updateTime":"2026-05-27T03:24:45.120860458Z","labels":{"deployment-tool":"cli-firebase","firebase-functions-hash":"d949fbdd3354df20e5db571c3a33cc7933af4469"},"environment":"GEN_2","url":"https://asia-southeast1-reachthesoul-prod.cloudfunctions.net/webhookFonnte","satisfiesPzs":true,"createTime":"2026-05-08T07:20:56.756998156Z","satisfiesPzi":true}}
[debug] [2026-05-27T03:25:01.660Z] Got source token Cltwcm9qZWN0cy8yMTEyMDQ5MTY0MDIvbG9jYXRpb25zL2FzaWEtc291dGhlYXN0MS9idWlsZHMvZjgxYzJmOTctMWY0OS00Y2EyLTkyMWItZjUwZTdjZGU5ZjBlEocBYXNpYS1zb3V0aGVhc3QxLWRvY2tlci5wa2cuZGV2L3JlYWNodGhlc291bC1wcm9kL2djZi1hcnRpZmFjdHMvcmVhY2h0aGVzb3VsLS1wcm9kX19hc2lhLS1zb3V0aGVhc3QxX19jbGVhbnVwX2V4cGlyZWRfb3JnX2RhdGE6dmVyc2lvbl8xGLKJreaSBiJUcHJvamVjdHMvcmVhY2h0aGVzb3VsLXByb2QvbG9jYXRpb25zL2FzaWEtc291dGhlYXN0MS9mdW5jdGlvbnMvY2xlYW51cEV4cGlyZWRPcmdEYXRhKgwI8cfZ0AYQwPmpxAMyCG5vZGVqczIyOnoKI2djci5pby9nYWUtcnVudGltZXMvbm9kZWpzMjI6c3RhYmxlElNhc2lhLXNvdXRoZWFzdDEtZG9ja2VyLnBrZy5kZXYvc2VydmVybGVzcy1ydW50aW1lcy9nb29nbGUtMjItZnVsbC9ydW50aW1lcy9ub2RlanMyMkAB for region asia-southeast1
[info] +  functions[webhookFonnte(asia-southeast1)] Successful update operation. 
[debug] [2026-05-27T03:25:01.668Z] <<< [apiv2][status] GET https://cloudfunctions.googleapis.com/v2/projects/reachthesoul-prod/locations/asia-southeast1/operations/operation-1779852283617-652c4271e21f5-6c3e1923-e234db55 200
[debug] [2026-05-27T03:25:01.668Z] <<< [apiv2][body] GET https://cloudfunctions.googleapis.com/v2/projects/reachthesoul-prod/locations/asia-southeast1/operations/operation-1779852283617-652c4271e21f5-6c3e1923-e234db55 {"name":"projects/reachthesoul-prod/locations/asia-southeast1/operations/operation-1779852283617-652c4271e21f5-6c3e1923-e234db55","metadata":{"@type":"type.googleapis.com/google.cloud.functions.v2.OperationMetadata","createTime":"2026-05-27T03:24:45.114022977Z","endTime":"2026-05-27T03:24:53.591003447Z","target":"projects/reachthesoul-prod/locations/asia-southeast1/functions/webhookInstagram","verb":"update","cancelRequested":false,"apiVersion":"v2","requestResource":{"@type":"type.googleapis.com/google.cloud.functions.v2.Function","name":"projects/reachthesoul-prod/locations/asia-southeast1/functions/webhookInstagram","buildConfig":{"runtime":"nodejs22","entryPoint":"webhookInstagram","source":{"storageSource":{"bucket":"gcf-v2-sources-211204916402-asia-southeast1","object":"webhookInstagram/function-source.zip","generation":"1779852285022737"}},"environmentVariables":{"GOOGLE_NODE_RUN_SCRIPTS":""},"dockerRepository":"projects/reachthesoul-prod/locations/asia-southeast1/repositories/gcf-artifacts","sourceProvenance":{"resolvedStorageSource":{"bucket":"gcf-v2-sources-211204916402-asia-southeast1","object":"webhookInstagram/function-source.zip","generation":"1778844573176425"}},"dockerRegistry":"ARTIFACT_REGISTRY","sourceToken":"Cltwcm9qZWN0cy8yMTEyMDQ5MTY0MDIvbG9jYXRpb25zL2FzaWEtc291dGhlYXN0MS9idWlsZHMvZjgxYzJmOTctMWY0OS00Y2EyLTkyMWItZjUwZTdjZGU5ZjBlEocBYXNpYS1zb3V0aGVhc3QxLWRvY2tlci5wa2cuZGV2L3JlYWNodGhlc291bC1wcm9kL2djZi1hcnRpZmFjdHMvcmVhY2h0aGVzb3VsLS1wcm9kX19hc2lhLS1zb3V0aGVhc3QxX19jbGVhbnVwX2V4cGlyZWRfb3JnX2RhdGE6dmVyc2lvbl8xGLKJreaSBiJUcHJvamVjdHMvcmVhY2h0aGVzb3VsLXByb2QvbG9jYXRpb25zL2FzaWEtc291dGhlYXN0MS9mdW5jdGlvbnMvY2xlYW51cEV4cGlyZWRPcmdEYXRhKgwI8cfZ0AYQwPmpxAMyCG5vZGVqczIyOnoKI2djci5pby9nYWUtcnVudGltZXMvbm9kZWpzMjI6c3RhYmxlElNhc2lhLXNvdXRoZWFzdDEtZG9ja2VyLnBrZy5kZXYvc2VydmVybGVzcy1ydW50aW1lcy9nb29nbGUtMjItZnVsbC9ydW50aW1lcy9ub2RlanMyMkAB","serviceAccount":"projects/reachthesoul-prod/serviceAccounts/211204916402-compute@developer.gserviceaccount.com","automaticUpdatePolicy":{}},"serviceConfig":{"service":"projects/reachthesoul-prod/locations/asia-southeast1/services/webhookinstagram","timeoutSeconds":60,"environmentVariables":{"FIREBASE_CONFIG":"{\"projectId\":\"reachthesoul-prod\",\"storageBucket\":\"reachthesoul-prod.firebasestorage.app\"}","GCLOUD_PROJECT":"reachthesoul-prod","EVENTARC_CLOUD_EVENT_SOURCE":"projects/reachthesoul-prod/locations/asia-southeast1/services/webhookInstagram","FUNCTION_TARGET":"webhookInstagram","LOG_EXECUTION_ID":"true","FUNCTION_SIGNATURE_TYPE":"http"},"ingressSettings":"ALLOW_ALL","uri":"https://webhookinstagram-6ue3udhyaq-as.a.run.app","serviceAccountEmail":"211204916402-compute@developer.gserviceaccount.com","availableMemory":"256Mi","allTrafficOnLatestRevision":true,"revision":"webhookinstagram-00013-sim","maxInstanceRequestConcurrency":80,"availableCpu":"1"},"state":"ACTIVE","labels":{"deployment-tool":"cloudfunctions","firebase-functions-hash":"d949fbdd3354df20e5db571c3a33cc7933af4469"},"environment":"GEN_2","url":"https://asia-southeast1-reachthesoul-prod.cloudfunctions.net/webhookInstagram","satisfiesPzs":true,"satisfiesPzi":true},"stages":[{"name":"BUILD","message":"Reusing build","state":"COMPLETE","resource":"projects/211204916402/locations/asia-southeast1/builds/f81c2f97-1f49-4ca2-921b-f50e7cde9f0e"},{"name":"SERVICE","message":"Updating Cloud Run service","state":"COMPLETE","resource":"projects/reachthesoul-prod/locations/asia-southeast1/services/webhookinstagram","resourceUri":"https://console.cloud.google.com/run/detail/asia-southeast1/webhookinstagram?project=reachthesoul-prod","stateMessages":[{"severity":"INFO","type":"CloudRunServiceNewRevisionTrafficInfo","message":"A new revision will be deployed serving with 100% traffic."}]}],"sourceToken":"Cltwcm9qZWN0cy8yMTEyMDQ5MTY0MDIvbG9jYXRpb25zL2FzaWEtc291dGhlYXN0MS9idWlsZHMvZjgxYzJmOTctMWY0OS00Y2EyLTkyMWItZjUwZTdjZGU5ZjBlEocBYXNpYS1zb3V0aGVhc3QxLWRvY2tlci5wa2cuZGV2L3JlYWNodGhlc291bC1wcm9kL2djZi1hcnRpZmFjdHMvcmVhY2h0aGVzb3VsLS1wcm9kX19hc2lhLS1zb3V0aGVhc3QxX19jbGVhbnVwX2V4cGlyZWRfb3JnX2RhdGE6dmVyc2lvbl8xGLKJreaSBiJUcHJvamVjdHMvcmVhY2h0aGVzb3VsLXByb2QvbG9jYXRpb25zL2FzaWEtc291dGhlYXN0MS9mdW5jdGlvbnMvY2xlYW51cEV4cGlyZWRPcmdEYXRhKgwI8cfZ0AYQwPmpxAMyCG5vZGVqczIyOnoKI2djci5pby9nYWUtcnVudGltZXMvbm9kZWpzMjI6c3RhYmxlElNhc2lhLXNvdXRoZWFzdDEtZG9ja2VyLnBrZy5kZXYvc2VydmVybGVzcy1ydW50aW1lcy9nb29nbGUtMjItZnVsbC9ydW50aW1lcy9ub2RlanMyMkAB","operationType":"UPDATE_FUNCTION","buildName":"projects/211204916402/locations/asia-southeast1/builds/f81c2f97-1f49-4ca2-921b-f50e7cde9f0e"},"done":true,"response":{"@type":"type.googleapis.com/google.cloud.functions.v2.Function","name":"projects/reachthesoul-prod/locations/asia-southeast1/functions/webhookInstagram","buildConfig":{"build":"projects/211204916402/locations/asia-southeast1/builds/f81c2f97-1f49-4ca2-921b-f50e7cde9f0e","runtime":"nodejs22","entryPoint":"webhookInstagram","source":{"storageSource":{"bucket":"gcf-v2-sources-211204916402-asia-southeast1","object":"webhookInstagram/function-source.zip","generation":"1779852285022737"}},"environmentVariables":{"GOOGLE_NODE_RUN_SCRIPTS":""},"dockerRepository":"projects/reachthesoul-prod/locations/asia-southeast1/repositories/gcf-artifacts","sourceProvenance":{"resolvedStorageSource":{"bucket":"gcf-v2-sources-211204916402-asia-southeast1","object":"webhookInstagram/function-source.zip","generation":"1779852285022737"}},"dockerRegistry":"ARTIFACT_REGISTRY","serviceAccount":"projects/reachthesoul-prod/serviceAccounts/211204916402-compute@developer.gserviceaccount.com","automaticUpdatePolicy":{}},"serviceConfig":{"service":"projects/reachthesoul-prod/locations/asia-southeast1/services/webhookinstagram","timeoutSeconds":60,"environmentVariables":{"FIREBASE_CONFIG":"{\"projectId\":\"reachthesoul-prod\",\"storageBucket\":\"reachthesoul-prod.firebasestorage.app\"}","GCLOUD_PROJECT":"reachthesoul-prod","EVENTARC_CLOUD_EVENT_SOURCE":"projects/reachthesoul-prod/locations/asia-southeast1/services/webhookInstagram","FUNCTION_TARGET":"webhookInstagram","LOG_EXECUTION_ID":"true","FUNCTION_SIGNATURE_TYPE":"http"},"maxInstanceCount":20,"ingressSettings":"ALLOW_ALL","uri":"https://webhookinstagram-6ue3udhyaq-as.a.run.app","serviceAccountEmail":"211204916402-compute@developer.gserviceaccount.com","availableMemory":"256Mi","allTrafficOnLatestRevision":true,"revision":"webhookinstagram-00014-ceb","maxInstanceRequestConcurrency":80,"availableCpu":"1"},"state":"ACTIVE","updateTime":"2026-05-27T03:24:45.116626672Z","labels":{"firebase-functions-hash":"d949fbdd3354df20e5db571c3a33cc7933af4469","deployment-tool":"cli-firebase"},"environment":"GEN_2","url":"https://asia-southeast1-reachthesoul-prod.cloudfunctions.net/webhookInstagram","satisfiesPzs":true,"createTime":"2026-05-08T07:20:56.780846490Z","satisfiesPzi":true}}
[debug] [2026-05-27T03:25:01.669Z] Got source token Cltwcm9qZWN0cy8yMTEyMDQ5MTY0MDIvbG9jYXRpb25zL2FzaWEtc291dGhlYXN0MS9idWlsZHMvZjgxYzJmOTctMWY0OS00Y2EyLTkyMWItZjUwZTdjZGU5ZjBlEocBYXNpYS1zb3V0aGVhc3QxLWRvY2tlci5wa2cuZGV2L3JlYWNodGhlc291bC1wcm9kL2djZi1hcnRpZmFjdHMvcmVhY2h0aGVzb3VsLS1wcm9kX19hc2lhLS1zb3V0aGVhc3QxX19jbGVhbnVwX2V4cGlyZWRfb3JnX2RhdGE6dmVyc2lvbl8xGLKJreaSBiJUcHJvamVjdHMvcmVhY2h0aGVzb3VsLXByb2QvbG9jYXRpb25zL2FzaWEtc291dGhlYXN0MS9mdW5jdGlvbnMvY2xlYW51cEV4cGlyZWRPcmdEYXRhKgwI8cfZ0AYQwPmpxAMyCG5vZGVqczIyOnoKI2djci5pby9nYWUtcnVudGltZXMvbm9kZWpzMjI6c3RhYmxlElNhc2lhLXNvdXRoZWFzdDEtZG9ja2VyLnBrZy5kZXYvc2VydmVybGVzcy1ydW50aW1lcy9nb29nbGUtMjItZnVsbC9ydW50aW1lcy9ub2RlanMyMkAB for region asia-southeast1
[info] +  functions[webhookInstagram(asia-southeast1)] Successful update operation. 
[debug] [2026-05-27T03:25:02.081Z] [update-default-asia-southeast1-webhookWhatsapp] Retrying task index 0
[debug] [2026-05-27T03:25:02.081Z] Checked if tokens are valid: true, expires at: 1779854270104
[debug] [2026-05-27T03:25:02.081Z] Checked if tokens are valid: true, expires at: 1779854270104
[debug] [2026-05-27T03:25:02.082Z] >>> [apiv2][query] GET https://cloudfunctions.googleapis.com/v2/projects/reachthesoul-prod/locations/asia-southeast1/operations/operation-1779852283618-652c4271e2620-f0261711-d174e61f [none]
[debug] [2026-05-27T03:25:02.159Z] <<< [apiv2][status] GET https://cloudfunctions.googleapis.com/v2/projects/reachthesoul-prod/locations/asia-southeast1/operations/operation-1779852283618-652c4271e2620-f0261711-d174e61f 200
[debug] [2026-05-27T03:25:02.160Z] <<< [apiv2][body] GET https://cloudfunctions.googleapis.com/v2/projects/reachthesoul-prod/locations/asia-southeast1/operations/operation-1779852283618-652c4271e2620-f0261711-d174e61f {"name":"projects/reachthesoul-prod/locations/asia-southeast1/operations/operation-1779852283618-652c4271e2620-f0261711-d174e61f","metadata":{"@type":"type.googleapis.com/google.cloud.functions.v2.OperationMetadata","createTime":"2026-05-27T03:24:45.781606461Z","endTime":"2026-05-27T03:24:54.131658356Z","target":"projects/reachthesoul-prod/locations/asia-southeast1/functions/webhookWhatsapp","verb":"update","cancelRequested":false,"apiVersion":"v2","requestResource":{"@type":"type.googleapis.com/google.cloud.functions.v2.Function","name":"projects/reachthesoul-prod/locations/asia-southeast1/functions/webhookWhatsapp","buildConfig":{"runtime":"nodejs22","entryPoint":"webhookWhatsapp","source":{"storageSource":{"bucket":"gcf-v2-sources-211204916402-asia-southeast1","object":"webhookWhatsapp/function-source.zip","generation":"1779852285717655"}},"environmentVariables":{"GOOGLE_NODE_RUN_SCRIPTS":""},"dockerRepository":"projects/reachthesoul-prod/locations/asia-southeast1/repositories/gcf-artifacts","sourceProvenance":{"resolvedStorageSource":{"bucket":"gcf-v2-sources-211204916402-asia-southeast1","object":"webhookWhatsapp/function-source.zip","generation":"1778844573025903"}},"dockerRegistry":"ARTIFACT_REGISTRY","sourceToken":"Cltwcm9qZWN0cy8yMTEyMDQ5MTY0MDIvbG9jYXRpb25zL2FzaWEtc291dGhlYXN0MS9idWlsZHMvZjgxYzJmOTctMWY0OS00Y2EyLTkyMWItZjUwZTdjZGU5ZjBlEocBYXNpYS1zb3V0aGVhc3QxLWRvY2tlci5wa2cuZGV2L3JlYWNodGhlc291bC1wcm9kL2djZi1hcnRpZmFjdHMvcmVhY2h0aGVzb3VsLS1wcm9kX19hc2lhLS1zb3V0aGVhc3QxX19jbGVhbnVwX2V4cGlyZWRfb3JnX2RhdGE6dmVyc2lvbl8xGLKJreaSBiJUcHJvamVjdHMvcmVhY2h0aGVzb3VsLXByb2QvbG9jYXRpb25zL2FzaWEtc291dGhlYXN0MS9mdW5jdGlvbnMvY2xlYW51cEV4cGlyZWRPcmdEYXRhKgwI8cfZ0AYQwPmpxAMyCG5vZGVqczIyOnoKI2djci5pby9nYWUtcnVudGltZXMvbm9kZWpzMjI6c3RhYmxlElNhc2lhLXNvdXRoZWFzdDEtZG9ja2VyLnBrZy5kZXYvc2VydmVybGVzcy1ydW50aW1lcy9nb29nbGUtMjItZnVsbC9ydW50aW1lcy9ub2RlanMyMkAB","serviceAccount":"projects/reachthesoul-prod/serviceAccounts/211204916402-compute@developer.gserviceaccount.com","automaticUpdatePolicy":{}},"serviceConfig":{"service":"projects/reachthesoul-prod/locations/asia-southeast1/services/webhookwhatsapp","timeoutSeconds":60,"environmentVariables":{"FIREBASE_CONFIG":"{\"projectId\":\"reachthesoul-prod\",\"storageBucket\":\"reachthesoul-prod.firebasestorage.app\"}","GCLOUD_PROJECT":"reachthesoul-prod","EVENTARC_CLOUD_EVENT_SOURCE":"projects/reachthesoul-prod/locations/asia-southeast1/services/webhookWhatsapp","FUNCTION_TARGET":"webhookWhatsapp","LOG_EXECUTION_ID":"true","FUNCTION_SIGNATURE_TYPE":"http"},"ingressSettings":"ALLOW_ALL","uri":"https://webhookwhatsapp-6ue3udhyaq-as.a.run.app","serviceAccountEmail":"211204916402-compute@developer.gserviceaccount.com","availableMemory":"256Mi","allTrafficOnLatestRevision":true,"revision":"webhookwhatsapp-00013-qoj","maxInstanceRequestConcurrency":80,"availableCpu":"1"},"state":"ACTIVE","labels":{"deployment-tool":"cli-firebase","firebase-functions-hash":"d949fbdd3354df20e5db571c3a33cc7933af4469"},"environment":"GEN_2","url":"https://asia-southeast1-reachthesoul-prod.cloudfunctions.net/webhookWhatsapp","satisfiesPzs":true,"satisfiesPzi":true},"stages":[{"name":"BUILD","message":"Reusing build","state":"COMPLETE","resource":"projects/211204916402/locations/asia-southeast1/builds/f81c2f97-1f49-4ca2-921b-f50e7cde9f0e"},{"name":"SERVICE","message":"Updating Cloud Run service","state":"COMPLETE","resource":"projects/reachthesoul-prod/locations/asia-southeast1/services/webhookwhatsapp","resourceUri":"https://console.cloud.google.com/run/detail/asia-southeast1/webhookwhatsapp?project=reachthesoul-prod","stateMessages":[{"severity":"INFO","type":"CloudRunServiceNewRevisionTrafficInfo","message":"A new revision will be deployed serving with 100% traffic."}]}],"sourceToken":"Cltwcm9qZWN0cy8yMTEyMDQ5MTY0MDIvbG9jYXRpb25zL2FzaWEtc291dGhlYXN0MS9idWlsZHMvZjgxYzJmOTctMWY0OS00Y2EyLTkyMWItZjUwZTdjZGU5ZjBlEocBYXNpYS1zb3V0aGVhc3QxLWRvY2tlci5wa2cuZGV2L3JlYWNodGhlc291bC1wcm9kL2djZi1hcnRpZmFjdHMvcmVhY2h0aGVzb3VsLS1wcm9kX19hc2lhLS1zb3V0aGVhc3QxX19jbGVhbnVwX2V4cGlyZWRfb3JnX2RhdGE6dmVyc2lvbl8xGLKJreaSBiJUcHJvamVjdHMvcmVhY2h0aGVzb3VsLXByb2QvbG9jYXRpb25zL2FzaWEtc291dGhlYXN0MS9mdW5jdGlvbnMvY2xlYW51cEV4cGlyZWRPcmdEYXRhKgwI8cfZ0AYQwPmpxAMyCG5vZGVqczIyOnoKI2djci5pby9nYWUtcnVudGltZXMvbm9kZWpzMjI6c3RhYmxlElNhc2lhLXNvdXRoZWFzdDEtZG9ja2VyLnBrZy5kZXYvc2VydmVybGVzcy1ydW50aW1lcy9nb29nbGUtMjItZnVsbC9ydW50aW1lcy9ub2RlanMyMkAB","operationType":"UPDATE_FUNCTION","buildName":"projects/211204916402/locations/asia-southeast1/builds/f81c2f97-1f49-4ca2-921b-f50e7cde9f0e"},"done":true,"response":{"@type":"type.googleapis.com/google.cloud.functions.v2.Function","name":"projects/reachthesoul-prod/locations/asia-southeast1/functions/webhookWhatsapp","buildConfig":{"build":"projects/211204916402/locations/asia-southeast1/builds/f81c2f97-1f49-4ca2-921b-f50e7cde9f0e","runtime":"nodejs22","entryPoint":"webhookWhatsapp","source":{"storageSource":{"bucket":"gcf-v2-sources-211204916402-asia-southeast1","object":"webhookWhatsapp/function-source.zip","generation":"1779852285717655"}},"environmentVariables":{"GOOGLE_NODE_RUN_SCRIPTS":""},"dockerRepository":"projects/reachthesoul-prod/locations/asia-southeast1/repositories/gcf-artifacts","sourceProvenance":{"resolvedStorageSource":{"bucket":"gcf-v2-sources-211204916402-asia-southeast1","object":"webhookWhatsapp/function-source.zip","generation":"1779852285717655"}},"dockerRegistry":"ARTIFACT_REGISTRY","serviceAccount":"projects/reachthesoul-prod/serviceAccounts/211204916402-compute@developer.gserviceaccount.com","automaticUpdatePolicy":{}},"serviceConfig":{"service":"projects/reachthesoul-prod/locations/asia-southeast1/services/webhookwhatsapp","timeoutSeconds":60,"environmentVariables":{"FIREBASE_CONFIG":"{\"projectId\":\"reachthesoul-prod\",\"storageBucket\":\"reachthesoul-prod.firebasestorage.app\"}","GCLOUD_PROJECT":"reachthesoul-prod","EVENTARC_CLOUD_EVENT_SOURCE":"projects/reachthesoul-prod/locations/asia-southeast1/services/webhookWhatsapp","FUNCTION_TARGET":"webhookWhatsapp","LOG_EXECUTION_ID":"true","FUNCTION_SIGNATURE_TYPE":"http"},"maxInstanceCount":20,"ingressSettings":"ALLOW_ALL","uri":"https://webhookwhatsapp-6ue3udhyaq-as.a.run.app","serviceAccountEmail":"211204916402-compute@developer.gserviceaccount.com","availableMemory":"256Mi","allTrafficOnLatestRevision":true,"revision":"webhookwhatsapp-00014-luc","maxInstanceRequestConcurrency":80,"availableCpu":"1"},"state":"ACTIVE","updateTime":"2026-05-27T03:24:45.784869225Z","labels":{"firebase-functions-hash":"d949fbdd3354df20e5db571c3a33cc7933af4469","deployment-tool":"cli-firebase"},"environment":"GEN_2","url":"https://asia-southeast1-reachthesoul-prod.cloudfunctions.net/webhookWhatsapp","satisfiesPzs":true,"createTime":"2026-05-08T07:20:56.657950071Z","satisfiesPzi":true}}
[debug] [2026-05-27T03:25:02.160Z] Got source token Cltwcm9qZWN0cy8yMTEyMDQ5MTY0MDIvbG9jYXRpb25zL2FzaWEtc291dGhlYXN0MS9idWlsZHMvZjgxYzJmOTctMWY0OS00Y2EyLTkyMWItZjUwZTdjZGU5ZjBlEocBYXNpYS1zb3V0aGVhc3QxLWRvY2tlci5wa2cuZGV2L3JlYWNodGhlc291bC1wcm9kL2djZi1hcnRpZmFjdHMvcmVhY2h0aGVzb3VsLS1wcm9kX19hc2lhLS1zb3V0aGVhc3QxX19jbGVhbnVwX2V4cGlyZWRfb3JnX2RhdGE6dmVyc2lvbl8xGLKJreaSBiJUcHJvamVjdHMvcmVhY2h0aGVzb3VsLXByb2QvbG9jYXRpb25zL2FzaWEtc291dGhlYXN0MS9mdW5jdGlvbnMvY2xlYW51cEV4cGlyZWRPcmdEYXRhKgwI8cfZ0AYQwPmpxAMyCG5vZGVqczIyOnoKI2djci5pby9nYWUtcnVudGltZXMvbm9kZWpzMjI6c3RhYmxlElNhc2lhLXNvdXRoZWFzdDEtZG9ja2VyLnBrZy5kZXYvc2VydmVybGVzcy1ydW50aW1lcy9nb29nbGUtMjItZnVsbC9ydW50aW1lcy9ub2RlanMyMkAB for region asia-southeast1
[info] +  functions[webhookWhatsapp(asia-southeast1)] Successful update operation. 
[debug] [2026-05-27T03:25:03.067Z] [update-default-asia-southeast1-onRespondentMessage] Retrying task index 0
[debug] [2026-05-27T03:25:03.067Z] Checked if tokens are valid: true, expires at: 1779854270104
[debug] [2026-05-27T03:25:03.067Z] Checked if tokens are valid: true, expires at: 1779854270104
[debug] [2026-05-27T03:25:03.067Z] >>> [apiv2][query] GET https://cloudfunctions.googleapis.com/v2/projects/reachthesoul-prod/locations/asia-southeast1/operations/operation-1779852283617-652c4271e2144-b873c98f-877cf05a [none]
[debug] [2026-05-27T03:25:03.172Z] <<< [apiv2][status] GET https://cloudfunctions.googleapis.com/v2/projects/reachthesoul-prod/locations/asia-southeast1/operations/operation-1779852283617-652c4271e2144-b873c98f-877cf05a 200
[debug] [2026-05-27T03:25:03.172Z] <<< [apiv2][body] GET https://cloudfunctions.googleapis.com/v2/projects/reachthesoul-prod/locations/asia-southeast1/operations/operation-1779852283617-652c4271e2144-b873c98f-877cf05a {"name":"projects/reachthesoul-prod/locations/asia-southeast1/operations/operation-1779852283617-652c4271e2144-b873c98f-877cf05a","metadata":{"@type":"type.googleapis.com/google.cloud.functions.v2.OperationMetadata","createTime":"2026-05-27T03:24:46.482638726Z","endTime":"2026-05-27T03:24:53.599839777Z","target":"projects/reachthesoul-prod/locations/asia-southeast1/functions/onRespondentMessage","verb":"update","cancelRequested":false,"apiVersion":"v2","requestResource":{"@type":"type.googleapis.com/google.cloud.functions.v2.Function","name":"projects/reachthesoul-prod/locations/asia-southeast1/functions/onRespondentMessage","buildConfig":{"runtime":"nodejs22","entryPoint":"onRespondentMessage","source":{"storageSource":{"bucket":"gcf-v2-sources-211204916402-asia-southeast1","object":"onRespondentMessage/function-source.zip","generation":"1779852286411827"}},"environmentVariables":{"GOOGLE_NODE_RUN_SCRIPTS":""},"dockerRepository":"projects/reachthesoul-prod/locations/asia-southeast1/repositories/gcf-artifacts","sourceProvenance":{"resolvedStorageSource":{"bucket":"gcf-v2-sources-211204916402-asia-southeast1","object":"onRespondentMessage/function-source.zip","generation":"1778844573772210"}},"dockerRegistry":"ARTIFACT_REGISTRY","sourceToken":"Cltwcm9qZWN0cy8yMTEyMDQ5MTY0MDIvbG9jYXRpb25zL2FzaWEtc291dGhlYXN0MS9idWlsZHMvZjgxYzJmOTctMWY0OS00Y2EyLTkyMWItZjUwZTdjZGU5ZjBlEocBYXNpYS1zb3V0aGVhc3QxLWRvY2tlci5wa2cuZGV2L3JlYWNodGhlc291bC1wcm9kL2djZi1hcnRpZmFjdHMvcmVhY2h0aGVzb3VsLS1wcm9kX19hc2lhLS1zb3V0aGVhc3QxX19jbGVhbnVwX2V4cGlyZWRfb3JnX2RhdGE6dmVyc2lvbl8xGLKJreaSBiJUcHJvamVjdHMvcmVhY2h0aGVzb3VsLXByb2QvbG9jYXRpb25zL2FzaWEtc291dGhlYXN0MS9mdW5jdGlvbnMvY2xlYW51cEV4cGlyZWRPcmdEYXRhKgwI8cfZ0AYQwPmpxAMyCG5vZGVqczIyOnoKI2djci5pby9nYWUtcnVudGltZXMvbm9kZWpzMjI6c3RhYmxlElNhc2lhLXNvdXRoZWFzdDEtZG9ja2VyLnBrZy5kZXYvc2VydmVybGVzcy1ydW50aW1lcy9nb29nbGUtMjItZnVsbC9ydW50aW1lcy9ub2RlanMyMkAB","serviceAccount":"projects/reachthesoul-prod/serviceAccounts/211204916402-compute@developer.gserviceaccount.com","automaticUpdatePolicy":{}},"serviceConfig":{"service":"projects/reachthesoul-prod/locations/asia-southeast1/services/onrespondentmessage","timeoutSeconds":60,"environmentVariables":{"FIREBASE_CONFIG":"{\"projectId\":\"reachthesoul-prod\",\"storageBucket\":\"reachthesoul-prod.firebasestorage.app\"}","GCLOUD_PROJECT":"reachthesoul-prod","EVENTARC_CLOUD_EVENT_SOURCE":"projects/reachthesoul-prod/locations/asia-southeast1/services/onRespondentMessage","FUNCTION_SIGNATURE_TYPE":"cloudevent","FUNCTION_TARGET":"onRespondentMessage","LOG_EXECUTION_ID":"true"},"ingressSettings":"ALLOW_ALL","uri":"https://onrespondentmessage-6ue3udhyaq-as.a.run.app","serviceAccountEmail":"211204916402-compute@developer.gserviceaccount.com","availableMemory":"256Mi","allTrafficOnLatestRevision":true,"revision":"onrespondentmessage-00013-rab","maxInstanceRequestConcurrency":80,"availableCpu":"1"},"eventTrigger":{"trigger":"projects/reachthesoul-prod/locations/asia-southeast1/triggers/onrespondentmessage-242121","triggerRegion":"asia-southeast1","eventType":"google.cloud.firestore.document.v1.created","eventFilters":[{"attribute":"database","value":"(default)"},{"attribute":"namespace","value":"(default)"},{"attribute":"document","value":"tickets/{ticketId}/messages/{messageId}","operator":"match-path-pattern"}],"pubsubTopic":"projects/reachthesoul-prod/topics/eventarc-asia-southeast1-onrespondentmessage-242121-914","serviceAccountEmail":"211204916402-compute@developer.gserviceaccount.com","retryPolicy":"RETRY_POLICY_DO_NOT_RETRY"},"state":"ACTIVE","labels":{"deployment-tool":"cli-firebase","firebase-functions-hash":"d949fbdd3354df20e5db571c3a33cc7933af4469"},"environment":"GEN_2","url":"https://asia-southeast1-reachthesoul-prod.cloudfunctions.net/onRespondentMessage","satisfiesPzs":true,"satisfiesPzi":true},"stages":[{"name":"BUILD","message":"Reusing build","state":"COMPLETE","resource":"projects/211204916402/locations/asia-southeast1/builds/f81c2f97-1f49-4ca2-921b-f50e7cde9f0e"},{"name":"SERVICE","message":"Updating Cloud Run service","state":"COMPLETE","resource":"projects/reachthesoul-prod/locations/asia-southeast1/services/onrespondentmessage","resourceUri":"https://console.cloud.google.com/run/detail/asia-southeast1/onrespondentmessage?project=reachthesoul-prod","stateMessages":[{"severity":"INFO","type":"CloudRunServiceNewRevisionTrafficInfo","message":"A new revision will be deployed serving with 100% traffic."}]},{"name":"TRIGGER","state":"NOT_STARTED"}],"sourceToken":"Cltwcm9qZWN0cy8yMTEyMDQ5MTY0MDIvbG9jYXRpb25zL2FzaWEtc291dGhlYXN0MS9idWlsZHMvZjgxYzJmOTctMWY0OS00Y2EyLTkyMWItZjUwZTdjZGU5ZjBlEocBYXNpYS1zb3V0aGVhc3QxLWRvY2tlci5wa2cuZGV2L3JlYWNodGhlc291bC1wcm9kL2djZi1hcnRpZmFjdHMvcmVhY2h0aGVzb3VsLS1wcm9kX19hc2lhLS1zb3V0aGVhc3QxX19jbGVhbnVwX2V4cGlyZWRfb3JnX2RhdGE6dmVyc2lvbl8xGLKJreaSBiJUcHJvamVjdHMvcmVhY2h0aGVzb3VsLXByb2QvbG9jYXRpb25zL2FzaWEtc291dGhlYXN0MS9mdW5jdGlvbnMvY2xlYW51cEV4cGlyZWRPcmdEYXRhKgwI8cfZ0AYQwPmpxAMyCG5vZGVqczIyOnoKI2djci5pby9nYWUtcnVudGltZXMvbm9kZWpzMjI6c3RhYmxlElNhc2lhLXNvdXRoZWFzdDEtZG9ja2VyLnBrZy5kZXYvc2VydmVybGVzcy1ydW50aW1lcy9nb29nbGUtMjItZnVsbC9ydW50aW1lcy9ub2RlanMyMkAB","operationType":"UPDATE_FUNCTION","buildName":"projects/211204916402/locations/asia-southeast1/builds/f81c2f97-1f49-4ca2-921b-f50e7cde9f0e"},"done":true,"response":{"@type":"type.googleapis.com/google.cloud.functions.v2.Function","name":"projects/reachthesoul-prod/locations/asia-southeast1/functions/onRespondentMessage","buildConfig":{"build":"projects/211204916402/locations/asia-southeast1/builds/f81c2f97-1f49-4ca2-921b-f50e7cde9f0e","runtime":"nodejs22","entryPoint":"onRespondentMessage","source":{"storageSource":{"bucket":"gcf-v2-sources-211204916402-asia-southeast1","object":"onRespondentMessage/function-source.zip","generation":"1779852286411827"}},"environmentVariables":{"GOOGLE_NODE_RUN_SCRIPTS":""},"dockerRepository":"projects/reachthesoul-prod/locations/asia-southeast1/repositories/gcf-artifacts","sourceProvenance":{"resolvedStorageSource":{"bucket":"gcf-v2-sources-211204916402-asia-southeast1","object":"onRespondentMessage/function-source.zip","generation":"1779852286411827"}},"dockerRegistry":"ARTIFACT_REGISTRY","serviceAccount":"projects/reachthesoul-prod/serviceAccounts/211204916402-compute@developer.gserviceaccount.com","automaticUpdatePolicy":{}},"serviceConfig":{"service":"projects/reachthesoul-prod/locations/asia-southeast1/services/onrespondentmessage","timeoutSeconds":60,"environmentVariables":{"FIREBASE_CONFIG":"{\"projectId\":\"reachthesoul-prod\",\"storageBucket\":\"reachthesoul-prod.firebasestorage.app\"}","GCLOUD_PROJECT":"reachthesoul-prod","EVENTARC_CLOUD_EVENT_SOURCE":"projects/reachthesoul-prod/locations/asia-southeast1/services/onRespondentMessage","FUNCTION_SIGNATURE_TYPE":"cloudevent","FUNCTION_TARGET":"onRespondentMessage","LOG_EXECUTION_ID":"true"},"maxInstanceCount":20,"ingressSettings":"ALLOW_ALL","uri":"https://onrespondentmessage-6ue3udhyaq-as.a.run.app","serviceAccountEmail":"211204916402-compute@developer.gserviceaccount.com","availableMemory":"256Mi","allTrafficOnLatestRevision":true,"revision":"onrespondentmessage-00014-jix","maxInstanceRequestConcurrency":80,"availableCpu":"1"},"eventTrigger":{"trigger":"projects/reachthesoul-prod/locations/asia-southeast1/triggers/onrespondentmessage-242121","triggerRegion":"asia-southeast1","eventType":"google.cloud.firestore.document.v1.created","eventFilters":[{"attribute":"database","value":"(default)"},{"attribute":"namespace","value":"(default)"},{"attribute":"document","value":"tickets/{ticketId}/messages/{messageId}","operator":"match-path-pattern"}],"pubsubTopic":"projects/reachthesoul-prod/topics/eventarc-asia-southeast1-onrespondentmessage-242121-914","serviceAccountEmail":"211204916402-compute@developer.gserviceaccount.com","retryPolicy":"RETRY_POLICY_DO_NOT_RETRY"},"state":"ACTIVE","updateTime":"2026-05-27T03:24:46.486172931Z","labels":{"firebase-functions-hash":"d949fbdd3354df20e5db571c3a33cc7933af4469","deployment-tool":"cli-firebase"},"environment":"GEN_2","url":"https://asia-southeast1-reachthesoul-prod.cloudfunctions.net/onRespondentMessage","satisfiesPzs":true,"createTime":"2026-05-08T07:23:39.075354939Z","satisfiesPzi":true}}
[debug] [2026-05-27T03:25:03.172Z] Got source token Cltwcm9qZWN0cy8yMTEyMDQ5MTY0MDIvbG9jYXRpb25zL2FzaWEtc291dGhlYXN0MS9idWlsZHMvZjgxYzJmOTctMWY0OS00Y2EyLTkyMWItZjUwZTdjZGU5ZjBlEocBYXNpYS1zb3V0aGVhc3QxLWRvY2tlci5wa2cuZGV2L3JlYWNodGhlc291bC1wcm9kL2djZi1hcnRpZmFjdHMvcmVhY2h0aGVzb3VsLS1wcm9kX19hc2lhLS1zb3V0aGVhc3QxX19jbGVhbnVwX2V4cGlyZWRfb3JnX2RhdGE6dmVyc2lvbl8xGLKJreaSBiJUcHJvamVjdHMvcmVhY2h0aGVzb3VsLXByb2QvbG9jYXRpb25zL2FzaWEtc291dGhlYXN0MS9mdW5jdGlvbnMvY2xlYW51cEV4cGlyZWRPcmdEYXRhKgwI8cfZ0AYQwPmpxAMyCG5vZGVqczIyOnoKI2djci5pby9nYWUtcnVudGltZXMvbm9kZWpzMjI6c3RhYmxlElNhc2lhLXNvdXRoZWFzdDEtZG9ja2VyLnBrZy5kZXYvc2VydmVybGVzcy1ydW50aW1lcy9nb29nbGUtMjItZnVsbC9ydW50aW1lcy9ub2RlanMyMkAB for region asia-southeast1
[info] +  functions[onRespondentMessage(asia-southeast1)] Successful update operation. 
[debug] [2026-05-27T03:25:03.177Z] Total Function Deployment time: 89710
[debug] [2026-05-27T03:25:03.178Z] 8 Functions Deployed
[debug] [2026-05-27T03:25:03.178Z] 0 Functions Errored
[debug] [2026-05-27T03:25:03.178Z] 0 Function Deployments Aborted
[debug] [2026-05-27T03:25:03.178Z] Average Function Deployment time: 86711.375
[info] Function URL (webhookWhatsapp(asia-southeast1)): https://webhookwhatsapp-6ue3udhyaq-as.a.run.app
[info] Function URL (webhookFonnte(asia-southeast1)): https://webhookfonnte-6ue3udhyaq-as.a.run.app
[info] Function URL (webhookInstagram(asia-southeast1)): https://webhookinstagram-6ue3udhyaq-as.a.run.app
[info] Function URL (webhookFacebook(asia-southeast1)): https://webhookfacebook-6ue3udhyaq-as.a.run.app
[info] Function URL (webhookCall(asia-southeast1)): https://webhookcall-6ue3udhyaq-as.a.run.app
[debug] [2026-05-27T03:25:03.181Z] Checked if tokens are valid: true, expires at: 1779854270104
[debug] [2026-05-27T03:25:03.181Z] Checked if tokens are valid: true, expires at: 1779854270104
[debug] [2026-05-27T03:25:03.181Z] >>> [apiv2][query] GET https://artifactregistry.googleapis.com/v1/projects/reachthesoul-prod/locations/asia-southeast1/repositories/gcf-artifacts [none]
[debug] [2026-05-27T03:25:03.503Z] <<< [apiv2][status] GET https://artifactregistry.googleapis.com/v1/projects/reachthesoul-prod/locations/asia-southeast1/repositories/gcf-artifacts 200
